{"type":"FeatureCollection", "features": [
{"type":"Feature","geometry":{"type":"MultiPolygon","coordinates":[[[[-58.2,-32.447],[-58.169,-31.846],[-58.039,-31.509],[-57.799,-30.791],[-57.809,-30.747],[-57.85,-30.485],[-57.642,-30.193],[-57.611,-30.187],[-57.617,-30.185],[-57.612,-30.183],[-57.325,-29.981],[-56.416,-29.051],[-55.623,-28.144],[-55.314,-27.915],[-55.026,-27.84],[-54.898,-27.624],[-53.842,-27.164],[-53.711,-26.874],[-53.662,-26.26],[-53.91,-25.629],[-54.107,-25.501],[-54.461,-25.642],[-54.6,-25.575],[-54.665,-26.239],[-54.793,-26.645],[-55.138,-26.954],[-55.431,-26.996],[-55.755,-27.444],[-55.966,-27.332],[-56.28,-27.39],[-56.368,-27.581],[-56.638,-27.453],[-57.31,-27.429],[-58.022,-27.26],[-58.604,-27.316],[-58.653,-27.156],[-58.351,-26.886],[-58.248,-26.758],[-58.17,-26.27],[-57.82,-25.85],[-57.598,-25.403],[-57.672,-25.29],[-57.89,-25.079],[-58.809,-24.777],[-59.341,-24.488],[-60.034,-24.007],[-60.328,-24.018],[-60.788,-23.873],[-61.11,-23.607],[-61.492,-23.413],[-61.956,-23.034],[-62.341,-22.472],[-62.65,-22.234],[-62.804,-22.004],[-63.948,-22.008],[-64.251,-22.541],[-64.344,-22.864],[-64.587,-22.213],[-65.19,-22.098],[-65.745,-22.114],[-66.24,-21.792],[-66.377,-22.127],[-66.736,-22.225],[-66.785,-22.428],[-67.033,-22.525],[-67.194,-22.822],[-67.014,-23.001],[-67.251,-23.733],[-67.362,-24.03],[-68.244,-24.385],[-68.572,-24.77],[-68.379,-25.137],[-68.496,-25.16],[-68.554,-25.291],[-68.606,-25.437],[-68.42,-26.179],[-68.575,-26.304],[-68.57,-26.551],[-68.32,-26.87],[-68.33,-27.045],[-68.801,-27.113],[-69.134,-27.772],[-69.42,-28.213],[-69.654,-28.401],[-69.804,-29.099],[-70.043,-29.363],[-69.929,-29.718],[-69.903,-30.313],[-70.173,-30.365],[-70.319,-30.801],[-70.268,-31.024],[-70.48,-31.097],[-70.591,-31.55],[-70.331,-32.21],[-70.256,-32.314],[-70.106,-33.053],[-70.01,-33.299],[-69.788,-33.379],[-69.895,-33.662],[-69.833,-34.243],[-70.048,-34.283],[-70.372,-35.027],[-70.543,-35.209],[-70.357,-35.815],[-70.431,-36.129],[-70.719,-36.415],[-71.028,-36.481],[-71.195,-36.839],[-71.089,-37.103],[-71.206,-37.293],[-71.185,-37.706],[-71.016,-38.144],[-70.874,-38.691],[-71.416,-38.935],[-71.52,-39.615],[-71.641,-39.6],[-71.621,-39.895],[-71.824,-40.21],[-71.678,-40.34],[-71.861,-40.559],[-71.867,-41.01],[-71.926,-41.623],[-71.769,-42],[-72.125,-42.263],[-72.149,-42.999],[-71.743,-43.19],[-71.937,-43.457],[-71.724,-43.595],[-71.745,-44.045],[-71.822,-44.403],[-71.21,-44.428],[-71.336,-44.802],[-72.048,-44.755],[-72.074,-44.902],[-71.589,-44.978],[-71.312,-45.299],[-71.765,-45.572],[-71.649,-45.999],[-71.763,-46.245],[-71.687,-46.69],[-71.934,-46.8],[-71.863,-47.169],[-72.171,-47.408],[-72.544,-47.915],[-72.295,-48.333],[-72.577,-48.452],[-72.592,-48.791],[-73.01,-48.99],[-73.17,-49.251],[-73.098,-49.273],[-73.06,-49.555],[-73.465,-49.76],[-73.531,-50.141],[-73.323,-50.268],[-73.178,-50.749],[-72.778,-50.62],[-72.303,-50.649],[-72.258,-51.231],[-72.45,-51.553],[-71.918,-51.99],[-69.953,-52.007],[-68.454,-52.3],[-68.449,-52.347],[-68.366,-52.306],[-68.685,-52.005],[-68.936,-51.646],[-69.168,-50.978],[-69.077,-50.56],[-68.876,-50.331],[-67.833,-49.955],[-67.557,-49.016],[-67.114,-48.674],[-66.341,-48.353],[-65.968,-48.047],[-65.736,-47.51],[-65.745,-47.204],[-65.98,-47.066],[-66.786,-47.007],[-67.423,-46.567],[-67.582,-46],[-67.332,-45.613],[-66.869,-45.236],[-66.2,-44.993],[-65.603,-45.028],[-65.686,-44.713],[-65.217,-44.366],[-65.334,-43.673],[-64.765,-43.147],[-64.433,-42.976],[-64.997,-42.785],[-64.946,-42.654],[-64.438,-42.507],[-64.108,-42.884],[-63.62,-42.751],[-63.59,-42.341],[-63.81,-42.07],[-64.297,-42.258],[-64.128,-42.433],[-64.602,-42.422],[-64.491,-42.249],[-64.857,-42.194],[-65.055,-42.011],[-64.993,-41.553],[-65.175,-41.01],[-64.89,-40.706],[-64.735,-40.83],[-63.779,-41.159],[-63.1,-41.155],[-62.802,-41.042],[-62.338,-40.873],[-62.229,-40.659],[-62.49,-40.308],[-62.305,-39.811],[-62.114,-39.821],[-62.024,-39.365],[-62.257,-39.256],[-62.39,-38.815],[-61.518,-39.011],[-60.866,-38.976],[-59.063,-38.694],[-58.156,-38.43],[-57.594,-38.153],[-57.512,-37.872],[-57.056,-37.413],[-56.665,-36.851],[-56.698,-36.396],[-57.248,-36.17],[-57.353,-35.728],[-57.145,-35.484],[-57.522,-35.013],[-58.315,-34.657],[-58.474,-34.522],[-58.57,-34.288],[-58.379,-34.188],[-58.447,-34.007],[-58.549,-33.683],[-58.383,-33.075],[-58.147,-33.05],[-58.2,-32.447]]],[[[-68.642,-54.783],[-67.031,-54.905],[-66.541,-55.051],[-65.332,-54.914],[-65.156,-54.641],[-65.844,-54.647],[-66.482,-54.466],[-66.767,-54.25],[-67.298,-54.054],[-67.984,-53.601],[-68.111,-53.344],[-68.451,-53.298],[-68.286,-52.944],[-68.628,-52.64],[-68.642,-54.783]]]]},"properties":{"name":"Argentina","country_code":"AR"}},
{"type":"Feature","geometry":{"type":"Polygon","coordinates":[[[-58.2,-32.447],[-58.191,-32.492],[-58.048,-32.912],[-58.174,-33.11],[-58.367,-33.154],[-58.392,-33.424],[-58.416,-33.876],[-57.855,-34.471],[-57.167,-34.448],[-56.795,-34.698],[-56.365,-34.794],[-56.038,-34.886],[-55.792,-34.774],[-55.374,-34.803],[-54.939,-34.97],[-54.531,-34.807],[-54.146,-34.668],[-53.765,-34.39],[-53.379,-33.741],[-53.54,-33.649],[-53.521,-33.125],[-53.183,-32.8],[-53.111,-32.722],[-53.649,-32.339],[-53.772,-32.047],[-54.135,-31.909],[-54.467,-31.664],[-54.592,-31.471],[-55.26,-31.229],[-55.592,-30.848],[-56.01,-31.082],[-56.017,-31.074],[-56.011,-30.798],[-56.831,-30.102],[-57.077,-30.106],[-57.213,-30.287],[-57.603,-30.191],[-57.611,-30.187],[-57.642,-30.193],[-57.85,-30.485],[-57.809,-30.747],[-57.799,-30.791],[-58.039,-31.509],[-58.169,-31.846],[-58.2,-32.447]]]},"properties":{"name":"Uruguay","country_code":"UY"}},
{"type":"Feature","geometry":{"type":"MultiPolygon","coordinates":[[[[117.567,4.16],[117.217,4.353],[116.712,4.367],[116.391,4.295],[115.844,4.389],[115.639,4.146],[115.538,3.898],[115.601,3.441],[115.464,3.031],[115.242,3.042],[115.067,2.828],[115.206,2.51],[114.779,2.247],[114.832,1.903],[114.501,1.436],[114.207,1.439],[113.91,1.442],[113.65,1.233],[113.089,1.431],[113.023,1.537],[112.47,1.568],[112.18,1.449],[112.1,1.155],[111.823,1.008],[111.198,1.075],[110.554,0.851],[110.263,0.994],[110.17,1.174],[109.843,1.403],[109.528,1.89],[109.645,2.083],[109.341,1.936],[109.096,1.561],[108.855,0.832],[108.921,0.34],[109.3,0.01],[109.046,-0.246],[109.123,-0.5],[109.344,-0.584],[109.273,-0.854],[109.489,-0.852],[109.923,-1.104],[110.069,-1.433],[109.904,-1.826],[110.075,-1.922],[110.221,-2.533],[110.263,-3.003],[110.508,-2.875],[110.662,-3.081],[110.959,-2.886],[110.754,-3.026],[111.061,-3.061],[111.296,-2.936],[111.584,-3.009],[111.737,-2.813],[111.833,-3.062],[111.822,-3.545],[112.303,-3.314],[112.618,-3.424],[113.021,-3.163],[113.035,-2.923],[113.351,-3.272],[113.62,-3.185],[113.632,-3.457],[114.042,-3.356],[114.311,-3.434],[114.611,-3.684],[114.625,-4.171],[115.968,-3.609],[116.393,-2.574],[116.573,-2.363],[116.605,-2.194],[116.289,-2.169],[116.463,-2.02],[116.38,-1.765],[116.539,-1.481],[117.024,-1.203],[117.282,-0.809],[117.615,-0.786],[117.596,-0.423],[117.441,-0.525],[117.53,-0.032],[117.47,0.109],[117.811,0.812],[118.069,0.929],[118.798,0.805],[119.003,0.962],[118.729,1.254],[117.863,1.886],[118.091,2.262],[117.826,2.607],[117.617,3.086],[117.353,3.183],[117.447,3.435],[117.091,3.646],[117.749,3.637],[117.777,3.799],[117.373,4.17],[117.567,4.16]]],[[[124.451,-9.18],[124.258,-9.501],[124.03,-9.342],[123.689,-9.611],[123.576,-10.014],[123.749,-10.098],[123.469,-10.356],[123.826,-10.364],[124.122,-10.173],[124.418,-10.164],[124.971,-9.662],[125.062,-9.486],[124.954,-9.242],[125.153,-9.171],[124.92,-8.962],[124.451,-9.18]]],[[[120.792,-9.961],[120.478,-9.641],[119.946,-9.288],[119.169,-9.386],[118.942,-9.57],[119.037,-9.676],[119.477,-9.749],[119.976,-9.992],[120.156,-10.221],[120.45,-10.31],[120.827,-10.091],[120.792,-9.961]]],[[[119.559,-8.518],[119.415,-8.443],[119.377,-8.722],[119.559,-8.518]]],[[[123.026,-8.289],[122.951,-8.203],[122.288,-8.634],[122.008,-8.428],[121.51,-8.602],[120.976,-8.337],[120.213,-8.293],[119.804,-8.597],[119.92,-8.871],[120.131,-8.771],[120.594,-8.796],[120.923,-8.926],[121.341,-8.918],[121.396,-8.794],[121.794,-8.884],[122.115,-8.732],[122.408,-8.741],[122.807,-8.611],[122.804,-8.438],[123.026,-8.289]]],[[[123.39,-10.591],[123.386,-10.433],[123.049,-10.711],[122.813,-10.778],[122.842,-10.921],[123.209,-10.813],[123.39,-10.591]]],[[[123.928,-8.227],[123.798,-8.18],[123.37,-8.317],[123.227,-8.526],[123.543,-8.569],[123.928,-8.227]]],[[[124.308,-8.22],[124.019,-8.43],[124.165,-8.528],[124.308,-8.22]]],[[[125.134,-8.217],[125.093,-8.162],[124.451,-8.149],[124.418,-8.465],[125.123,-8.352],[125.134,-8.217]]],[[[109.76,-1.104],[109.452,-1.004],[109.479,-1.299],[109.76,-1.104]]],[[[140.974,-2.601],[140.166,-2.325],[139.865,-2.372],[138.803,-1.921],[138.665,-1.789],[137.794,-1.484],[137.143,-1.787],[137.226,-2.074],[136.759,-2.249],[136.404,-2.22],[136.266,-2.56],[135.965,-2.776],[135.91,-2.986],[135.47,-3.363],[134.985,-3.33],[134.819,-3.136],[134.851,-2.9],[134.67,-2.838],[134.556,-2.465],[134.464,-2.862],[134.193,-2.379],[134.087,-1.683],[134.282,-1.35],[134.036,-0.958],[134.172,-0.864],[133.977,-0.723],[133.392,-0.723],[133.155,-0.532],[132.709,-0.36],[132.437,-0.347],[132.1,-0.47],[131.884,-0.682],[131.243,-0.819],[131.254,-1.08],[130.96,-1.446],[131.206,-1.524],[131.811,-1.52],[132.073,-2.105],[132.348,-2.27],[132.56,-2.186],[132.699,-2.305],[133.296,-2.204],[133.792,-2.26],[133.987,-2.406],[133.817,-2.649],[133.411,-2.567],[133.312,-2.443],[133.034,-2.479],[132.737,-2.81],[132.202,-2.676],[131.978,-2.915],[132.326,-2.947],[132.692,-3.338],[132.812,-3.282],[132.932,-3.554],[132.731,-3.682],[132.969,-4.112],[133.269,-4.052],[133.586,-3.567],[133.668,-3.122],[133.708,-3.61],[133.959,-3.838],[134.315,-4.02],[134.334,-3.869],[134.873,-4.255],[135.228,-4.461],[135.43,-4.43],[135.97,-4.52],[136.822,-4.928],[137.219,-5.013],[138.075,-5.42],[138.071,-5.729],[138.271,-5.887],[138.466,-6.402],[138.931,-6.843],[138.572,-6.942],[138.762,-7.114],[139.175,-7.237],[138.688,-7.193],[139.093,-7.56],[138.994,-7.865],[138.911,-7.923],[138.921,-8.08],[138.839,-8.138],[138.914,-8.292],[139.224,-8.074],[139.357,-8.199],[139.932,-8.109],[140.977,-9.106],[140.977,-6.897],[140.849,-6.703],[140.977,-6.335],[140.977,-4.988],[140.974,-2.601]]],[[[138.897,-8.337],[138.689,-8.181],[138.558,-8.367],[138.897,-8.337]]],[[[138.939,-7.542],[138.805,-7.374],[138.244,-7.456],[138.028,-7.61],[137.759,-8.073],[137.638,-8.426],[138.444,-8.379],[138.661,-8.169],[138.904,-8.076],[138.884,-7.933],[139.076,-7.576],[138.939,-7.542]]],[[[136.848,-1.765],[136.191,-1.654],[135.422,-1.611],[136.273,-1.909],[136.872,-1.819],[136.848,-1.765]]],[[[136.376,-1.094],[136.196,-1.067],[135.847,-0.696],[135.37,-0.636],[135.661,-0.887],[135.741,-0.819],[135.906,-1.189],[136.143,-1.223],[136.376,-1.094]]],[[[111.673,-6.734],[111.157,-6.692],[110.925,-6.404],[110.671,-6.5],[110.472,-6.946],[109.896,-6.918],[109.532,-6.835],[108.895,-6.814],[108.605,-6.762],[108.36,-6.246],[108.094,-6.327],[107.811,-6.189],[107.47,-6.145],[107.354,-5.976],[107.044,-5.914],[106.988,-6.079],[106.731,-6.059],[106.053,-5.881],[105.888,-6.071],[105.824,-6.435],[105.454,-6.809],[105.96,-6.818],[106.405,-6.991],[106.541,-7.055],[106.381,-7.247],[106.523,-7.411],[107.411,-7.496],[107.687,-7.662],[108.327,-7.817],[108.799,-7.665],[109.369,-7.713],[110.043,-7.889],[110.477,-8.112],[110.844,-8.201],[110.944,-8.226],[111.673,-8.368],[111.792,-8.257],[112.342,-8.333],[112.673,-8.447],[113.198,-8.277],[113.98,-8.62],[114.303,-8.612],[114.597,-8.776],[114.359,-8.409],[114.467,-7.831],[114.016,-7.618],[113.804,-7.722],[113.299,-7.789],[112.761,-7.531],[112.604,-6.905],[112.068,-6.894],[111.673,-6.734]]],[[[114.046,-6.915],[113.924,-6.865],[112.842,-6.909],[112.726,-7.159],[113.549,-7.234],[114.125,-6.982],[114.046,-6.915]]],[[[128.091,-8.131],[127.774,-8.103],[128.042,-8.255],[128.091,-8.131]]],[[[129.841,-7.878],[129.594,-7.924],[129.776,-8.055],[129.841,-7.878]]],[[[126.837,-7.726],[126.627,-7.56],[126.328,-7.696],[125.948,-7.678],[125.812,-8.008],[126.075,-7.884],[126.466,-7.967],[126.837,-7.726]]],[[[131.699,-7.227],[131.529,-7.17],[131.255,-7.472],[131.086,-7.872],[131.317,-8.018],[131.643,-7.599],[131.699,-7.227]]],[[[134.484,-6.576],[134.136,-6.177],[134.055,-6.775],[134.185,-6.919],[134.484,-6.576]]],[[[134.758,-6.158],[134.626,-5.933],[134.758,-5.671],[134.491,-5.448],[134.288,-5.924],[134.334,-6.221],[134.608,-6.37],[134.758,-6.158]]],[[[133.184,-5.31],[133.11,-5.311],[132.841,-5.985],[133.113,-5.596],[133.184,-5.31]]],[[[128.331,-3.512],[128.035,-3.589],[127.986,-3.772],[128.335,-3.627],[128.331,-3.512]]],[[[127.241,-3.471],[127.094,-3.201],[126.84,-3.074],[126.421,-3.07],[125.992,-3.248],[126.174,-3.603],[126.742,-3.859],[127.243,-3.606],[127.241,-3.471]]],[[[130.873,-3.574],[130.667,-3.404],[130.578,-3.123],[130.345,-2.978],[130.047,-2.992],[129.444,-2.785],[129.122,-2.958],[128.865,-2.862],[128.175,-2.857],[128.104,-3.067],[127.842,-3.173],[127.926,-3.553],[128.136,-3.075],[128.484,-3.462],[128.678,-3.432],[128.877,-3.203],[128.961,-3.356],[129.486,-3.463],[129.545,-3.298],[129.89,-3.333],[129.983,-3.46],[130.842,-3.865],[130.873,-3.574]]],[[[116.633,-8.275],[116.376,-8.202],[116.028,-8.445],[116.06,-8.714],[115.829,-8.792],[116.002,-8.899],[116.565,-8.896],[116.5,-8.803],[116.743,-8.392],[116.633,-8.275]]],[[[119.204,-8.611],[119.042,-8.63],[118.988,-8.309],[118.444,-8.258],[118.304,-8.368],[118.115,-8.114],[117.895,-8.09],[117.706,-8.23],[118.282,-8.642],[117.805,-8.72],[117.558,-8.405],[117.195,-8.358],[116.838,-8.508],[116.763,-9.016],[117.01,-9.107],[117.738,-8.91],[118.158,-8.868],[118.394,-8.675],[118.465,-8.865],[118.898,-8.688],[119.138,-8.746],[119.204,-8.611]]],[[[121.086,-2.91],[121.067,-3.194],[120.894,-3.539],[121.354,-3.968],[121.628,-4.087],[121.485,-4.656],[121.704,-4.835],[121.992,-4.856],[122.108,-4.52],[122.599,-4.397],[122.842,-4.438],[122.907,-4.196],[122.675,-4.123],[122.667,-3.919],[122.201,-3.557],[122.339,-3.238],[122.465,-3.177],[122.313,-2.927],[122.016,-2.694],[121.823,-2.287],[121.575,-2.163],[121.312,-1.783],[121.692,-1.908],[121.799,-1.718],[122.369,-1.493],[122.812,-0.924],[123.061,-0.881],[123.311,-1.051],[123.454,-0.758],[123.24,-0.57],[122.735,-0.648],[122.96,-0.731],[122.208,-0.765],[122.105,-0.926],[121.501,-0.859],[121.073,-1.421],[120.676,-1.395],[120.412,-0.905],[120.244,-0.888],[120.089,-0.657],[119.996,-0.209],[120.128,0.181],[120.375,0.478],[120.68,0.531],[120.892,0.423],[121.333,0.462],[121.528,0.537],[121.8,0.426],[122.324,0.497],[123.074,0.516],[123.239,0.325],[123.458,0.312],[124.322,0.399],[124.664,0.806],[124.899,0.973],[125.249,1.485],[125.034,1.733],[124.85,1.49],[124.548,1.36],[124.594,1.196],[123.832,0.832],[123.097,0.929],[122.849,0.818],[122.624,0.966],[122.197,1.028],[121.481,1.121],[121.451,1.298],[121.265,1.23],[120.909,1.354],[120.803,1.068],[120.568,0.782],[120.346,0.856],[120.063,0.743],[120.032,0.516],[119.785,0.239],[119.888,0.071],[119.792,-0.107],[119.734,-0.634],[119.566,-0.834],[119.328,-1.214],[119.336,-1.97],[119.134,-2.204],[119.141,-2.442],[118.772,-2.862],[118.764,-3.091],[118.927,-3.566],[119.298,-3.428],[119.491,-3.487],[119.457,-3.715],[119.627,-4.315],[119.525,-4.883],[119.353,-5.356],[119.57,-5.656],[120.323,-5.51],[120.458,-5.626],[120.264,-5.15],[120.444,-4.627],[120.362,-4.387],[120.354,-3.931],[120.447,-3.729],[120.388,-3.215],[120.203,-2.958],[120.776,-2.615],[121.006,-2.661],[121.086,-2.91]]],[[[120.546,-5.938],[120.448,-5.844],[120.481,-6.477],[120.546,-5.938]]],[[[122.067,-5.215],[121.97,-5.067],[121.807,-5.26],[121.968,-5.468],[122.067,-5.215]]],[[[122.78,-4.917],[122.736,-4.644],[122.405,-4.738],[122.403,-5.062],[122.28,-5.37],[122.543,-5.429],[122.78,-4.917]]],[[[123.15,-5.225],[122.968,-5.198],[123.052,-4.74],[123.204,-4.612],[123.02,-4.39],[122.909,-4.475],[122.732,-5.253],[122.567,-5.507],[122.828,-5.676],[122.876,-5.458],[123.213,-5.302],[123.15,-5.225]]],[[[123.204,-3.993],[122.951,-4.047],[123.087,-4.234],[123.204,-3.993]]],[[[130.386,-1.888],[130.353,-1.68],[129.715,-1.881],[130.256,-2.046],[130.386,-1.888]]],[[[131.057,-1.001],[130.892,-0.89],[130.649,-0.988],[130.77,-1.248],[130.983,-1.349],[131.057,-1.001]]],[[[130.917,-0.778],[130.448,-0.819],[130.819,-0.87],[130.917,-0.778]]],[[[131.298,-0.237],[131.154,-0.086],[130.825,-0.004],[130.281,-0.105],[130.311,-0.258],[130.688,-0.291],[130.733,-0.442],[130.952,-0.346],[131.238,-0.389],[131.298,-0.237]]],[[[123.503,-1.264],[123.232,-1.395],[123.201,-1.155],[122.899,-1.184],[122.874,-1.585],[123.164,-1.312],[123.112,-1.556],[123.529,-1.433],[123.503,-1.264]]],[[[126.069,-2.384],[125.985,-1.994],[125.863,-2.087],[125.966,-2.402],[126.069,-2.384]]],[[[126.329,-1.819],[125.347,-1.811],[125.432,-1.95],[126.272,-1.867],[126.329,-1.819]]],[[[125.315,-1.779],[124.633,-1.631],[124.385,-1.668],[124.406,-2.004],[124.853,-1.897],[125.322,-1.864],[125.315,-1.779]]],[[[128.145,-1.594],[127.625,-1.33],[127.435,-1.412],[127.379,-1.632],[127.533,-1.731],[128.052,-1.715],[128.145,-1.594]]],[[[127.889,-0.765],[127.606,-0.629],[127.683,-0.46],[127.517,-0.302],[127.303,-0.511],[127.749,-0.885],[127.889,-0.765]]],[[[127.235,-0.49],[127.292,-0.278],[127.11,-0.288],[127.235,-0.49]]],[[[127.666,-0.209],[128.049,-0.713],[128.433,-0.909],[128.043,-0.415],[127.892,-0.017],[127.96,0.483],[128.861,0.244],[128.684,0.542],[128.313,0.668],[128.315,0.902],[128.701,1.071],[128.719,1.571],[128.46,1.545],[128.092,1.257],[128.196,1.196],[127.796,0.799],[127.638,1.001],[127.894,1.157],[128.035,1.538],[127.852,1.825],[128.047,2.204],[127.917,2.172],[127.581,1.752],[127.406,1.23],[127.508,0.886],[127.625,0.832],[127.527,0.561],[127.714,0.277],[127.666,-0.209]]],[[[128.686,2.484],[128.566,2.634],[128.197,2.266],[128.289,2.04],[128.49,2.054],[128.686,2.484]]],[[[104.146,1.16],[103.903,1.091],[104.049,0.984],[104.146,1.16]]],[[[104.655,1.096],[104.587,1.22],[104.232,1.093],[104.452,1.058],[104.6,0.835],[104.655,1.096]]],[[[108.396,3.875],[108.225,4.245],[107.985,4.012],[108.318,3.684],[108.396,3.875]]],[[[104.549,-0.398],[104.325,-0.365],[104.356,-0.662],[104.549,-0.398]]],[[[104.929,-0.237],[104.537,0.021],[104.541,-0.271],[104.929,-0.237]]],[[[100.314,2.555],[100.126,2.53],[99.954,2.704],[99.98,2.948],[99.751,3.18],[98.958,3.671],[98.677,3.915],[98.306,4.08],[98.268,4.288],[98.206,4.498],[97.997,4.546],[97.909,4.89],[97.497,5.252],[97.268,5.155],[96.973,5.273],[96.651,5.216],[96.126,5.282],[95.888,5.512],[95.413,5.65],[95.197,5.546],[95.199,5.293],[95.426,4.827],[96.43,3.825],[96.761,3.749],[97.271,3.214],[97.422,2.928],[97.603,2.866],[97.744,2.281],[98.101,2.189],[98.535,1.936],[98.819,1.682],[98.753,1.536],[99.09,0.622],[99.151,0.252],[99.316,0.243],[99.747,-0.03],[99.814,-0.295],[100.301,-0.816],[100.406,-1.264],[100.571,-1.443],[100.887,-2.037],[100.832,-2.141],[101.027,-2.48],[101.327,-2.739],[101.637,-3.251],[102.222,-3.643],[102.313,-3.991],[103.415,-4.869],[103.608,-4.916],[104.298,-5.643],[104.716,-5.921],[104.533,-5.56],[104.623,-5.491],[105.118,-5.782],[105.311,-5.466],[105.602,-5.81],[105.783,-5.829],[105.906,-4.469],[105.828,-4.158],[105.952,-3.834],[105.82,-3.673],[106.073,-3.256],[106.016,-2.969],[105.792,-2.862],[105.624,-2.402],[104.883,-2.285],[104.773,-1.998],[104.483,-1.881],[104.532,-1.734],[104.377,-1.032],[103.839,-1.033],[103.439,-0.746],[103.437,-0.338],[103.592,-0.011],[103.792,-0.013],[103.76,0.239],[103.362,0.536],[103.075,0.442],[102.877,0.726],[102.464,0.774],[102.24,0.982],[102.118,1.387],[101.779,1.644],[101.378,1.773],[101.3,2.047],[101.05,2.291],[100.813,2.25],[100.856,1.999],[100.561,2.157],[100.314,2.555]]],[[[103.049,0.797],[102.489,1.133],[102.502,0.973],[102.407,0.873],[102.558,0.78],[103.049,0.797]]],[[[103.126,0.928],[102.802,1.163],[102.791,1.031],[103.126,0.928]]],[[[102.473,1.242],[102.217,1.409],[102.233,1.1],[102.334,0.964],[102.465,0.963],[102.473,1.242]]],[[[102.496,1.364],[102.49,1.49],[102.008,1.615],[102.135,1.456],[102.496,1.364]]],[[[101.721,2.058],[101.441,2.065],[101.394,1.931],[101.577,1.709],[101.715,1.778],[101.721,2.058]]],[[[126.871,4.331],[126.734,4.536],[126.665,4.034],[126.759,3.993],[126.871,4.331]]],[[[100.399,-3.184],[100.468,-3.015],[100.227,-2.773],[100.189,-2.967],[100.399,-3.184]]],[[[100.207,-2.694],[99.984,-2.485],[100.016,-2.834],[100.207,-2.694]]],[[[99.823,-2.293],[99.594,-2.015],[99.604,-2.266],[99.823,-2.293]]],[[[99.274,-1.635],[98.883,-0.913],[98.658,-0.963],[98.594,-1.198],[98.885,-1.679],[99.101,-1.799],[99.274,-1.635]]],[[[98.502,-0.461],[98.451,-0.258],[98.317,-0.535],[98.502,-0.461]]],[[[97.928,0.996],[97.35,1.545],[97.064,1.415],[97.252,1.259],[97.389,0.952],[97.614,0.824],[97.704,0.573],[97.883,0.643],[97.928,0.996]]],[[[96.48,2.415],[95.912,2.906],[95.698,2.779],[96.328,2.395],[96.48,2.415]]],[[[116.304,-3.718],[116.268,-3.219],[116.126,-3.319],[116.013,-3.65],[116.091,-4.067],[116.306,-3.904],[116.304,-3.718]]],[[[115.619,-8.289],[115.216,-8.06],[114.858,-8.193],[114.452,-8.095],[114.639,-8.399],[114.927,-8.467],[115.236,-8.82],[115.323,-8.624],[115.605,-8.501],[115.619,-8.289]]],[[[108.294,-2.848],[108.198,-2.678],[107.834,-2.525],[107.67,-2.561],[107.581,-3.011],[107.631,-3.241],[107.87,-3.052],[107.994,-3.242],[108.211,-3.136],[108.294,-2.848]]],[[[106.769,-2.56],[106.354,-2.463],[106.046,-1.594],[105.594,-1.526],[105.35,-1.649],[105.376,-1.822],[105.154,-1.936],[105.306,-2.135],[105.566,-2.067],[105.796,-2.172],[105.987,-2.821],[106.707,-3.094],[106.613,-2.943],[106.769,-2.56]]]]},"properties":{"name":"Indonesia","country_code":"ID"}},
{"type":"Feature","geometry":{"type":"MultiPolygon","coordinates":[[[[117.567,4.16],[117.671,4.426],[117.892,4.257],[118.543,4.36],[118.645,4.444],[118.136,4.882],[118.357,5.039],[118.681,4.944],[119.267,5.201],[119.205,5.443],[118.948,5.389],[118.411,5.796],[118.134,5.69],[117.908,5.785],[118.125,5.864],[118.017,6.061],[117.774,5.908],[117.6,6.198],[117.744,6.39],[117.534,6.621],[117.309,6.629],[117.144,7.004],[116.824,6.582],[116.777,7.027],[116.503,6.495],[116.106,6.126],[116.051,5.842],[115.849,5.56],[115.585,5.616],[115.36,5.32],[115.605,5.212],[115.422,4.962],[115.146,4.909],[115.361,4.33],[115.113,4.382],[115.03,4.821],[114.982,4.889],[114.743,4.731],[114.794,4.3],[114.587,4.021],[114.246,4.481],[113.999,4.601],[113.947,4.274],[113.434,3.753],[113.008,3.162],[112.014,2.886],[111.67,2.843],[111.44,2.68],[111.405,2.484],[111.448,2.372],[111.365,2.341],[111.246,2.436],[111.211,2.074],[111.007,1.555],[110.466,1.621],[110.521,1.723],[109.928,1.692],[109.655,1.937],[109.645,2.083],[109.528,1.89],[109.843,1.403],[110.17,1.174],[110.263,0.994],[110.554,0.851],[111.198,1.075],[111.823,1.008],[112.1,1.155],[112.18,1.449],[112.47,1.568],[113.023,1.537],[113.089,1.431],[113.65,1.233],[113.91,1.442],[114.207,1.439],[114.501,1.436],[114.832,1.903],[114.779,2.247],[115.206,2.51],[115.067,2.828],[115.242,3.042],[115.464,3.031],[115.601,3.441],[115.538,3.898],[115.639,4.146],[115.844,4.389],[116.391,4.295],[116.712,4.367],[117.217,4.353],[117.567,4.16]]],[[[100.199,6.699],[100.127,6.442],[100.199,6.261],[100.349,6.013],[100.354,5.569],[100.404,5.12],[100.577,4.854],[100.565,4.319],[100.776,4.086],[100.841,3.843],[101.298,3.275],[101.373,3.002],[101.286,2.85],[101.721,2.596],[101.988,2.391],[102.489,2.093],[103.367,1.538],[103.516,1.27],[103.681,1.442],[103.974,1.42],[104.008,1.549],[104.106,1.375],[104.295,1.447],[104.195,1.799],[103.767,2.624],[103.64,2.671],[103.435,2.962],[103.482,3.512],[103.339,3.758],[103.443,4.169],[103.449,4.795],[103.12,5.381],[102.542,5.855],[102.38,6.133],[102.073,6.258],[102.06,6.095],[101.8,5.74],[101.698,5.767],[101.5,5.893],[101.105,5.638],[100.972,5.773],[101.082,6.246],[100.824,6.299],[100.806,6.415],[100.378,6.527],[100.199,6.699]]],[[[99.901,6.364],[99.645,6.436],[99.729,6.261],[99.901,6.364]]],[[[111.411,2.391],[111.381,2.698],[111.315,2.784],[111.308,2.452],[111.411,2.391]]],[[[115.249,5.365],[115.159,5.252],[115.259,5.291],[115.249,5.365]]]]},"properties":{"name":"Malaysia","country_code":"MY"}},
{"type":"Feature","geometry":{"type":"MultiPolygon","coordinates":[[[[-69.51,-17.507],[-69.858,-17.734],[-69.783,-17.982],[-69.97,-18.251],[-70.395,-18.338],[-70.27,-19.171],[-70.123,-20.072],[-70.194,-20.816],[-70.061,-21.448],[-70.152,-21.665],[-70.297,-22.918],[-70.581,-23.108],[-70.632,-23.517],[-70.413,-23.511],[-70.499,-23.785],[-70.583,-24.525],[-70.445,-25.345],[-70.651,-25.541],[-70.74,-25.829],[-70.635,-26.029],[-70.789,-26.996],[-70.96,-27.161],[-70.912,-27.622],[-71.138,-27.946],[-71.174,-28.361],[-71.522,-28.94],[-71.487,-29.211],[-71.376,-29.282],[-71.287,-29.91],[-71.383,-30.148],[-71.635,-30.238],[-71.713,-30.615],[-71.668,-31.15],[-71.501,-31.89],[-71.544,-32.193],[-71.412,-32.37],[-71.568,-33.002],[-71.762,-33.102],[-71.625,-33.541],[-71.871,-33.933],[-72.027,-34.163],[-72.103,-34.761],[-72.231,-35.116],[-72.647,-35.567],[-72.598,-35.81],[-72.799,-36.053],[-72.896,-36.438],[-73.207,-36.775],[-73.209,-37.16],[-73.608,-37.155],[-73.668,-37.719],[-73.463,-38.092],[-73.525,-38.476],[-73.283,-39.075],[-73.247,-39.386],[-73.458,-39.834],[-73.714,-39.978],[-73.749,-40.273],[-73.728,-40.544],[-73.947,-40.973],[-73.76,-41.749],[-73.201,-41.785],[-72.957,-41.484],[-72.609,-41.707],[-72.889,-41.911],[-72.517,-41.951],[-72.558,-42.211],[-72.81,-42.243],[-72.761,-43.009],[-73.111,-43.461],[-73.042,-43.73],[-73.284,-44.174],[-72.687,-44.488],[-72.728,-44.759],[-73.348,-44.958],[-73.461,-45.266],[-73.209,-45.302],[-73.517,-45.46],[-73.688,-46.322],[-74.021,-46.148],[-74.156,-45.797],[-74.691,-45.842],[-74.961,-46.268],[-75.091,-46.216],[-75.705,-46.639],[-75.552,-46.948],[-75.422,-46.714],[-75.083,-46.641],[-74.681,-46.884],[-74.267,-46.782],[-73.958,-47.06],[-74.529,-47.422],[-74.628,-47.768],[-73.55,-47.808],[-73.659,-47.912],[-73.351,-48.219],[-74.061,-48],[-74.625,-48.004],[-74.02,-48.438],[-74.392,-48.599],[-74.067,-48.742],[-74.372,-48.719],[-74.424,-49.371],[-74.078,-49.501],[-74.348,-49.792],[-74.348,-50.086],[-74.683,-50.209],[-74.253,-50.441],[-74.126,-50.762],[-73.811,-50.742],[-73.759,-50.516],[-73.487,-50.66],[-74.105,-50.871],[-74.13,-51.188],[-73.694,-51.139],[-73.688,-51.495],[-73.904,-51.612],[-73.523,-51.803],[-73.293,-52.166],[-73.07,-51.725],[-72.453,-51.913],[-72.854,-51.948],[-73.334,-52.219],[-73.699,-52.026],[-73.531,-52.457],[-73.616,-52.749],[-73.116,-53.097],[-73.016,-52.842],[-72.328,-52.525],[-71.572,-52.561],[-71.478,-52.646],[-72.161,-52.652],[-72.715,-52.869],[-72.976,-52.839],[-72.934,-53.105],[-73.199,-53.241],[-72.365,-53.537],[-72.522,-53.366],[-72.452,-53.19],[-71.169,-52.813],[-71.383,-53.126],[-72.282,-53.243],[-72.453,-53.407],[-72.284,-53.581],[-71.336,-53.88],[-71.034,-53.81],[-70.993,-53.383],[-70.716,-52.737],[-69.847,-52.487],[-69.672,-52.531],[-69.442,-52.252],[-69.13,-52.208],[-68.449,-52.347],[-68.454,-52.3],[-69.953,-52.007],[-71.918,-51.99],[-72.45,-51.553],[-72.258,-51.231],[-72.303,-50.649],[-72.778,-50.62],[-73.178,-50.749],[-73.323,-50.268],[-73.531,-50.141],[-73.465,-49.76],[-73.587,-49.53],[-73.458,-49.308],[-73.098,-49.273],[-73.17,-49.251],[-73.01,-48.99],[-72.592,-48.791],[-72.577,-48.452],[-72.295,-48.333],[-72.544,-47.915],[-72.171,-47.408],[-71.863,-47.169],[-71.934,-46.8],[-71.687,-46.69],[-71.763,-46.245],[-71.649,-45.999],[-71.765,-45.572],[-71.312,-45.299],[-71.589,-44.978],[-72.074,-44.902],[-72.048,-44.755],[-71.336,-44.802],[-71.21,-44.428],[-71.822,-44.403],[-71.745,-44.045],[-71.724,-43.595],[-71.937,-43.457],[-71.743,-43.19],[-72.149,-42.999],[-72.125,-42.263],[-71.769,-42],[-71.926,-41.623],[-71.867,-41.01],[-71.861,-40.559],[-71.678,-40.34],[-71.824,-40.21],[-71.621,-39.895],[-71.641,-39.6],[-71.52,-39.615],[-71.416,-38.935],[-70.874,-38.691],[-71.016,-38.144],[-71.185,-37.706],[-71.206,-37.293],[-71.089,-37.103],[-71.195,-36.839],[-71.028,-36.481],[-70.719,-36.415],[-70.431,-36.129],[-70.357,-35.815],[-70.543,-35.209],[-70.372,-35.027],[-70.048,-34.283],[-69.833,-34.243],[-69.895,-33.662],[-69.788,-33.379],[-70.01,-33.299],[-70.106,-33.053],[-70.256,-32.314],[-70.331,-32.21],[-70.591,-31.55],[-70.48,-31.097],[-70.268,-31.024],[-70.319,-30.801],[-70.173,-30.365],[-69.903,-30.313],[-69.929,-29.718],[-70.043,-29.363],[-69.804,-29.099],[-69.654,-28.401],[-69.42,-28.213],[-69.134,-27.772],[-68.801,-27.113],[-68.33,-27.045],[-68.32,-26.87],[-68.57,-26.551],[-68.575,-26.304],[-68.42,-26.179],[-68.606,-25.437],[-68.554,-25.291],[-68.496,-25.16],[-68.379,-25.137],[-68.572,-24.77],[-68.244,-24.385],[-67.362,-24.03],[-67.251,-23.733],[-67.014,-23.001],[-67.194,-22.822],[-67.547,-22.893],[-67.876,-22.834],[-67.859,-22.567],[-67.99,-22.058],[-68.096,-21.954],[-68.208,-21.284],[-68.532,-20.928],[-68.481,-20.625],[-68.686,-20.517],[-68.776,-20.09],[-68.588,-20.056],[-68.698,-19.746],[-68.577,-19.565],[-68.448,-19.435],[-68.99,-18.946],[-68.955,-18.857],[-69.155,-18.14],[-69.082,-18.039],[-69.302,-17.976],[-69.51,-17.507]]],[[[-74.335,-43.282],[-73.731,-43.393],[-73.721,-43.142],[-73.49,-43.1],[-73.517,-42.789],[-73.809,-42.609],[-73.682,-42.37],[-73.396,-42.309],[-73.578,-41.799],[-74.064,-41.806],[-74.053,-42.13],[-74.19,-42.432],[-74.128,-42.641],[-74.335,-43.282]]],[[[-75.328,-48.552],[-75.606,-48.439],[-75.626,-48.632],[-75.328,-48.552]]],[[[-74.499,-48.583],[-74.764,-48.153],[-74.947,-48.62],[-74.499,-48.583]]],[[[-75.161,-48.298],[-75.031,-48.444],[-74.828,-48.145],[-75.256,-48.069],[-75.161,-48.298]]],[[[-75.15,-48.658],[-75.071,-48.596],[-75.351,-48.004],[-75.585,-48.086],[-75.46,-48.417],[-75.318,-48.349],[-75.15,-48.658]]],[[[-75.271,-48.028],[-74.727,-48.106],[-74.788,-47.812],[-75.271,-48.028]]],[[[-74.414,-47.938],[-73.925,-47.916],[-74.245,-47.806],[-74.414,-47.938]]],[[[-74.753,-45.808],[-75.054,-45.864],[-74.92,-46.104],[-74.753,-45.808]]],[[[-74.503,-45.732],[-74.208,-45.636],[-74.421,-45.454],[-74.503,-45.732]]],[[[-73.732,-45.215],[-73.915,-44.995],[-74.207,-45.043],[-73.963,-45.249],[-73.732,-45.215]]],[[[-73.927,-44.629],[-74.401,-44.626],[-74.28,-44.804],[-73.927,-44.629]]],[[[-73.382,-44.588],[-73.291,-44.932],[-72.838,-44.71],[-72.721,-44.528],[-73.002,-44.361],[-73.382,-44.588]]],[[[-68.642,-54.799],[-68.642,-54.783],[-68.628,-52.64],[-69.14,-52.684],[-69.418,-52.451],[-69.734,-52.774],[-70.419,-53.012],[-70.474,-53.309],[-70.257,-53.461],[-69.353,-53.356],[-69.361,-53.522],[-70.185,-53.811],[-70.057,-54.087],[-68.989,-54.431],[-70.073,-54.249],[-70.246,-54.357],[-70.933,-54.114],[-70.61,-54.339],[-70.972,-54.469],[-71.725,-54.405],[-71.962,-54.647],[-71.347,-54.517],[-70.759,-54.841],[-69.648,-54.823],[-69.067,-54.949],[-68.654,-54.886],[-68.642,-54.799]]],[[[-67.999,-55.628],[-68.239,-55.292],[-68.616,-55.152],[-68.441,-54.94],[-69.886,-55.064],[-70.031,-55.153],[-69.386,-55.405],[-69.48,-55.237],[-68.801,-55.189],[-68.967,-55.43],[-67.999,-55.628]]],[[[-67.883,-55.244],[-67.503,-55.172],[-67.271,-55.307],[-67.062,-55.072],[-67.302,-54.929],[-68.345,-54.921],[-67.883,-55.244]]],[[[-70.295,-55.082],[-70.651,-55.031],[-70.316,-54.908],[-70.987,-54.948],[-70.941,-55.072],[-70.295,-55.082]]],[[[-69.904,-54.997],[-69.164,-54.956],[-69.836,-54.872],[-69.904,-54.997]]],[[[-71.631,-54.079],[-71.148,-54.38],[-71.013,-54.101],[-71.302,-53.991],[-71.631,-54.079]]],[[[-72.015,-54.202],[-71.846,-54.338],[-71.653,-53.926],[-72.259,-53.93],[-72.015,-54.202]]],[[[-70.455,-53.612],[-70.882,-53.842],[-70.823,-54.114],[-70.439,-54.06],[-70.455,-53.612]]],[[[-72.53,-54.075],[-72.153,-53.796],[-72.913,-53.427],[-73.413,-53.493],[-73.616,-53.652],[-73.275,-53.701],[-73.338,-53.955],[-72.816,-53.821],[-72.53,-54.075]]],[[[-73.207,-53.318],[-73.482,-53.133],[-74.271,-52.958],[-74.674,-52.721],[-74.294,-53.099],[-74.035,-53.056],[-73.207,-53.318]]],[[[-73.837,-52.701],[-73.725,-52.405],[-74.184,-52.587],[-73.837,-52.701]]],[[[-74.89,-52.002],[-74.903,-51.621],[-75.065,-51.995],[-74.89,-52.002]]],[[[-75.024,-51.331],[-75.22,-51.305],[-75.313,-51.629],[-75.024,-51.331]]],[[[-74.386,-50.981],[-74.487,-50.782],[-74.879,-50.886],[-74.74,-51.101],[-74.386,-50.981]]],[[[-75.126,-50.494],[-75.469,-50.494],[-75.279,-50.77],[-75.126,-50.494]]],[[[-74.31,-50.834],[-74.383,-50.456],[-74.581,-50.634],[-74.31,-50.834]]],[[[-75.041,-50.289],[-74.815,-50.119],[-75.397,-50.172],[-75.461,-50.35],[-75.041,-50.289]]],[[[-75.448,-49.775],[-75.178,-49.884],[-75.355,-49.61],[-75.448,-49.775]]],[[[-74.903,-49.077],[-75.236,-49.145],[-74.921,-49.273],[-74.903,-49.077]]],[[[-75.215,-49.015],[-75.541,-48.834],[-75.647,-48.967],[-75.215,-49.015]]],[[[-75.198,-49.771],[-75.01,-49.519],[-74.845,-49.694],[-74.868,-50.016],[-74.536,-49.995],[-74.424,-49.745],[-74.526,-48.723],[-74.83,-48.69],[-75.061,-48.837],[-74.859,-49.111],[-74.893,-49.364],[-75.037,-49.26],[-75.467,-49.333],[-75.198,-49.771]]]]},"properties":{"name":"Chile","country_code":"CL"}},
{"type":"Feature","geometry":{"type":"Polygon","coordinates":[[[-69.082,-18.039],[-69.155,-18.14],[-68.955,-18.857],[-68.99,-18.946],[-68.448,-19.435],[-68.577,-19.565],[-68.698,-19.746],[-68.588,-20.056],[-68.776,-20.09],[-68.686,-20.517],[-68.481,-20.625],[-68.532,-20.928],[-68.208,-21.284],[-68.096,-21.954],[-67.99,-22.058],[-67.859,-22.567],[-67.876,-22.834],[-67.547,-22.893],[-67.194,-22.822],[-67.033,-22.525],[-66.785,-22.428],[-66.736,-22.225],[-66.377,-22.127],[-66.24,-21.792],[-65.745,-22.114],[-65.19,-22.098],[-64.587,-22.213],[-64.344,-22.864],[-64.251,-22.541],[-63.948,-22.008],[-62.804,-22.004],[-62.65,-22.234],[-62.272,-21],[-62.211,-20.471],[-61.925,-20.065],[-61.761,-19.658],[-60.006,-19.298],[-59.09,-19.287],[-58.175,-19.821],[-58.159,-20.165],[-57.86,-19.98],[-58.125,-19.73],[-57.789,-19.059],[-57.551,-18.184],[-57.724,-17.737],[-57.791,-17.556],[-58.381,-17.267],[-58.48,-16.684],[-58.34,-16.289],[-58.465,-16.331],[-60.13,-16.273],[-60.238,-15.503],[-60.582,-15.099],[-60.275,-15.095],[-60.292,-14.63],[-60.464,-14.278],[-60.388,-13.989],[-60.473,-13.798],[-60.726,-13.663],[-61.047,-13.465],[-61.593,-13.507],[-61.848,-13.531],[-62.172,-13.118],[-62.427,-13.125],[-62.807,-12.989],[-63.075,-12.653],[-63.393,-12.665],[-63.801,-12.455],[-63.921,-12.544],[-64.396,-12.457],[-64.469,-12.261],[-64.793,-12.033],[-64.997,-11.996],[-65.196,-11.742],[-65.395,-11.153],[-65.395,-10.392],[-65.288,-10.216],[-65.304,-9.826],[-65.452,-9.681],[-66.649,-9.916],[-67.064,-10.257],[-67.338,-10.326],[-67.722,-10.705],[-68.098,-10.698],[-68.293,-10.979],[-68.787,-11.126],[-68.758,-11.012],[-69.578,-10.952],[-68.689,-12.493],[-68.981,-12.868],[-68.974,-13.032],[-69.016,-13.753],[-68.884,-14.211],[-69.247,-14.594],[-69.391,-14.964],[-69.148,-15.233],[-69.424,-15.656],[-69.22,-16.153],[-68.856,-16.363],[-69.037,-16.471],[-69.427,-17.087],[-69.664,-17.289],[-69.51,-17.507],[-69.302,-17.976],[-69.082,-18.039]]]},"properties":{"name":"Bolivia","country_code":"BO"}},
{"type":"Feature","geometry":{"type":"Polygon","coordinates":[[[-69.51,-17.507],[-69.664,-17.289],[-69.427,-17.087],[-69.037,-16.471],[-68.856,-16.363],[-69.22,-16.153],[-69.424,-15.656],[-69.148,-15.233],[-69.391,-14.964],[-69.247,-14.594],[-68.884,-14.211],[-69.016,-13.753],[-68.974,-13.032],[-68.981,-12.868],[-68.689,-12.493],[-69.578,-10.952],[-69.956,-10.919],[-70.289,-11.065],[-70.641,-11.011],[-70.639,-9.956],[-70.624,-9.566],[-70.875,-9.66],[-71.391,-10.007],[-72.196,-10.006],[-72.307,-9.541],[-72.813,-9.411],[-73.215,-9.409],[-72.959,-9.086],[-73.175,-8.721],[-73.527,-8.372],[-73.712,-7.788],[-73.984,-7.529],[-73.713,-7.305],[-73.807,-7.118],[-73.765,-6.904],[-73.132,-6.435],[-73.235,-6.078],[-73.001,-5.709],[-72.918,-5.132],[-72.627,-5.022],[-72.071,-4.605],[-71.774,-4.482],[-70.969,-4.385],[-70.832,-4.179],[-70.311,-4.171],[-70.206,-4.343],[-69.965,-4.236],[-70.311,-3.829],[-70.734,-3.782],[-70.051,-2.715],[-70.358,-2.487],[-70.993,-2.197],[-71.421,-2.376],[-71.738,-2.138],[-71.966,-2.328],[-72.397,-2.447],[-72.644,-2.334],[-72.943,-2.419],[-73.198,-2.214],[-73.111,-2.073],[-73.186,-1.8],[-73.531,-1.674],[-73.497,-1.478],[-73.637,-1.255],[-73.881,-1.191],[-74.344,-0.859],[-74.415,-0.564],[-74.825,-0.17],[-75.222,-0.032],[-75.283,-0.107],[-75.638,-0.111],[-75.267,-0.643],[-75.227,-0.97],[-75.413,-0.924],[-75.581,-1.547],[-76.091,-2.129],[-76.67,-2.565],[-77.81,-2.967],[-78.376,-3.529],[-78.414,-3.772],[-78.682,-4.327],[-78.709,-4.585],[-78.929,-4.747],[-79.064,-5.011],[-79.234,-4.966],[-79.461,-4.77],[-79.507,-4.532],[-79.833,-4.479],[-80.14,-4.283],[-80.408,-4.478],[-80.345,-4.198],[-80.512,-4.065],[-80.165,-3.881],[-80.341,-3.393],[-80.772,-3.71],[-81.062,-4.086],[-81.253,-4.239],[-81.338,-4.678],[-81.063,-5.022],[-81.198,-5.208],[-80.856,-5.65],[-80.94,-5.851],[-81.15,-5.883],[-81.101,-6.072],[-80.631,-6.378],[-80.119,-6.651],[-79.692,-7.161],[-79.466,-7.716],[-78.986,-8.217],[-78.759,-8.608],[-78.649,-8.964],[-78.229,-9.794],[-78.167,-10.141],[-77.891,-10.603],[-77.671,-10.928],[-77.647,-11.292],[-77.32,-11.494],[-77.198,-11.681],[-77.141,-11.999],[-77.175,-12.072],[-77.114,-12.081],[-76.791,-12.381],[-76.799,-12.509],[-76.249,-13.32],[-76.181,-13.539],[-76.292,-14.081],[-75.981,-14.461],[-75.931,-14.649],[-75.551,-14.885],[-75.076,-15.438],[-74.047,-15.96],[-73.7,-16.221],[-72.692,-16.661],[-72.362,-16.761],[-72.11,-17.023],[-71.488,-17.318],[-71.385,-17.687],[-71.176,-17.793],[-70.395,-18.338],[-69.97,-18.251],[-69.783,-17.982],[-69.858,-17.734],[-69.51,-17.507]]]},"properties":{"name":"Peru","country_code":"PE"}},
{"type":"Feature","geometry":{"type":"Polygon","coordinates":[[[33.781,34.976],[33.782,34.976],[33.892,34.958],[33.829,35.001],[33.907,35.069],[33.679,35.034],[33.702,34.973],[33.781,34.976]]]},"properties":{"name":"Dhekelia Sovereign Base Area"}},
{"type":"Feature","geometry":{"type":"Polygon","coordinates":[[[33.679,35.034],[33.907,35.069],[33.829,35.001],[33.892,34.958],[33.896,34.962],[34.012,35.064],[33.924,35.279],[34.573,35.644],[33.428,35.329],[32.92,35.398],[32.711,35.182],[32.641,35.187],[32.602,35.179],[32.566,35.173],[32.287,35.097],[32.413,34.753],[32.642,34.661],[32.761,34.653],[32.832,34.701],[33.016,34.634],[33.273,34.707],[33.702,34.973],[33.679,35.034]]]},"properties":{"name":"Cyprus","country_code":"CY"}},
{"type":"Feature","geometry":{"type":"MultiPolygon","coordinates":[[[[77.8,35.495],[77.049,35.11],[76.921,34.921],[76.553,34.726],[76.023,34.677],[75.777,34.504],[75.348,34.557],[75.225,34.639],[74.286,34.769],[73.919,34.643],[73.775,34.371],[73.998,34.197],[73.946,34.01],[74.272,33.962],[73.977,33.648],[74.142,33.549],[74.002,33.178],[74.322,32.972],[74.317,32.823],[74.685,32.831],[74.725,32.461],[75.024,32.466],[75.298,32.332],[75.174,32.087],[74.829,32.025],[74.489,31.711],[74.612,31.44],[74.506,31.175],[74.659,31.084],[74.33,30.9],[73.842,30.353],[73.947,30.204],[73.37,29.927],[73.233,29.537],[72.902,29.023],[72.382,28.784],[71.861,27.95],[71.311,27.862],[70.832,27.701],[70.456,28.04],[70.189,27.892],[70.017,27.601],[69.576,27.188],[69.465,26.808],[69.816,26.58],[70.158,26.53],[70.065,25.98],[70.265,25.697],[70.632,25.701],[70.647,25.431],[71.057,24.693],[71.083,24.412],[70.755,24.231],[70.521,24.425],[70.11,24.305],[69.972,24.165],[69.563,24.277],[68.726,24.289],[68.724,23.965],[68.183,23.842],[68.623,23.192],[69.239,22.842],[69.716,22.747],[69.833,22.858],[70.399,22.946],[70.178,22.562],[69.616,22.356],[68.945,22.295],[69.198,21.98],[69.63,21.616],[70.054,21.153],[70.542,20.808],[70.973,20.71],[71.006,20.737],[71.462,20.885],[72.105,21.205],[72.296,21.654],[72.128,21.984],[72.306,22.23],[72.847,22.24],[72.542,22.157],[72.623,21.967],[72.532,21.714],[72.927,21.685],[72.62,21.487],[72.606,21.267],[72.865,20.897],[72.847,20.468],[72.818,20.379],[72.708,20.073],[72.65,19.842],[72.818,19.175],[72.796,18.985],[72.988,18.999],[72.852,18.77],[72.981,18.081],[73.123,17.723],[73.276,17.079],[73.307,16.563],[73.447,16.069],[73.701,15.723],[73.891,15.343],[73.913,15.079],[74.091,14.888],[74.389,14.463],[74.584,13.904],[74.854,12.765],[75.222,12.022],[75.304,12.043],[75.833,11.098],[75.922,10.766],[76.243,9.987],[76.312,9.493],[76.559,8.891],[77.11,8.285],[77.511,8.076],[78.063,8.373],[78.24,8.966],[78.45,9.117],[79.04,9.315],[78.913,9.474],[79.279,10.036],[79.398,10.325],[79.851,10.282],[79.847,10.81],[79.847,10.98],[79.752,11.577],[79.811,11.833],[79.85,11.955],[80.156,12.475],[80.333,13.198],[80.26,13.468],[80.278,13.513],[80.288,13.527],[80.128,14.257],[80.197,14.565],[80.055,15.014],[80.091,15.305],[80.263,15.675],[80.554,15.881],[80.999,15.847],[81.155,15.986],[81.249,16.32],[81.763,16.323],[82.307,16.58],[82.299,17.03],[82.475,17.206],[83.239,17.593],[83.614,18.045],[84.077,18.272],[84.424,18.636],[84.778,19.116],[85.391,19.691],[85.103,19.53],[85.221,19.736],[85.57,19.876],[85.45,19.667],[86.397,19.983],[86.717,20.287],[86.774,20.512],[86.995,20.671],[86.837,21.175],[87.201,21.552],[87.477,21.614],[87.97,21.836],[88.161,22.157],[88.181,21.685],[88.572,21.558],[88.567,21.851],[88.731,22.037],[88.762,21.556],[89.085,21.675],[89.06,22.13],[88.843,22.965],[88.955,23.184],[88.71,23.241],[88.768,23.467],[88.54,23.65],[88.714,23.925],[88.731,24.19],[88.139,24.495],[88.022,24.646],[88.202,24.945],[88.314,24.868],[88.431,25.173],[88.924,25.168],[88.975,25.303],[88.772,25.502],[88.53,25.5],[88.074,25.908],[88.164,26.14],[88.461,26.454],[88.808,26.233],[89.04,26.247],[89.351,25.997],[89.549,25.969],[89.658,26.187],[89.834,25.932],[89.809,25.44],[89.799,25.403],[90.365,25.15],[90.935,25.156],[91.471,25.134],[92.002,25.183],[92.385,25.005],[92.15,24.542],[91.922,24.345],[91.308,23.993],[91.141,23.612],[91.301,23.142],[91.372,23.262],[91.586,22.944],[91.796,23.089],[91.744,23.272],[92.004,23.647],[92.26,23.703],[92.352,22.96],[92.496,22.696],[92.576,21.978],[92.684,22.154],[92.979,21.995],[93.166,22.387],[93.08,22.773],[93.138,23.005],[93.375,23.13],[93.432,23.647],[93.303,24.036],[94.129,23.854],[94.29,24.317],[94.709,25.026],[94.55,25.245],[94.65,25.447],[95.009,25.737],[95.151,26.05],[95.041,26.476],[95.247,26.649],[95.393,26.692],[96.143,27.258],[96.759,27.342],[97.059,27.092],[96.87,27.619],[97.334,27.894],[97.323,28.217],[97.116,28.367],[96.302,28.421],[96.598,28.71],[96.458,28.995],[96.195,28.941],[96.316,29.172],[96.142,29.368],[95.745,29.34],[95.367,29.036],[94.777,29.167],[94.63,29.319],[94.271,29.098],[94.25,28.933],[93.928,28.683],[93.446,28.672],[93.208,28.341],[92.655,28.106],[92.575,27.848],[92.24,27.865],[91.865,27.73],[91.628,27.853],[91.595,27.546],[91.727,27.46],[91.975,27.472],[92.006,27.176],[92.08,26.922],[91.702,26.803],[91.406,26.87],[91.276,26.774],[91.013,26.784],[90.944,26.779],[90.588,26.78],[90.383,26.892],[89.859,26.722],[89.755,26.701],[89.369,26.837],[89.097,26.821],[88.733,27.149],[88.876,27.28],[88.892,27.316],[88.741,27.546],[88.854,27.844],[88.61,28.106],[88.118,27.861],[88.005,27.249],[87.971,27.103],[88.169,26.744],[88.087,26.539],[87.975,26.367],[87.649,26.41],[87.326,26.353],[86.935,26.52],[86.714,26.415],[86.146,26.601],[85.822,26.572],[85.599,26.854],[85.355,26.76],[84.64,27.028],[84.577,27.329],[84.08,27.51],[83.922,27.45],[83.853,27.346],[83.361,27.462],[82.752,27.495],[82.674,27.696],[82.402,27.677],[82.05,27.906],[81.883,27.849],[81.307,28.124],[81.047,28.389],[80.534,28.68],[80.493,28.576],[80.073,28.821],[80.28,29.31],[80.214,29.417],[80.476,29.806],[80.884,30.21],[80.996,30.197],[80.723,30.392],[80.18,30.559],[80.231,30.725],[79.834,30.962],[79.402,31.024],[79.07,31.461],[78.893,31.282],[78.738,31.335],[78.819,31.607],[78.671,31.771],[78.745,31.964],[78.458,32.23],[78.381,32.528],[78.713,32.638],[78.911,32.355],[79.621,32.729],[79.414,32.972],[79.42,33.275],[79.098,33.288],[78.824,33.461],[78.73,34.079],[78.957,34.34],[78.273,34.659],[78.001,35.269],[78.056,35.453],[77.8,35.495]]],[[[73.077,8.315],[73.063,8.279],[73.024,8.255],[73.045,8.252],[73.066,8.27],[73.077,8.315]]],[[[93.92,7.024],[93.814,7.242],[93.676,7.182],[93.834,6.746],[93.92,7.024]]],[[[92.585,10.771],[92.377,10.784],[92.513,10.508],[92.585,10.771]]],[[[93.053,13.284],[93.042,13.571],[92.864,13.236],[92.718,12.362],[92.56,11.741],[92.717,11.494],[92.757,12.077],[92.991,12.519],[92.937,13.067],[93.053,13.284]]]]},"properties":{"name":"India","country_code":"IN"}},
{"type":"Feature","geometry":{"type":"MultiPolygon","coordinates":[[[[78.957,34.34],[78.73,34.079],[78.824,33.461],[79.098,33.288],[79.42,33.275],[79.414,32.972],[79.621,32.729],[78.911,32.355],[78.713,32.638],[78.381,32.528],[78.458,32.23],[78.745,31.964],[78.671,31.771],[78.819,31.607],[78.738,31.335],[78.893,31.282],[79.07,31.461],[79.402,31.024],[79.834,30.962],[80.231,30.725],[80.18,30.559],[80.723,30.392],[80.996,30.197],[81.084,30.028],[81.268,30.072],[81.388,30.374],[82.089,30.33],[82.145,30.069],[82.542,29.923],[82.837,29.66],[83.162,29.625],[83.517,29.192],[83.655,29.16],[84.099,29.247],[84.225,28.914],[84.678,28.604],[85.168,28.583],[85.082,28.332],[85.612,28.251],[85.693,28.335],[86.055,27.888],[86.203,28.003],[86.517,27.971],[86.544,28.093],[86.982,27.951],[87.156,27.826],[87.679,27.813],[88.118,27.861],[88.61,28.106],[88.854,27.844],[88.741,27.546],[88.892,27.316],[89.125,27.615],[89.206,27.747],[89.417,27.989],[89.863,28.296],[90.226,28.358],[90.588,28.233],[90.475,28.072],[90.755,28.055],[91.436,27.989],[91.628,27.853],[91.865,27.73],[92.24,27.865],[92.575,27.848],[92.655,28.106],[93.208,28.341],[93.446,28.672],[93.928,28.683],[94.25,28.933],[94.271,29.098],[94.63,29.319],[94.777,29.167],[95.367,29.036],[95.745,29.34],[96.142,29.368],[96.316,29.172],[96.195,28.941],[96.458,28.995],[96.598,28.71],[96.302,28.421],[97.116,28.367],[97.323,28.217],[97.546,28.538],[98.115,28.144],[98.295,27.537],[98.41,27.684],[98.679,27.577],[98.756,26.625],[98.546,26.106],[98.692,25.879],[98.509,25.838],[98.333,25.567],[98.14,25.611],[98.108,25.389],[97.824,25.262],[97.536,24.745],[97.52,24.431],[97.64,24.439],[97.708,24.125],[97.516,23.943],[97.647,23.869],[98.182,24.119],[98.585,24.076],[98.857,23.604],[98.859,23.179],[99.493,23.057],[99.308,22.745],[99.358,22.495],[99.144,22.154],[99.942,22.046],[99.95,21.721],[100.146,21.649],[100.187,21.428],[100.704,21.516],[101.119,21.76],[101.159,21.553],[101.275,21.174],[101.495,21.243],[101.768,21.16],[101.821,21.221],[101.723,21.304],[101.804,21.626],[101.518,22.228],[101.655,22.446],[102.119,22.398],[102.325,22.565],[102.443,22.765],[102.989,22.438],[103.31,22.788],[103.55,22.649],[103.647,22.799],[103.985,22.527],[104.213,22.825],[104.362,22.693],[104.824,22.924],[104.87,23.164],[105.312,23.366],[105.521,23.163],[105.535,23.099],[105.854,22.905],[105.999,22.975],[106.316,22.854],[106.488,22.925],[106.747,22.744],[106.533,22.403],[106.648,21.996],[107.334,21.613],[107.832,21.639],[107.991,21.486],[108.322,21.71],[108.519,21.596],[108.449,21.866],[108.752,21.65],[109.136,21.603],[109.139,21.402],[109.531,21.492],[109.493,21.699],[109.748,21.575],[109.944,21.493],[109.766,21.356],[109.661,20.928],[109.773,20.822],[109.915,20.248],[110.4,20.301],[110.534,20.478],[110.301,20.657],[110.369,20.849],[110.157,20.849],[110.205,21.082],[110.636,21.23],[110.705,21.349],[111.088,21.473],[111.63,21.53],[112.173,21.814],[112.608,21.775],[112.826,21.966],[113.029,21.961],[113.588,22.238],[113.599,22.575],[113.35,22.89],[113.631,23.035],[113.89,22.453],[114.082,22.529],[114.23,22.556],[114.516,22.453],[114.563,22.733],[114.785,22.816],[114.88,22.559],[115.065,22.796],[115.524,22.742],[115.682,22.888],[115.826,22.747],[116.298,22.963],[116.495,22.939],[116.612,23.239],[116.522,23.411],[116.773,23.349],[116.909,23.655],[117.175,23.616],[117.293,23.789],[117.894,24.028],[118.126,24.262],[117.996,24.447],[118.16,24.693],[118.219,24.541],[118.647,24.568],[118.716,24.844],[118.997,24.953],[118.858,25.098],[118.984,25.283],[119.289,25.189],[119.103,25.42],[119.356,25.6],[119.576,25.463],[119.702,25.985],[119.459,25.982],[119.674,26.281],[119.877,26.313],[119.696,26.708],[120.237,26.927],[120.419,27.206],[120.597,27.57],[120.965,27.987],[121.184,28.382],[121.656,28.339],[121.51,28.657],[121.67,28.825],[121.652,29.183],[121.943,29.196],[121.916,29.641],[121.57,29.475],[121.983,29.823],[121.678,30.001],[121.377,30.325],[120.893,30.17],[120.734,30.232],[120.978,30.543],[121.275,30.691],[121.977,30.915],[121.725,31.282],[121.341,31.491],[121.144,31.685],[120.748,31.802],[120.75,31.978],[120.455,32.021],[120.23,31.909],[120.006,31.95],[119.785,32.114],[119.818,32.314],[119.992,32.016],[120.267,31.949],[120.491,32.082],[120.811,32.023],[120.978,31.814],[121.286,31.891],[121.817,31.691],[121.822,31.952],[121.443,32.114],[121.389,32.385],[120.864,32.671],[120.896,33.014],[120.484,33.65],[120.257,34.312],[119.641,34.551],[119.347,34.781],[119.192,34.718],[119.28,35.077],[119.648,35.584],[119.905,35.625],[120.189,35.945],[120.117,36.21],[120.354,36.041],[120.697,36.144],[120.751,36.459],[122.04,36.985],[122.32,36.823],[122.629,37.193],[122.688,37.41],[122.183,37.418],[122.122,37.563],[121.592,37.424],[121.375,37.611],[120.738,37.834],[119.859,37.36],[119.771,37.152],[119.441,37.121],[118.972,37.281],[119.037,37.722],[119.256,37.672],[118.84,38.153],[118.543,38.068],[118.085,38.139],[117.837,38.271],[117.544,38.621],[117.757,39.114],[118.01,39.219],[118.344,39.031],[119.016,39.19],[119.305,39.433],[119.34,39.716],[119.85,39.986],[120.436,40.194],[120.546,40.402],[121.176,40.922],[121.851,40.832],[122.302,40.502],[121.874,39.991],[121.536,39.862],[121.547,39.673],[121.223,39.529],[121.78,39.371],[121.674,39.088],[121.118,38.943],[121.153,38.728],[121.86,38.945],[122.396,39.411],[123.387,39.79],[124.118,39.833],[124.37,40.098],[124.896,40.484],[125.415,40.653],[125.704,40.859],[126.015,40.909],[126.501,41.434],[126.618,41.666],[127,41.752],[127.269,41.505],[128.146,41.376],[128.303,41.583],[128.035,41.994],[128.883,42.03],[129.211,42.22],[129.34,42.445],[129.703,42.442],[129.852,42.962],[130.121,42.982],[130.452,42.55],[130.531,42.53],[130.407,42.735],[130.992,42.849],[131.253,43.469],[131.17,43.781],[131.264,44.054],[131.066,44.682],[130.933,44.842],[131.42,44.959],[131.818,45.333],[131.97,45.234],[132.953,45.024],[133.14,45.435],[133.425,45.58],[133.687,46.142],[133.902,46.259],[133.998,46.638],[134.154,47.258],[134.773,47.711],[134.567,48.04],[134.701,48.262],[134.386,48.381],[133.721,48.245],[133.464,48.09],[133.092,48.107],[132.675,47.951],[132.525,47.708],[131.023,47.682],[130.682,48.05],[130.822,48.334],[130.533,48.636],[130.625,48.874],[130.249,48.865],[129.913,49.04],[129.502,49.411],[129.088,49.352],[128.797,49.572],[128.092,49.542],[127.508,49.822],[127.578,50.221],[127.331,50.328],[127.287,50.751],[126.932,51.064],[126.902,51.401],[126.446,51.983],[126.531,52.153],[125.734,52.982],[125.127,53.207],[124.408,53.236],[124.233,53.382],[123.614,53.563],[122.025,53.43],[121.413,53.317],[120.874,53.28],[120.033,52.761],[120.056,52.601],[120.724,52.542],[120.779,52.118],[120.108,51.665],[119.497,50.737],[119.141,50.377],[119.353,50.346],[119.316,50.093],[118.644,49.955],[117.759,49.513],[116.684,49.823],[115.8,48.53],[115.809,48.274],[115.515,48.122],[115.853,47.706],[116.244,47.863],[116.853,47.872],[117.361,47.651],[117.742,47.978],[118.542,47.966],[119.083,47.662],[119.282,47.415],[119.7,47.16],[119.904,46.709],[119.68,46.592],[118.816,46.758],[118.238,46.715],[117.696,46.512],[117.394,46.571],[117.302,46.35],[116.582,46.298],[116.213,45.908],[116.17,45.709],[115.638,45.444],[114.534,45.386],[114.055,44.941],[113.635,44.746],[112.614,44.909],[112.441,45.052],[111.985,45.087],[111.739,44.966],[111.396,44.347],[111.839,43.939],[111.933,43.697],[110.934,43.288],[110.407,42.769],[109.485,42.449],[108.797,42.398],[108.05,42.439],[106.768,42.287],[105.869,41.993],[105.015,41.596],[104.498,41.666],[104.501,41.871],[103.721,41.756],[103.073,42.005],[102.034,42.185],[101.638,42.515],[101.219,42.53],[100.017,42.677],[99.622,42.597],[99.474,42.564],[97.85,42.723],[97.191,42.787],[96.366,42.723],[96.294,42.933],[95.908,43.215],[95.51,43.979],[95.328,44.007],[95.379,44.287],[95.037,44.255],[93.927,44.673],[93.525,44.951],[93.076,45.005],[91.663,45.06],[90.873,45.186],[90.651,45.493],[90.711,45.752],[91.002,46.022],[90.896,46.302],[91.014,46.69],[90.469,47.309],[90.345,47.659],[90.045,47.88],[89.751,47.824],[89.542,48.031],[89.046,47.993],[88.581,48.212],[88.565,48.343],[87.943,48.599],[87.806,48.801],[87.816,49.166],[87.324,49.085],[86.887,49.107],[86.565,48.527],[85.784,48.408],[85.515,47.92],[85.67,47.384],[85.499,47.052],[85.205,47.034],[84.767,46.818],[84.664,46.984],[83.905,46.974],[83.014,47.195],[82.489,45.902],[82.297,45.555],[82.616,45.435],[82.585,45.177],[81.95,45.144],[81.739,45.338],[80.854,45.126],[80.062,45.019],[79.992,44.794],[80.356,44.653],[80.345,44.103],[80.713,43.459],[80.788,43.128],[80.368,43.028],[80.554,42.899],[80.14,42.623],[80.21,42.19],[80.182,42.021],[79.304,41.788],[78.36,41.378],[78.231,41.173],[78.075,41.04],[77.475,40.982],[77.008,41.044],[76.767,40.945],[76.624,40.628],[76.314,40.343],[76.244,40.441],[75.682,40.292],[75.588,40.612],[75.194,40.441],[74.832,40.508],[74.37,40.106],[74.004,40.061],[73.823,39.806],[73.927,39.593],[73.633,39.448],[73.602,39.236],[73.816,38.994],[73.684,38.855],[73.797,38.603],[74.029,38.527],[74.334,38.667],[74.776,38.511],[74.791,38.081],[74.965,37.767],[74.892,37.599],[75.164,37.401],[74.892,37.231],[74.721,37.298],[74.383,37.127],[74.542,37.022],[75.351,36.916],[75.411,36.747],[75.791,36.688],[75.977,36.463],[75.894,36.097],[76.166,35.806],[76.537,35.903],[76.777,35.646],[77.413,35.469],[77.8,35.495],[78.056,35.453],[78.001,35.269],[78.273,34.659],[78.957,34.34]]],[[[111.011,19.684],[110.935,19.995],[110.678,20.164],[110.564,19.985],[110.157,20.067],[109.99,19.906],[109.719,20.011],[109.465,19.834],[109.304,19.922],[109.205,19.719],[108.627,19.275],[108.695,18.505],[109.561,18.169],[109.746,18.396],[109.993,18.443],[110.427,18.681],[110.67,19.382],[111.011,19.684]]],[[[122.327,30.024],[121.975,30.148],[122.011,30],[122.327,30.024]]],[[[121.844,31.608],[121.264,31.841],[121.314,31.656],[121.851,31.439],[121.844,31.608]]],[[[111.197,15.775],[111.208,15.782],[111.199,15.789],[111.197,15.775]]]]},"properties":{"name":"People's Republic of China","country_code":"CN"}},
{"type":"Feature","geometry":{"type":"Polygon","coordinates":[[[34.248,31.211],[34.824,29.742],[34.887,29.49],[34.956,29.559],[35.264,30.72],[35.347,30.923],[35.457,31.434],[35.458,31.492],[35.165,31.362],[34.867,31.396],[34.953,31.608],[35.265,31.826],[34.999,31.854],[35.033,32.382],[35.21,32.542],[35.561,32.385],[35.563,32.644],[35.758,32.744],[35.888,32.945],[35.821,33.407],[35.48,33.087],[35.289,33.099],[35.105,33.089],[35.075,32.893],[34.948,32.814],[34.868,32.408],[34.804,32.193],[34.734,32.013],[34.666,31.874],[34.481,31.583],[34.248,31.211]]]},"properties":{"name":"Israel","country_code":"IL"}},
{"type":"Feature","geometry":{"type":"MultiPolygon","coordinates":[[[[34.481,31.583],[34.2,31.314],[34.248,31.211],[34.481,31.583]]],[[[35.458,31.492],[35.502,31.685],[35.56,32.19],[35.561,32.385],[35.21,32.542],[35.033,32.382],[34.999,31.854],[35.265,31.826],[34.953,31.608],[34.867,31.396],[35.165,31.362],[35.458,31.492]]]]},"properties":{"name":"Palestine","country_code":"PS"}},
{"type":"Feature","geometry":{"type":"Polygon","coordinates":[[[35.821,33.407],[35.845,33.419],[35.87,33.431],[35.922,33.64],[36.604,34.2],[36.33,34.499],[36.112,34.63],[35.97,34.65],[35.645,34.218],[35.548,33.906],[35.47,33.902],[35.483,33.865],[35.377,33.589],[35.105,33.089],[35.289,33.099],[35.48,33.087],[35.821,33.407]]]},"properties":{"name":"Lebanon","country_code":"LB"}},
{"type":"Feature","geometry":{"type":"Polygon","coordinates":[[[34.968,6.008],[35.099,5.622],[35.321,5.349],[35.43,5.427],[35.809,5.309],[35.785,4.764],[35.921,4.619],[36.045,4.444],[36.649,4.431],[36.844,4.432],[37.977,3.726],[38.102,3.613],[38.497,3.624],[39.09,3.518],[39.296,3.492],[39.536,3.405],[39.848,3.867],[40.764,4.285],[41.115,3.962],[41.885,3.977],[42.135,4.2],[42.87,4.328],[43.119,4.648],[43.528,4.842],[43.969,4.954],[44.597,4.918],[44.942,4.911],[45.518,5.541],[46.467,6.538],[47.532,7.566],[47.979,7.997],[46.979,7.997],[45.514,8.497],[44.024,8.986],[43.622,9.337],[43.419,9.413],[42.836,10.208],[42.647,10.632],[42.924,10.999],[42.608,11.089],[41.954,10.941],[41.767,10.989],[41.749,11.538],[41.975,11.881],[42.379,12.466],[41.947,12.876],[41.712,13.248],[41.192,13.616],[40.833,14.106],[40.354,14.335],[40,14.455],[39.723,14.502],[39.515,14.568],[39.208,14.44],[39.075,14.637],[38.866,14.494],[38.427,14.417],[38.246,14.652],[37.891,14.88],[37.565,14.117],[37.294,14.457],[37.073,14.285],[36.526,14.264],[36.44,13.776],[36.234,13.362],[36.099,12.696],[35.701,12.665],[35.248,11.958],[35.149,11.871],[34.947,11.275],[34.951,10.869],[34.839,10.729],[34.587,10.879],[34.279,10.566],[34.325,10.269],[34.098,9.68],[34.071,9.455],[34.083,9.205],[34.107,8.602],[33.971,8.445],[33.174,8.404],[33.208,8.254],[33.008,7.944],[33.051,7.801],[33.716,7.657],[34.007,7.41],[34.196,7.098],[34.734,6.638],[34.968,6.008]]]},"properties":{"name":"Ethiopia","country_code":"ET"}},
{"type":"Feature","geometry":{"type":"Polygon","coordinates":[[[34.968,6.008],[34.734,6.638],[34.196,7.098],[34.007,7.41],[33.716,7.657],[33.051,7.801],[33.008,7.944],[33.208,8.254],[33.174,8.404],[33.971,8.445],[34.107,8.602],[34.083,9.205],[34.071,9.455],[33.901,9.455],[33.969,9.838],[33.902,10.192],[33.182,10.843],[33.083,11.585],[33.209,12.21],[32.732,12.216],[32.747,12.003],[32.082,12],[32.345,11.709],[32.414,11.051],[31.943,10.656],[31.665,10.214],[31.235,9.792],[30.95,9.752],[30.749,9.736],[30.013,10.27],[29.615,10.058],[29.483,9.762],[29.009,9.603],[28.844,9.325],[28.045,9.331],[27.895,9.595],[27.08,9.607],[26.557,9.52],[26.102,9.988],[25.839,10.421],[25.084,10.293],[24.976,9.967],[24.793,9.798],[24.558,8.887],[24.17,8.689],[24.122,8.372],[24.263,8.269],[24.832,8.166],[25.279,7.659],[25.165,7.58],[25.36,7.336],[26.026,6.997],[26.081,6.842],[26.379,6.631],[26.29,6.387],[26.481,6.105],[27.124,5.769],[27.261,5.55],[27.301,5.205],[27.441,5.071],[27.767,4.735],[27.772,4.596],[28.404,4.278],[28.755,4.554],[29.173,4.348],[29.449,4.657],[29.788,4.539],[29.776,4.406],[30.206,3.95],[30.525,3.868],[30.543,3.613],[30.747,3.675],[30.84,3.49],[31.069,3.732],[31.614,3.697],[31.801,3.806],[32.022,3.586],[32.054,3.56],[32.176,3.527],[32.372,3.731],[33.017,3.877],[33.264,3.754],[33.528,3.771],[33.977,4.22],[34.381,4.62],[35.412,5.03],[35.571,4.904],[35.611,4.62],[35.921,4.619],[35.785,4.764],[35.809,5.309],[35.43,5.427],[35.321,5.349],[35.099,5.622],[34.968,6.008]]]},"properties":{"name":"South Sudan","country_code":"SS"}},
{"type":"Feature","geometry":{"type":"Polygon","coordinates":[[[47.532,7.566],[46.467,6.538],[45.518,5.541],[44.942,4.911],[44.597,4.918],[43.969,4.954],[43.528,4.842],[43.119,4.648],[42.87,4.328],[42.135,4.2],[41.885,3.977],[41.343,3.201],[40.965,2.814],[40.968,1.23],[40.98,-0.871],[41.523,-1.573],[41.536,-1.676],[41.535,-1.696],[42.081,-0.863],[43.185,0.316],[43.521,0.672],[44.55,1.559],[45.266,1.987],[45.606,2.183],[46.027,2.438],[47.04,3.469],[47.841,4.341],[48.202,4.909],[48.647,5.48],[49.036,6.144],[49.075,6.415],[49.367,7.026],[49.641,7.409],[49.842,7.963],[50.166,8.333],[50.422,8.857],[50.84,9.456],[50.806,9.624],[50.927,10.328],[51.395,10.479],[51.176,10.563],[51.086,11.188],[51.121,11.505],[51.293,11.833],[50.798,11.989],[50.576,11.921],[50.268,11.589],[49.577,11.46],[48.939,11.249],[48.655,11.331],[48.161,11.146],[47.678,11.108],[47.367,11.173],[46.66,10.754],[46.448,10.693],[45.803,10.875],[45.337,10.671],[44.962,10.416],[44.586,10.384],[44.274,10.457],[43.83,10.803],[43.241,11.488],[43.189,11.408],[42.924,10.999],[42.647,10.632],[42.836,10.208],[43.419,9.413],[43.622,9.337],[44.024,8.986],[45.514,8.497],[46.979,7.997],[47.979,7.997],[47.532,7.566]]]},"properties":{"name":"Somalia","country_code":"SO"}},
{"type":"Feature","geometry":{"type":"Polygon","coordinates":[[[35.921,4.619],[35.611,4.62],[35.571,4.904],[35.412,5.03],[34.381,4.62],[33.977,4.22],[34.165,3.771],[34.44,3.668],[34.384,3.388],[34.546,3.098],[34.924,2.477],[34.922,2.211],[34.979,1.676],[34.781,1.372],[34.798,1.232],[34.567,1.103],[34.56,1.093],[34.507,1.103],[34.463,1],[34.296,0.747],[34.132,0.569],[33.96,0.199],[33.952,-0.116],[33.904,-1.003],[34.719,-1.412],[35.246,-1.707],[37.424,-2.923],[37.68,-3.192],[37.599,-3.513],[38.416,-4.12],[39.191,-4.678],[39.406,-4.615],[39.786,-3.917],[39.971,-3.376],[40.225,-2.994],[40.175,-2.763],[40.39,-2.56],[40.616,-2.553],[40.925,-2.217],[40.885,-2.015],[41.283,-1.969],[41.535,-1.696],[41.536,-1.676],[41.523,-1.573],[40.98,-0.871],[40.968,1.23],[40.965,2.814],[41.343,3.201],[41.885,3.977],[41.115,3.962],[40.764,4.285],[39.848,3.867],[39.536,3.405],[39.296,3.492],[39.09,3.518],[38.497,3.624],[38.102,3.613],[37.977,3.726],[36.844,4.432],[36.649,4.431],[36.045,4.444],[35.921,4.619]]]},"properties":{"name":"Kenya","country_code":"KE"}},
{"type":"Feature","geometry":{"type":"MultiPolygon","coordinates":[[[[34.078,-9.51],[33.912,-9.718],[33.65,-9.611],[33.404,-9.605],[32.921,-9.408],[32.975,-9.601],[33.175,-9.602],[33.366,-9.899],[33.318,-10.082],[33.533,-10.231],[33.674,-10.573],[33.291,-10.975],[33.391,-11.165],[33.23,-11.417],[33.305,-11.644],[33.253,-12.14],[33.514,-12.374],[32.958,-12.725],[32.995,-13.191],[32.905,-13.351],[32.675,-13.628],[33,-14.05],[33.203,-14.014],[33.357,-14.231],[33.618,-14.562],[34.38,-14.414],[34.502,-14.576],[34.559,-15.2],[34.419,-15.575],[34.342,-15.73],[34.233,-15.89],[34.385,-16.186],[34.887,-16.701],[35.096,-16.817],[35.081,-17.124],[35.292,-17.129],[35.278,-16.701],[35.132,-16.538],[35.237,-16.399],[35.299,-16.209],[35.698,-16.107],[35.797,-15.933],[35.838,-15.459],[35.838,-15.458],[35.789,-15.211],[35.904,-14.887],[35.751,-14.543],[35.084,-13.704],[34.864,-13.516],[34.583,-13.404],[34.494,-12.687],[34.356,-12.205],[34.607,-11.591],[34.965,-11.574],[34.759,-11.337],[34.618,-10.966],[34.621,-10.582],[34.58,-10.532],[34.483,-9.946],[34.078,-9.51]]],[[[34.694,-12],[34.656,-12.097],[34.732,-12.109],[34.694,-12]]]]},"properties":{"name":"Malawi","country_code":"MW"}},
{"type":"Feature","geometry":{"type":"MultiPolygon","coordinates":[[[[34.078,-9.51],[34.483,-9.946],[34.58,-10.532],[34.621,-10.582],[34.618,-10.966],[34.759,-11.337],[34.965,-11.574],[35.576,-11.605],[35.826,-11.413],[36.168,-11.579],[36.2,-11.702],[36.563,-11.731],[36.82,-11.574],[37.428,-11.723],[37.784,-11.559],[37.875,-11.319],[38.093,-11.256],[38.492,-11.413],[38.896,-11.168],[39.287,-11.154],[39.483,-10.999],[40.008,-10.811],[40.437,-10.475],[40.449,-10.345],[39.976,-10.178],[39.714,-9.952],[39.807,-9.852],[39.616,-9.425],[39.644,-9.189],[39.354,-8.714],[39.285,-8.319],[39.454,-8.01],[39.275,-7.596],[39.435,-7.182],[39.548,-7.118],[39.465,-6.858],[39.294,-6.815],[39.129,-6.562],[38.852,-6.349],[38.8,-5.963],[39.139,-5.103],[39.191,-4.678],[38.416,-4.12],[37.599,-3.513],[37.68,-3.192],[37.424,-2.923],[35.246,-1.707],[34.719,-1.412],[33.904,-1.003],[33.632,-1.003],[33.426,-1.003],[32.847,-1.003],[32.722,-1.003],[31.986,-1.003],[31.28,-1.003],[30.472,-1.067],[30.555,-1.318],[30.831,-1.594],[30.834,-2.345],[30.555,-2.401],[30.416,-2.852],[30.488,-2.943],[30.819,-2.99],[30.8,-3.275],[30.61,-3.376],[30.373,-3.704],[30.176,-4.04],[29.733,-4.463],[29.404,-4.45],[29.343,-5],[29.594,-5.62],[29.476,-6.002],[29.526,-6.273],[29.739,-6.652],[29.969,-6.803],[30.294,-7.149],[30.442,-7.596],[30.752,-8.194],[30.96,-8.55],[31.353,-8.587],[31.673,-8.913],[32.146,-9.07],[32.231,-9.134],[32.921,-9.408],[33.404,-9.605],[33.65,-9.611],[33.912,-9.718],[34.078,-9.51]]],[[[39.896,-7.638],[39.587,-7.945],[39.823,-7.914],[39.896,-7.638]]],[[[39.391,-6],[39.313,-5.718],[39.198,-6.034],[39.308,-6.246],[39.508,-6.463],[39.525,-6.175],[39.391,-6]]],[[[39.856,-5.182],[39.684,-4.89],[39.743,-5.162],[39.643,-5.414],[39.796,-5.407],[39.856,-5.182]]]]},"properties":{"name":"Tanzania","country_code":"TZ"}},
{"type":"Feature","geometry":{"type":"Polygon","coordinates":[[[35.758,32.744],[35.77,32.748],[36.082,32.516],[36.517,32.357],[36.819,32.317],[37.495,32.69],[38.316,33.131],[38.775,33.372],[40.173,34.072],[40.988,34.429],[41.196,34.768],[41.192,35.159],[41.308,35.552],[41.241,36.043],[41.415,36.527],[41.844,36.618],[42.377,37.062],[42.357,37.11],[42.211,37.325],[41.896,37.154],[41.48,37.076],[40.709,37.1],[40.261,36.923],[39.442,36.692],[38.635,36.744],[38.19,36.906],[38.026,36.835],[37.522,36.674],[37.015,36.642],[36.66,36.827],[36.535,36.494],[36.649,36.306],[36.373,36.228],[36.358,35.994],[36.155,35.822],[35.911,35.918],[35.737,35.562],[35.931,35.261],[35.867,34.924],[35.97,34.65],[36.112,34.63],[36.33,34.499],[36.604,34.2],[35.922,33.64],[35.87,33.431],[35.845,33.419],[35.821,33.407],[35.888,32.945],[35.758,32.744]]]},"properties":{"name":"Syria","country_code":"SY"}},
{"type":"Feature","geometry":{"type":"MultiPolygon","coordinates":[[[[-54.321,5.212],[-54.482,4.913],[-54.344,4.025],[-54.05,3.635],[-54.003,3.455],[-54.211,3.127],[-54.163,2.97],[-54.359,2.508],[-54.615,2.326],[-54.135,2.111],[-53.831,2.31],[-53.532,2.247],[-53.344,2.35],[-52.96,2.175],[-52.708,2.359],[-51.988,3.705],[-51.683,4.039],[-51.651,4.19],[-51.793,4.601],[-51.996,4.652],[-52.995,5.458],[-53.944,5.745],[-54.171,5.348],[-54.321,5.212]]],[[[2.522,51.088],[2.063,51.014],[1.581,50.869],[1.595,50.373],[1.373,50.066],[0.236,49.729],[0.08,49.542],[0.493,49.494],[0.294,49.435],[-0.219,49.28],[-1.119,49.346],[-1.391,49.713],[-1.935,49.724],[-1.603,49.225],[-1.59,48.642],[-1.949,48.538],[-2.312,48.687],[-2.682,48.509],[-3.091,48.871],[-3.515,48.842],[-3.639,48.688],[-3.974,48.733],[-4.564,48.63],[-4.775,48.491],[-4.29,48.108],[-4.684,48.067],[-4.372,47.807],[-3.935,47.888],[-3.539,47.774],[-2.817,47.499],[-2.461,47.453],[-2.556,47.383],[-1.991,47.035],[-2.119,46.82],[-1.805,46.504],[-1.119,46.311],[-1.073,45.904],[-1.194,45.71],[-0.707,45.322],[-1.14,45.49],[-1.251,44.468],[-1.514,43.539],[-1.794,43.386],[-1.75,43.295],[-1.404,43.243],[-1.488,43.082],[-0.745,42.919],[-0.305,42.831],[-0.039,42.685],[0.467,42.69],[0.663,42.696],[0.856,42.813],[1.429,42.595],[1.451,42.602],[1.597,42.622],[1.761,42.568],[1.717,42.54],[1.707,42.503],[1.712,42.494],[2.052,42.352],[2.465,42.341],[2.934,42.47],[3.181,42.431],[3.046,42.837],[3.244,43.219],[4.105,43.552],[4.206,43.46],[4.82,43.346],[5.174,43.428],[5.347,43.216],[5.672,43.18],[5.857,43.045],[6.68,43.202],[6.933,43.48],[7.366,43.723],[7.407,43.764],[7.437,43.743],[7.502,43.792],[7.688,44.091],[7.381,44.123],[6.878,44.355],[6.938,44.658],[7.039,44.712],[6.629,45.124],[7.108,45.259],[7.075,45.466],[6.784,45.765],[7.022,45.925],[6.788,46.405],[6.217,46.31],[5.959,46.13],[6.119,46.332],[6.059,46.417],[6.138,46.558],[6.443,46.851],[6.838,47.168],[6.939,47.427],[7.142,47.488],[7.337,47.432],[7.388,47.433],[7.421,47.451],[7.446,47.487],[7.486,47.499],[7.521,47.563],[7.586,47.585],[7.582,48.121],[7.81,48.615],[8.2,48.958],[7.645,49.036],[7.372,49.166],[6.701,49.173],[6.345,49.455],[6.251,49.489],[5.928,49.482],[5.791,49.538],[5.478,49.495],[5.391,49.609],[4.968,49.797],[4.872,50.14],[4.428,49.934],[4.216,49.954],[4.132,49.975],[4.204,50.252],[3.662,50.319],[3.271,50.527],[3.163,50.75],[3.024,50.768],[2.867,50.7],[2.59,50.842],[2.522,51.088]]],[[[-60.81,14.462],[-61.002,14.811],[-61.171,14.876],[-61.07,14.467],[-60.81,14.462]]],[[[-61.552,16.286],[-61.771,16.349],[-61.695,15.949],[-61.552,16.286]]],[[[-61.544,16.285],[-61.188,16.264],[-61.459,16.512],[-61.544,16.285]]],[[[55.788,-21.103],[55.578,-20.875],[55.287,-20.912],[55.355,-21.275],[55.821,-21.325],[55.788,-21.103]]],[[[45.201,-12.723],[45.042,-12.698],[45.132,-12.887],[45.201,-12.723]]],[[[8.57,42.382],[8.743,42.044],[8.792,41.561],[9.223,41.373],[9.396,41.86],[9.553,42.113],[9.484,42.832],[9.342,42.991],[9.292,42.675],[9.107,42.726],[8.57,42.382]]]]},"properties":{"name":"France","country_code":"FR"}},
{"type":"Feature","geometry":{"type":"Polygon","coordinates":[[[-54.321,5.212],[-54.171,5.348],[-53.986,5.746],[-54.037,5.842],[-54.705,5.975],[-55.085,5.991],[-55.129,5.821],[-55.23,5.902],[-55.253,5.918],[-55.844,5.976],[-55.897,5.677],[-55.898,5.763],[-56.604,5.95],[-57.066,5.95],[-57.18,5.531],[-57.248,5.485],[-57.233,5.261],[-57.28,5.026],[-57.72,4.99],[-57.919,4.83],[-57.837,4.651],[-58.068,4.151],[-57.83,3.662],[-57.565,3.35],[-57.308,3.395],[-57.175,2.819],[-56.705,2.03],[-56.482,1.942],[-56.02,1.834],[-55.915,2.038],[-56.117,2.333],[-55.989,2.521],[-55.724,2.397],[-54.979,2.543],[-54.775,2.457],[-54.615,2.326],[-54.359,2.508],[-54.163,2.97],[-54.211,3.127],[-54.003,3.455],[-54.05,3.635],[-54.344,4.025],[-54.482,4.913],[-54.321,5.212]]]},"properties":{"name":"Suriname","country_code":"SR"}},
{"type":"Feature","geometry":{"type":"Polygon","coordinates":[[[-57.233,5.261],[-57.248,5.485],[-57.162,5.639],[-57.167,6.085],[-57.52,6.278],[-57.914,6.713],[-58.174,6.815],[-58.398,6.883],[-58.581,6.463],[-58.602,6.417],[-58.617,6.488],[-58.52,6.978],[-58.49,7.376],[-58.781,7.665],[-59.165,8.059],[-60.021,8.558],[-59.816,8.288],[-60.268,7.921],[-60.503,7.821],[-60.731,7.525],[-60.548,7.126],[-60.348,7.153],[-60.377,6.939],[-60.722,6.76],[-61.13,6.716],[-61.21,6.541],[-61.122,6.187],[-61.38,5.905],[-60.74,5.202],[-60.213,5.267],[-60.089,5.155],[-59.983,5.086],[-60.149,4.513],[-59.687,4.371],[-59.727,4.176],[-59.529,3.932],[-59.838,3.609],[-59.821,3.363],[-59.959,3.066],[-60,2.694],[-59.903,2.36],[-59.742,2.264],[-59.75,1.851],[-59.242,1.378],[-58.972,1.312],[-58.772,1.201],[-58.519,1.267],[-58.502,1.454],[-58.332,1.593],[-58.027,1.517],[-57.985,1.658],[-57.561,1.709],[-57.341,1.969],[-57.104,2.021],[-56.806,1.874],[-56.482,1.942],[-56.705,2.03],[-57.175,2.819],[-57.308,3.395],[-57.565,3.35],[-57.83,3.662],[-58.068,4.151],[-57.837,4.651],[-57.919,4.83],[-57.72,4.99],[-57.28,5.026],[-57.233,5.261]]]},"properties":{"name":"Guyana","country_code":"GY"}},
{"type":"Feature","geometry":{"type":"MultiPolygon","coordinates":[[[[128.365,38.624],[128.04,38.304],[127.157,38.307],[126.966,38.213],[126.94,38.174],[126.667,37.828],[126.604,37.549],[126.72,37.377],[126.755,37.049],[126.962,36.905],[126.519,37.055],[126.343,36.74],[126.573,36.343],[126.497,36.16],[126.812,36.047],[126.521,35.971],[126.806,35.867],[126.468,35.64],[126.437,35.371],[126.452,35.1],[126.269,35.137],[126.603,34.633],[126.29,34.75],[126.48,34.349],[127.01,34.612],[127.316,34.445],[127.504,34.591],[127.362,34.773],[127.805,34.957],[128.435,34.843],[128.478,35.099],[128.963,35.133],[129.199,35.164],[129.269,35.316],[129.459,35.611],[129.555,36.082],[129.433,35.996],[129.423,36.617],[129.471,36.772],[129.331,37.282],[129.064,37.679],[128.632,38.145],[128.365,38.624]]],[[[126.946,33.478],[126.792,33.564],[126.311,33.464],[126.286,33.2],[126.841,33.31],[126.946,33.478]]]]},"properties":{"name":"South Korea","country_code":"KR"}},
{"type":"Feature","geometry":{"type":"Polygon","coordinates":[[[128.365,38.624],[127.77,39.109],[127.452,39.166],[127.438,39.405],[127.563,39.344],[127.521,39.747],[128.665,40.201],[128.619,40.297],[129.161,40.565],[129.218,40.696],[129.717,40.835],[129.806,41.376],[129.649,41.549],[130.202,42.174],[130.407,42.325],[130.7,42.295],[130.531,42.53],[130.452,42.55],[130.121,42.982],[129.852,42.962],[129.703,42.442],[129.34,42.445],[129.211,42.22],[128.883,42.03],[128.035,41.994],[128.303,41.583],[128.146,41.376],[127.269,41.505],[127,41.752],[126.618,41.666],[126.501,41.434],[126.015,40.909],[125.704,40.859],[125.415,40.653],[124.896,40.484],[124.37,40.098],[124.322,39.913],[125.286,39.521],[125.452,39.571],[125.445,39.311],[125.137,38.804],[125.63,38.659],[125.647,38.629],[125.138,38.662],[124.677,38.115],[125.116,38.042],[125.013,37.906],[125.62,37.765],[125.597,38.032],[126.149,37.822],[126.402,37.889],[126.667,37.828],[126.94,38.174],[126.966,38.213],[127.157,38.307],[128.04,38.304],[128.365,38.624]]]},"properties":{"name":"North Korea","country_code":"KP"}},
{"type":"Feature","geometry":{"type":"Polygon","coordinates":[[[-11.782,28.21],[-12.061,28.089],[-12.968,27.915],[-13.171,27.685],[-13.62,26.689],[-14.41,26.26],[-14.782,25.447],[-14.836,24.919],[-15.012,24.592],[-15.172,24.494],[-15.765,23.857],[-16.29,22.9],[-16.522,22.315],[-16.707,22.275],[-16.967,21.781],[-17.014,21.42],[-16.73,21.47],[-15.75,21.49],[-14.84,21.45],[-14.67,21.6],[-14.63,21.86],[-14.22,22.31],[-14.02,23.41],[-13.77,23.79],[-13.31,23.981],[-12.947,24.497],[-12.43,24.83],[-12.056,25.995],[-11.717,26.104],[-11.337,26.633],[-11.392,26.883],[-10.922,27.01],[-10.55,26.99],[-10.25,26.86],[-9.734,26.86],[-9.412,27.088],[-8.794,27.12],[-8.817,27.661],[-8.682,27.661],[-8.682,28.666],[-7.619,29.389],[-7.147,29.509],[-6.784,29.446],[-6.344,29.572],[-6.001,29.579],[-5.54,29.523],[-5.176,29.977],[-4.771,30.229],[-4.372,30.509],[-3.646,30.711],[-3.555,30.956],[-3.819,31.319],[-3.66,31.648],[-3.162,31.733],[-2.828,31.795],[-2.939,32.049],[-2.516,32.132],[-1.25,32.082],[-1.273,32.229],[-1.048,32.517],[-1.423,32.742],[-1.5,33.06],[-1.674,33.238],[-1.613,33.521],[-1.741,33.687],[-1.672,34.092],[-1.871,34.597],[-1.77,34.741],[-2.223,35.089],[-2.905,35.174],[-2.913,35.277],[-2.943,35.268],[-2.948,35.33],[-3.413,35.198],[-3.822,35.207],[-3.919,35.267],[-4.495,35.181],[-4.77,35.241],[-5.249,35.585],[-5.341,35.847],[-5.399,35.925],[-5.908,35.797],[-6.249,35.001],[-6.723,34.182],[-7.117,33.835],[-7.341,33.731],[-7.886,33.509],[-8.012,33.466],[-8.529,33.269],[-8.868,32.882],[-9.26,32.577],[-9.27,32.227],[-9.459,31.945],[-9.848,31.402],[-9.824,30.96],[-9.887,30.687],[-9.612,30.404],[-9.82,29.839],[-10.399,29.161],[-10.574,28.99],[-11.048,28.762],[-11.486,28.326],[-11.782,28.21]]]},"properties":{"name":"Morocco","country_code":"MA"}},
{"type":"Feature","geometry":{"type":"Polygon","coordinates":[[[-12.056,25.995],[-12.43,24.83],[-12.947,24.497],[-13.31,23.981],[-13.77,23.79],[-14.02,23.41],[-14.22,22.31],[-14.63,21.86],[-14.67,21.6],[-14.84,21.45],[-15.75,21.49],[-16.73,21.47],[-17.014,21.42],[-17.057,20.767],[-16.959,21.333],[-14.296,21.333],[-13.015,21.333],[-13.032,21.582],[-13.093,22.495],[-13.165,22.753],[-13.015,23.018],[-12.619,23.271],[-12.015,23.495],[-12.015,25.995],[-10.202,25.995],[-8.681,26.013],[-8.682,27.285],[-8.682,27.661],[-8.817,27.661],[-8.794,27.12],[-9.412,27.088],[-9.734,26.86],[-10.25,26.86],[-10.55,26.99],[-10.922,27.01],[-11.392,26.883],[-11.337,26.633],[-11.717,26.104],[-12.056,25.995]]]},"properties":{"name":"Western Sahara","country_code":"EH"}},
{"type":"Feature","geometry":{"type":"Polygon","coordinates":[[[-85.236,11.053],[-85.598,11.21],[-85.702,11.081],[-85.909,10.886],[-85.665,10.779],[-85.875,10.355],[-85.639,9.905],[-85.229,9.725],[-85.118,9.555],[-84.865,9.823],[-85.167,10.019],[-85.069,10.156],[-84.734,9.967],[-84.678,9.651],[-84.522,9.519],[-84.208,9.465],[-83.63,9.035],[-83.588,8.835],[-83.74,8.624],[-83.576,8.445],[-83.287,8.377],[-83.482,8.713],[-83.171,8.637],[-83.151,8.369],[-82.898,8.035],[-83.053,8.315],[-82.87,8.438],[-82.923,8.756],[-82.72,8.92],[-82.94,9.071],[-82.944,9.437],[-82.829,9.603],[-82.574,9.576],[-82.772,9.661],[-83.204,10.129],[-83.696,10.937],[-83.764,10.774],[-84.158,10.788],[-84.355,10.995],[-84.676,11.07],[-84.885,10.948],[-85.236,11.053]]]},"properties":{"name":"Costa Rica","country_code":"CR"}},
{"type":"Feature","geometry":{"type":"Polygon","coordinates":[[[-84.158,10.788],[-83.764,10.774],[-83.696,10.937],[-83.718,10.944],[-83.868,11.375],[-83.653,11.612],[-83.7,11.85],[-83.617,12.348],[-83.767,12.547],[-83.541,12.581],[-83.53,13.033],[-83.57,13.287],[-83.431,13.957],[-83.192,14.387],[-83.299,14.771],[-83.13,14.997],[-83.39,15.031],[-83.616,14.873],[-84.483,14.619],[-84.77,14.805],[-85,14.742],[-85.024,14.603],[-85.158,14.338],[-85.563,14.042],[-85.743,13.824],[-86.097,14.044],[-86.41,13.749],[-86.771,13.708],[-86.764,13.637],[-86.733,13.268],[-86.911,13.24],[-87.035,12.98],[-87.314,12.982],[-87.584,13.057],[-87.647,12.872],[-87.121,12.458],[-86.798,12.219],[-86.671,12.001],[-86.502,11.767],[-86.175,11.519],[-85.702,11.081],[-85.598,11.21],[-85.236,11.053],[-84.885,10.948],[-84.676,11.07],[-84.355,10.995],[-84.158,10.788]]]},"properties":{"name":"Nicaragua","country_code":"NI"}},
{"type":"Feature","geometry":{"type":"Polygon","coordinates":[[[18.626,3.477],[18.472,3.632],[17.842,3.54],[17.414,3.683],[16.568,3.464],[16.427,2.726],[16.197,2.236],[16.065,1.979],[16.159,1.735],[15.765,1.909],[15.234,2.031],[14.892,2.006],[14.562,2.209],[14.433,2.132],[13.662,2.158],[13.295,2.161],[13.162,1.9],[13.185,1.223],[13.543,1.283],[13.795,1.434],[14.22,1.355],[14.468,0.913],[14.232,0.543],[14.076,0.539],[13.871,0.196],[13.888,-0.092],[13.831,-0.205],[14.121,-0.302],[14.499,-0.631],[14.392,-1.023],[14.439,-1.186],[14.463,-1.549],[14.369,-1.922],[14.252,-1.968],[14.101,-2.478],[13.885,-2.488],[13.743,-2.097],[13.469,-2.435],[12.994,-2.36],[12.741,-1.891],[12.45,-1.899],[12.459,-2.33],[12.062,-2.415],[11.558,-2.349],[11.536,-2.805],[11.778,-3.027],[11.688,-3.171],[11.944,-3.303],[11.841,-3.71],[11.483,-3.509],[11.213,-3.697],[11.114,-3.937],[11.825,-4.615],[11.842,-4.742],[11.886,-4.855],[12.01,-5.02],[12.387,-4.605],[12.783,-4.4],[13.074,-4.635],[13.393,-4.885],[13.58,-4.783],[13.711,-4.464],[13.905,-4.49],[14.369,-4.278],[14.401,-4.886],[14.831,-4.815],[15.076,-4.52],[15.151,-4.425],[15.567,-4.038],[15.888,-3.941],[15.958,-3.815],[16.227,-3.29],[16.184,-2.94],[16.231,-2.129],[16.525,-1.859],[16.656,-1.59],[17.029,-1.094],[17.298,-1.021],[17.546,-0.756],[17.75,-0.523],[17.716,-0.196],[17.952,0.474],[17.867,1.017],[18.071,1.551],[18.072,2.16],[18.613,3.128],[18.626,3.477]]]},"properties":{"name":"Republic of the Congo","country_code":"CG"}},
{"type":"Feature","geometry":{"type":"Polygon","coordinates":[[[17.546,-0.756],[17.298,-1.021],[17.029,-1.094],[16.656,-1.59],[16.525,-1.859],[16.231,-2.129],[16.184,-2.94],[16.227,-3.29],[15.958,-3.815],[15.888,-3.941],[15.567,-4.038],[15.151,-4.425],[15.076,-4.52],[14.831,-4.815],[14.401,-4.886],[14.369,-4.278],[13.905,-4.49],[13.711,-4.464],[13.58,-4.783],[13.393,-4.885],[13.074,-4.635],[12.833,-4.723],[12.444,-5.055],[12.531,-5.163],[12.509,-5.726],[12.211,-5.763],[12.449,-6.052],[12.822,-5.83],[13.184,-5.856],[14.76,-5.88],[16.101,-5.858],[16.597,-5.925],[16.727,-6.189],[16.768,-6.708],[16.973,-7.015],[17.098,-7.378],[17.536,-8.075],[18.177,-7.999],[19.356,-8.002],[19.356,-7.574],[19.513,-7.479],[19.522,-7.002],[19.963,-7.002],[20.611,-6.916],[20.521,-7.286],[21.785,-7.283],[21.827,-7.646],[21.758,-8.015],[21.913,-8.333],[21.86,-8.846],[21.854,-9.618],[22.16,-9.931],[22.313,-10.369],[22.309,-10.613],[22.165,-10.852],[22.238,-11.25],[22.538,-11.037],[23.014,-11.102],[23.495,-10.964],[23.834,-11.028],[23.967,-10.872],[24.382,-11.121],[24.285,-11.381],[24.446,-11.464],[24.713,-11.326],[25.279,-11.2],[25.352,-11.646],[25.994,-11.905],[26.415,-11.912],[26.697,-12.017],[26.967,-11.87],[27.01,-11.61],[27.18,-11.57],[27.234,-11.809],[27.421,-11.922],[27.59,-12.243],[28.34,-12.451],[29.065,-13.389],[29.169,-13.434],[29.574,-13.225],[29.626,-13.43],[29.798,-13.424],[29.8,-12.159],[29.799,-12.156],[29.474,-12.243],[29.5,-12.453],[29.03,-12.376],[28.945,-12.206],[28.508,-11.873],[28.357,-11.447],[28.44,-11.348],[28.635,-10.519],[28.678,-9.804],[28.516,-9.378],[28.372,-9.235],[28.893,-8.766],[28.915,-8.473],[29.576,-8.373],[30.752,-8.194],[30.442,-7.596],[30.294,-7.149],[29.969,-6.803],[29.739,-6.652],[29.526,-6.273],[29.476,-6.002],[29.594,-5.62],[29.343,-5],[29.404,-4.45],[29.367,-4.189],[29.217,-3.709],[29.224,-3.571],[29.212,-3.407],[29.236,-3.271],[29.242,-3.104],[29.015,-2.721],[28.859,-2.418],[29.151,-2.15],[29.187,-1.74],[29.445,-1.497],[29.578,-1.388],[29.552,-0.99],[29.629,-0.442],[29.644,-0.358],[29.681,-0.138],[29.833,0.337],[29.904,0.438],[29.982,0.849],[30.183,0.955],[30.239,1.136],[30.554,1.336],[31.076,1.841],[31.28,2.151],[30.968,2.405],[30.708,2.462],[30.771,2.676],[30.855,2.893],[30.763,3.123],[30.905,3.386],[30.84,3.49],[30.747,3.675],[30.543,3.613],[30.525,3.868],[30.206,3.95],[29.776,4.406],[29.788,4.539],[29.449,4.657],[29.173,4.348],[28.755,4.554],[28.404,4.278],[27.772,4.596],[27.767,4.735],[27.441,5.071],[27.116,5.2],[26.867,5.038],[26.463,5.06],[26.13,5.259],[25.826,5.195],[25.581,5.375],[25.364,5.311],[25.308,5.032],[24.789,4.92],[24.481,5.102],[24.163,4.908],[23.567,4.724],[23.388,4.587],[22.898,4.824],[22.452,4.147],[22.037,4.229],[21.723,4.295],[21.211,4.292],[20.872,4.453],[20.603,4.41],[20.457,4.525],[20.339,4.772],[19.858,5.06],[19.409,5.13],[19.107,4.932],[18.721,4.377],[18.596,4.371],[18.537,4.306],[18.612,3.867],[18.626,3.477],[18.613,3.128],[18.072,2.16],[18.071,1.551],[17.867,1.017],[17.952,0.474],[17.716,-0.196],[17.75,-0.523],[17.546,-0.756]]]},"properties":{"name":"Democratic Republic of the Congo","country_code":"CD"}},
{"type":"Feature","geometry":{"type":"Polygon","coordinates":[[[91.436,27.989],[90.755,28.055],[90.475,28.072],[90.588,28.233],[90.226,28.358],[89.863,28.296],[89.417,27.989],[89.206,27.747],[89.125,27.615],[88.892,27.316],[88.876,27.28],[88.733,27.149],[89.097,26.821],[89.369,26.837],[89.755,26.701],[89.859,26.722],[90.383,26.892],[90.588,26.78],[90.944,26.779],[91.013,26.784],[91.276,26.774],[91.406,26.87],[91.702,26.803],[92.08,26.922],[92.006,27.176],[91.975,27.472],[91.727,27.46],[91.595,27.546],[91.628,27.853],[91.436,27.989]]]},"properties":{"name":"Bhutan","country_code":"BT"}},
{"type":"Feature","geometry":{"type":"Polygon","coordinates":[[[31.764,52.101],[30.959,52.075],[30.515,51.604],[30.555,51.243],[30.149,51.484],[29.618,51.486],[29.353,51.377],[29.124,51.625],[28.729,51.401],[28.604,51.554],[27.813,51.602],[27.666,51.49],[27.512,51.623],[26.081,51.901],[25.547,51.919],[24.391,51.88],[23.981,51.586],[23.606,51.517],[23.634,51.339],[24.131,50.839],[24.108,50.63],[23.981,50.405],[23.659,50.327],[23.101,49.957],[22.641,49.529],[22.865,49.013],[22.54,49.072],[22.371,48.858],[22.133,48.405],[22.158,48.402],[22.878,47.947],[23.119,48.092],[23.485,47.974],[24.231,47.897],[24.57,47.937],[24.929,47.714],[24.942,47.716],[25.262,47.899],[26.103,47.978],[26.303,48.212],[26.618,48.259],[26.843,48.394],[27.252,48.378],[27.504,48.472],[27.885,48.378],[28.003,48.326],[28.5,48.109],[28.862,48.001],[28.936,47.942],[29.236,47.871],[29.137,47.484],[29.371,47.304],[29.557,47.324],[29.561,46.961],[29.928,46.81],[29.899,46.553],[30.081,46.374],[29.457,46.484],[29.183,46.538],[29.056,46.499],[28.984,46.221],[28.957,46.001],[28.564,45.735],[28.504,45.566],[28.27,45.521],[28.199,45.462],[28.215,45.45],[28.779,45.231],[29.322,45.444],[29.659,45.216],[29.643,45.827],[29.734,45.614],[30.494,46.08],[30.798,46.446],[31.187,46.629],[31.858,46.629],[31.965,46.722],[32.361,46.467],[31.852,46.522],[31.816,46.483],[31.817,46.348],[32.503,46.076],[33.629,46.125],[33.67,46.218],[34.689,45.974],[35.002,45.729],[34.811,46.166],[35.105,46.295],[35.265,46.261],[35.28,46.255],[35.902,46.653],[37.038,46.877],[37.335,46.882],[37.581,47.09],[38.217,47.103],[38.353,47.607],[39.036,47.857],[39.759,47.833],[39.993,48.273],[39.703,48.747],[39.95,48.853],[39.681,49.02],[40.142,49.246],[40.119,49.588],[39.802,49.542],[39.181,49.859],[38.937,49.803],[38.174,50.06],[38.023,49.909],[37.728,50.079],[37.435,50.425],[36.594,50.204],[36.106,50.421],[35.692,50.344],[35.446,50.476],[35.282,50.961],[35.099,51.183],[34.186,51.249],[34.3,51.368],[34.128,51.681],[34.371,51.827],[34.096,51.952],[33.804,52.355],[33.401,52.344],[32.927,52.247],[32.354,52.322],[32.233,52.081],[31.764,52.101]]]},"properties":{"name":"Ukraine","country_code":"UA"}},
{"type":"Feature","geometry":{"type":"Polygon","coordinates":[[[31.764,52.101],[31.567,52.311],[31.505,52.849],[31.362,53.12],[31.739,53.193],[32.083,53.082],[32.718,53.431],[32.462,53.707],[31.745,53.795],[31.814,54.057],[31.325,54.229],[31.179,54.453],[31.168,54.622],[30.771,54.786],[31.006,55.023],[30.794,55.286],[30.907,55.578],[30.218,55.855],[29.461,55.687],[29.377,55.954],[28.809,55.935],[28.149,56.142],[28.051,56.141],[27.76,55.975],[27.593,55.794],[26.979,55.826],[26.595,55.667],[26.445,55.338],[26.74,55.243],[26.17,54.993],[25.783,54.87],[25.74,54.569],[25.472,54.297],[24.851,54.145],[24.789,53.97],[23.486,53.939],[23.894,53.152],[23.92,52.773],[23.392,52.51],[23.176,52.285],[23.637,52.084],[23.606,51.517],[23.981,51.586],[24.391,51.88],[25.547,51.919],[26.081,51.901],[27.512,51.623],[27.666,51.49],[27.813,51.602],[28.604,51.554],[28.729,51.401],[29.124,51.625],[29.353,51.377],[29.618,51.486],[30.149,51.484],[30.555,51.243],[30.515,51.604],[30.959,52.075],[31.764,52.101]]]},"properties":{"name":"Belarus","country_code":"BY"}},
{"type":"Feature","geometry":{"type":"Polygon","coordinates":[[[16.487,-28.573],[16.804,-28.366],[16.893,-28.083],[17.098,-28.031],[17.346,-28.228],[17.404,-28.704],[17.913,-28.781],[18.166,-28.902],[18.746,-28.84],[19.082,-28.959],[19.289,-28.871],[19.569,-28.531],[19.982,-28.422],[19.983,-26.896],[19.982,-25.619],[19.981,-24.752],[19.98,-23.864],[19.98,-23.309],[19.978,-22.001],[20.972,-22.001],[20.981,-21],[20.979,-20.351],[20.976,-19.172],[20.993,-18.319],[21.476,-18.3],[22.981,-18.02],[23.311,-18.01],[23.592,-18.478],[24.183,-18.029],[24.506,-18.06],[24.953,-17.788],[25.26,-17.794],[24.97,-17.56],[24.22,-17.479],[23.382,-17.641],[21.381,-18.013],[20.986,-17.966],[20.806,-18.031],[20.336,-17.855],[20.034,-17.896],[19.021,-17.822],[18.762,-17.748],[18.454,-17.39],[18,-17.389],[17.279,-17.389],[15.559,-17.389],[14.219,-17.388],[13.943,-17.408],[13.346,-16.969],[12.887,-17.03],[12.555,-17.236],[12.029,-17.149],[11.766,-17.253],[11.718,-17.546],[11.849,-18.143],[12.032,-18.505],[12.287,-18.698],[13.155,-20.154],[13.387,-20.816],[13.628,-21.188],[13.952,-21.784],[14.386,-22.276],[14.534,-22.854],[14.41,-22.971],[14.484,-23.551],[14.474,-24.159],[14.829,-25],[14.843,-25.764],[14.979,-26.059],[14.966,-26.335],[15.129,-26.458],[15.083,-26.695],[15.295,-27.322],[15.684,-27.95],[16.347,-28.556],[16.487,-28.573]]]},"properties":{"name":"Namibia","country_code":"NA"}},
{"type":"Feature","geometry":{"type":"Polygon","coordinates":[[[16.487,-28.573],[16.809,-29.078],[17.282,-30.348],[17.767,-31.156],[18.173,-31.663],[18.349,-32.26],[18.273,-32.648],[17.844,-32.815],[18.489,-33.863],[18.316,-34.157],[18.47,-34.347],[18.555,-34.074],[18.858,-34.15],[18.808,-34.365],[19.278,-34.407],[19.642,-34.772],[19.953,-34.809],[20.524,-34.454],[20.913,-34.36],[21.703,-34.391],[22.564,-33.997],[23.408,-34.11],[23.636,-33.98],[24.858,-34.187],[24.953,-33.985],[25.704,-34.021],[25.679,-33.795],[25.955,-33.711],[26.515,-33.755],[27.143,-33.479],[27.897,-33.04],[28.87,-32.287],[29.392,-31.736],[30.01,-31.292],[30.196,-31.078],[30.392,-30.847],[31.187,-29.56],[31.752,-28.966],[32.012,-28.866],[32.379,-28.553],[32.544,-28.19],[32.677,-27.521],[32.893,-26.846],[32.114,-26.84],[31.99,-26.808],[31.944,-27.162],[31.968,-27.316],[31.245,-27.233],[30.976,-27.035],[30.885,-26.786],[30.783,-26.472],[30.897,-26.292],[31.12,-25.91],[31.427,-25.744],[31.747,-25.931],[31.949,-25.958],[31.992,-25.65],[31.987,-24.423],[31.926,-24.277],[31.856,-23.963],[31.521,-23.416],[31.536,-23.157],[31.289,-22.397],[31.097,-22.335],[30.838,-22.282],[30.301,-22.337],[29.759,-22.131],[29.35,-22.187],[29.048,-22.22],[28.913,-22.454],[28.339,-22.585],[27.754,-23.221],[27.127,-23.525],[26.965,-23.747],[26.85,-24.248],[26.404,-24.633],[26.166,-24.661],[25.868,-24.748],[25.653,-25.463],[25.386,-25.744],[24.799,-25.829],[24.501,-25.758],[23.925,-25.629],[23.459,-25.282],[23.007,-25.311],[22.845,-25.481],[22.621,-26.112],[22.257,-26.341],[22.058,-26.618],[21.781,-26.678],[21.687,-26.855],[20.691,-26.892],[20.623,-26.428],[20.841,-26.131],[20.612,-25.431],[20.365,-25.033],[19.981,-24.752],[19.982,-25.619],[19.983,-26.896],[19.982,-28.422],[19.569,-28.531],[19.289,-28.871],[19.082,-28.959],[18.746,-28.84],[18.166,-28.902],[17.913,-28.781],[17.404,-28.704],[17.346,-28.228],[17.098,-28.031],[16.893,-28.083],[16.804,-28.366],[16.487,-28.573]],[[29.016,-29.979],[28.356,-30.173],[28.216,-30.267],[28.079,-30.659],[27.744,-30.6],[27.533,-30.393],[27.378,-30.312],[27.171,-29.921],[27.015,-29.626],[27.3,-29.52],[27.511,-29.271],[27.634,-29.091],[27.747,-28.909],[28.218,-28.701],[28.634,-28.571],[28.828,-28.76],[28.859,-28.773],[29.312,-29.09],[29.436,-29.342],[29.275,-29.528],[29.114,-29.753],[29.016,-29.979]]]},"properties":{"name":"South Africa","country_code":"ZA"}},
{"type":"Feature","geometry":{"type":"Polygon","coordinates":[[[-63.018,18.033],[-63.018,18.122],[-63.107,18.062],[-63.018,18.033]]]},"properties":{"name":"Saint Martin","country_code":"MF"}},
{"type":"Feature","geometry":{"type":"Polygon","coordinates":[[[-63.107,18.062],[-63.098,18.036],[-63.018,18.033],[-63.107,18.062]]]},"properties":{"name":"Sint Maarten","country_code":"SX"}},
{"type":"Feature","geometry":{"type":"Polygon","coordinates":[[[56.383,25.321],[56.365,25.423],[56.279,25.627],[56.152,25.658],[56.183,26.015],[56.077,26.061],[55.746,25.662],[55.515,25.513],[55.492,25.46],[55.424,25.395],[55.325,25.307],[55.006,24.97],[54.707,24.804],[54.486,24.388],[54.123,24.145],[53.581,24.049],[52.575,24.152],[52.341,24.008],[51.809,24.001],[51.759,24.291],[51.569,24.256],[51.594,24.078],[52.583,22.931],[55.105,22.621],[55.187,22.704],[55.191,22.995],[55.445,23.552],[55.457,23.963],[55.998,24.081],[55.756,24.23],[55.8,24.693],[55.976,24.972],[56.025,24.883],[56.076,24.73],[56.171,24.824],[56.275,24.872],[56.314,24.912],[56.316,24.93],[56.383,24.978],[56.362,25.068],[56.383,25.321]],[[56.207,25.227],[56.234,25.313],[56.261,25.331],[56.349,25.294],[56.207,25.227]]]},"properties":{"name":"United Arab Emirates","country_code":"AE"}},
{"type":"Feature","geometry":{"type":"MultiPolygon","coordinates":[[[[56.349,25.294],[56.261,25.331],[56.234,25.313],[56.207,25.227],[56.349,25.294]]],[[[56.279,25.627],[56.439,25.926],[56.364,26.386],[56.077,26.061],[56.183,26.015],[56.152,25.658],[56.279,25.627]]],[[[56.275,24.872],[56.171,24.824],[56.076,24.73],[56.025,24.883],[55.976,24.972],[55.8,24.693],[55.756,24.23],[55.998,24.081],[55.457,23.963],[55.445,23.552],[55.191,22.995],[55.187,22.704],[55.627,22.024],[55.6,21.866],[55.345,21.097],[54.978,19.995],[53.63,19.546],[51.979,18.996],[51.986,18.98],[52.73,17.3],[53.09,16.642],[53.583,16.75],[54.023,16.985],[54.592,17.038],[55.027,17.011],[55.255,17.229],[55.225,17.515],[55.445,17.841],[56.345,17.938],[56.561,18.149],[56.66,18.595],[56.915,18.81],[57.445,18.945],[57.84,19.015],[57.699,19.754],[58.104,20.575],[58.255,20.609],[58.203,20.405],[58.519,20.417],[58.68,20.828],[58.919,21.144],[59.336,21.438],[59.792,22.198],[59.803,22.535],[59.484,22.619],[59.259,22.89],[58.786,23.512],[58.132,23.713],[57.533,23.83],[57.152,23.954],[56.611,24.496],[56.383,24.978],[56.316,24.93],[56.314,24.912],[56.275,24.872]]],[[[58.906,20.626],[58.643,20.356],[58.652,20.17],[58.954,20.52],[58.906,20.626]]]]},"properties":{"name":"Oman","country_code":"OM"}},
{"type":"Feature","geometry":{"type":"MultiPolygon","coordinates":[[[[72.013,40.262],[72.228,40.46],[72.586,40.509],[73.135,40.835],[72.619,40.88],[72.195,41.006],[72.17,41.169],[71.872,41.194],[71.753,41.447],[71.421,41.162],[71.18,41.108],[70.77,41.239],[70.634,41.467],[70.471,41.405],[70.169,41.578],[71.25,42.198],[70.948,42.248],[70.61,42.027],[70.455,42.094],[69.912,41.713],[69.625,41.668],[69.032,41.367],[69.039,41.22],[68.65,40.952],[68.593,40.599],[68.266,40.663],[67.991,40.811],[68.117,41.067],[67.937,41.2],[66.758,41.153],[66.688,41.199],[66.504,41.993],[66.017,41.998],[66.013,42.373],[66.101,42.99],[65.795,42.877],[65.517,43.297],[64.957,43.697],[64.427,43.547],[63.208,43.627],[62.028,43.481],[61.162,44.168],[61.036,44.383],[59.055,45.324],[58.531,45.559],[56.708,45.162],[55.978,44.996],[55.977,43.616],[55.978,41.322],[56.534,41.299],[57.01,41.254],[56.95,41.866],[57.382,42.164],[57.85,42.191],[57.998,42.493],[58.494,42.306],[58.131,42.639],[58.493,42.645],[58.612,42.781],[58.894,42.548],[59.122,42.538],[59.478,42.286],[60.028,42.2],[59.932,41.948],[60.141,41.874],[60.094,41.39],[60.415,41.235],[61.004,41.23],[61.281,41.157],[61.47,41.297],[61.878,41.125],[62.187,40.506],[62.353,40.43],[62.453,40.009],[63.478,39.403],[64.121,38.962],[64.368,38.94],[65.604,38.237],[65.877,38.273],[66.637,37.967],[66.519,37.783],[66.52,37.364],[67.006,37.384],[67.237,37.192],[67.482,37.277],[67.781,37.189],[67.829,37.528],[68.238,37.943],[68.361,38.174],[68.055,38.536],[68.153,38.899],[67.673,39.003],[67.359,39.29],[67.436,39.486],[67.765,39.623],[68.517,39.548],[68.64,39.848],[68.931,40.147],[68.697,40.112],[68.643,40.184],[69.074,40.217],[69.285,40.195],[69.198,40.546],[69.436,40.803],[69.66,40.639],[70.458,41.016],[70.756,40.696],[70.354,40.456],[70.582,40.222],[70.959,40.238],[71.24,40.321],[71.673,40.148],[72.013,40.262]]],[[[71.009,40.158],[71.114,39.874],[71.237,40.031],[71.009,40.158]]]]},"properties":{"name":"Uzbekistan","country_code":"UZ"}},
{"type":"Feature","geometry":{"type":"Polygon","coordinates":[[[87.324,49.085],[86.592,49.587],[86.61,49.796],[86.177,49.463],[85.597,49.619],[85.263,49.582],[84.976,50.075],[84.25,50.26],[84.089,50.635],[83.82,50.868],[83.434,50.993],[82.765,50.907],[82.476,50.714],[81.763,50.784],[81.46,50.73],[81.401,50.959],[81.058,50.947],[81.147,51.136],[80.683,51.302],[80.434,51.201],[80.439,50.958],[79.99,50.788],[79.304,51.686],[78.476,52.638],[77.785,53.327],[76.526,53.961],[76.852,54.461],[75.691,54.113],[75.028,53.808],[74.453,53.685],[74.409,53.478],[73.937,53.64],[73.451,53.449],[73.23,53.662],[73.518,53.956],[73.063,53.979],[72.624,54.135],[72.456,53.905],[72.222,54.333],[72.077,54.148],[71.321,54.201],[71.182,54.102],[71.18,54.727],[71.006,54.774],[70.82,55.294],[70.469,55.285],[70.197,55.133],[69.674,55.334],[68.734,55.352],[68.262,55.194],[68.166,54.956],[66.098,54.637],[65.45,54.627],[65.213,54.343],[64.911,54.403],[63.98,54.304],[63.329,54.163],[62.551,54.027],[61.601,53.95],[61.194,54.018],[61.008,53.636],[61.316,53.545],[61.203,53.276],[62.051,53.125],[62.094,52.992],[61.478,53.012],[61.058,52.922],[60.677,52.664],[61.04,52.335],[60.672,52.144],[60.03,51.993],[60.48,51.784],[60.355,51.671],[60.937,51.611],[61.646,51.263],[61.372,50.782],[60.718,50.653],[60.3,50.685],[60.021,50.854],[59.775,50.534],[58.926,50.678],[58.308,51.15],[57.769,51.12],[57.689,50.897],[57.353,50.886],[57.168,51.094],[56.508,51.066],[56.079,50.725],[55.66,50.53],[55.048,50.884],[54.638,51.028],[54.676,50.603],[54.546,50.531],[54.479,50.853],[53.936,51.186],[53.674,51.22],[53.346,51.503],[52.506,51.479],[52.335,51.764],[51.869,51.673],[51.782,51.493],[51.304,51.472],[51.372,51.63],[50.767,51.759],[50.349,51.323],[49.779,51.102],[49.423,51.102],[49.408,50.848],[48.673,50.58],[48.886,50.02],[48.418,49.812],[47.625,50.441],[47.434,50.377],[47.309,50.045],[46.9,49.82],[46.775,49.333],[47.029,49.201],[46.62,48.67],[46.479,48.41],[47.112,48.242],[47.044,47.986],[47.36,47.683],[47.435,47.834],[48.044,47.77],[48.525,47.41],[49.006,46.769],[48.455,46.661],[49.227,46.328],[49.313,46.562],[49.817,46.54],[50.416,46.882],[51.213,47.121],[52.239,46.807],[52.456,47.001],[52.92,46.957],[53.188,46.718],[53.157,46.272],[52.862,45.767],[52.738,45.526],[53.267,45.351],[52.567,45.401],[51.397,45.333],[50.971,44.847],[51.319,44.596],[51.143,44.485],[50.895,44.621],[50.299,44.655],[50.23,44.391],[50.847,44.189],[50.853,44.039],[51.32,43.443],[51.276,43.154],[51.651,43.191],[51.933,42.835],[52.169,42.887],[52.713,42.731],[52.599,42.345],[52.402,42.093],[52.438,41.749],[52.979,42.127],[53.412,42.258],[54.195,42.318],[54.907,41.932],[55.43,41.291],[55.978,41.322],[55.977,43.616],[55.978,44.996],[56.708,45.162],[58.531,45.559],[59.055,45.324],[61.036,44.383],[61.162,44.168],[62.028,43.481],[63.208,43.627],[64.427,43.547],[64.957,43.697],[65.517,43.297],[65.795,42.877],[66.101,42.99],[66.013,42.373],[66.017,41.998],[66.504,41.993],[66.688,41.199],[66.758,41.153],[67.937,41.2],[68.117,41.067],[67.991,40.811],[68.266,40.663],[68.593,40.599],[68.65,40.952],[69.039,41.22],[69.032,41.367],[69.625,41.668],[69.912,41.713],[70.455,42.094],[70.61,42.027],[70.948,42.248],[70.889,42.339],[71.003,42.564],[71.405,42.795],[71.848,42.834],[72.726,42.653],[73.505,42.422],[73.41,42.59],[73.634,43.062],[74.179,43.262],[75.179,42.85],[75.646,42.806],[75.807,42.937],[76.432,42.89],[76.957,42.989],[77.212,42.91],[78.496,42.876],[79.148,42.791],[79.426,42.47],[79.918,42.424],[80.21,42.19],[80.14,42.623],[80.554,42.899],[80.368,43.028],[80.788,43.128],[80.713,43.459],[80.345,44.103],[80.356,44.653],[79.992,44.794],[80.062,45.019],[80.854,45.126],[81.739,45.338],[81.95,45.144],[82.585,45.177],[82.616,45.435],[82.297,45.555],[82.489,45.902],[83.014,47.195],[83.905,46.974],[84.664,46.984],[84.767,46.818],[85.205,47.034],[85.499,47.052],[85.67,47.384],[85.515,47.92],[85.784,48.408],[86.565,48.527],[86.887,49.107],[87.324,49.085]],[[63.384,45.566],[62.9,45.748],[62.813,46.061],[63.013,46.297],[63.557,46.372],[63.868,46.209],[63.868,45.748],[63.384,45.566]]]},"properties":{"name":"Kazakhstan","country_code":"KZ"}},
{"type":"Feature","geometry":{"type":"Polygon","coordinates":[[[70.756,40.696],[70.458,41.016],[69.66,40.639],[69.436,40.803],[69.198,40.546],[69.285,40.195],[69.074,40.217],[68.643,40.184],[68.697,40.112],[68.931,40.147],[68.64,39.848],[68.517,39.548],[67.765,39.623],[67.436,39.486],[67.359,39.29],[67.673,39.003],[68.153,38.899],[68.055,38.536],[68.361,38.174],[68.238,37.943],[67.829,37.528],[67.781,37.189],[68.025,36.926],[68.307,37.114],[68.965,37.329],[69.309,37.117],[69.529,37.586],[70.004,37.551],[70.283,37.705],[70.299,37.998],[70.596,38.338],[70.974,38.474],[71.334,38.281],[71.258,37.926],[71.598,37.898],[71.431,37.067],[71.611,36.705],[71.837,36.699],[72.26,36.967],[72.658,37.029],[72.761,37.187],[73.276,37.459],[73.753,37.428],[73.618,37.233],[74.66,37.394],[74.892,37.231],[75.164,37.401],[74.892,37.599],[74.965,37.767],[74.791,38.081],[74.776,38.511],[74.334,38.667],[74.029,38.527],[73.797,38.603],[73.684,38.855],[73.816,38.994],[73.602,39.236],[73.633,39.448],[73.136,39.353],[72.65,39.394],[72.229,39.19],[72.05,39.369],[71.733,39.285],[71.51,39.585],[70.798,39.385],[70.656,39.495],[69.669,39.578],[69.3,39.516],[69.314,39.987],[69.97,40.212],[70.525,40.034],[70.959,40.238],[70.582,40.222],[70.354,40.456],[70.756,40.696]]]},"properties":{"name":"Tajikistan","country_code":"TJ"}},
{"type":"Feature","geometry":{"type":"Polygon","coordinates":[[[26.595,55.667],[26.227,55.797],[25.961,55.958],[25.795,56.04],[25.65,56.144],[25.349,56.16],[24.871,56.443],[24.573,56.31],[24.14,56.258],[23.981,56.312],[23.871,56.332],[23.378,56.355],[23.173,56.358],[22.86,56.397],[22.578,56.387],[21.983,56.388],[21.965,56.384],[21.737,56.324],[21.485,56.266],[21.053,56.073],[21.268,55.249],[22.028,55.044],[22.27,55.07],[22.571,55.064],[22.809,54.894],[22.68,54.453],[22.767,54.356],[22.811,54.393],[23.336,54.226],[23.486,53.939],[24.789,53.97],[24.851,54.145],[25.472,54.297],[25.74,54.569],[25.783,54.87],[26.17,54.993],[26.74,55.243],[26.445,55.338],[26.595,55.667]]]},"properties":{"name":"Lithuania","country_code":"LT"}},
{"type":"Feature","geometry":{"type":"MultiPolygon","coordinates":[[[[-57.612,-30.183],[-57.617,-30.185],[-57.611,-30.187],[-57.603,-30.191],[-57.213,-30.287],[-57.077,-30.106],[-56.831,-30.102],[-56.011,-30.798],[-56.017,-31.074],[-56.01,-31.082],[-55.592,-30.848],[-55.26,-31.229],[-54.592,-31.471],[-54.467,-31.664],[-54.135,-31.909],[-53.772,-32.047],[-53.649,-32.339],[-53.111,-32.722],[-53.183,-32.8],[-53.521,-33.125],[-53.54,-33.649],[-53.379,-33.741],[-52.622,-33.102],[-52.253,-32.282],[-52.204,-31.727],[-51.923,-31.307],[-51.638,-31.257],[-51.443,-31.081],[-51.383,-30.659],[-51.188,-30.36],[-51.236,-30.178],[-50.69,-30.353],[-50.731,-30.792],[-51.153,-31.067],[-51.18,-31.359],[-51.864,-31.932],[-51.152,-31.482],[-50.721,-31.045],[-50.316,-30.462],[-50.045,-29.815],[-49.714,-29.324],[-49.343,-28.924],[-48.815,-28.61],[-48.566,-27.86],[-48.647,-27.48],[-48.608,-26.437],[-48.757,-26.291],[-48.583,-25.981],[-48.433,-25.622],[-48.456,-25.248],[-48.209,-25.458],[-48.082,-25.307],[-47.826,-24.894],[-47,-24.41],[-46.966,-24.299],[-46.146,-23.844],[-45.864,-23.756],[-45.407,-23.82],[-45.434,-23.665],[-44.892,-23.341],[-44.728,-23.352],[-44.511,-23.273],[-44.701,-23.108],[-44.436,-22.997],[-44.115,-23.022],[-43.864,-22.906],[-43.604,-23.008],[-43.22,-22.995],[-43.27,-22.747],[-43.076,-22.666],[-43.031,-22.974],[-42.058,-22.954],[-41.891,-22.782],[-41.966,-22.535],[-41.666,-22.282],[-41.244,-22.145],[-40.967,-21.948],[-41.072,-21.523],[-40.965,-21.274],[-40.732,-20.844],[-40.349,-20.5],[-40.027,-19.764],[-39.71,-19.416],[-39.745,-18.682],[-39.673,-18.323],[-39.499,-18.006],[-39.137,-17.68],[-39.209,-17.162],[-39.054,-16.436],[-38.864,-15.843],[-38.924,-15.716],[-39.067,-14.675],[-38.924,-14.004],[-39.064,-13.936],[-38.968,-13.674],[-39.04,-13.367],[-38.807,-13.144],[-38.889,-13.07],[-38.722,-12.622],[-38.509,-12.723],[-38.51,-13.021],[-38.051,-12.641],[-37.655,-12.05],[-37.483,-11.518],[-37.316,-11.406],[-36.903,-10.773],[-36.408,-10.502],[-35.305,-9.193],[-35.148,-8.914],[-34.812,-7.906],[-34.893,-7.543],[-34.797,-7.158],[-34.963,-6.503],[-35.093,-6.186],[-35.262,-5.483],[-35.511,-5.144],[-35.997,-5.048],[-36.561,-5.123],[-37.236,-4.83],[-37.607,-4.608],[-38.107,-4.158],[-38.477,-3.697],[-38.66,-3.676],[-39.358,-3.184],[-39.986,-2.848],[-40.5,-2.786],[-41.273,-2.879],[-41.248,-3.012],[-41.843,-2.765],[-42.239,-2.834],[-42.71,-2.56],[-43.312,-2.346],[-44.014,-2.635],[-44.063,-2.777],[-44.338,-2.785],[-44.049,-2.553],[-44.073,-2.4],[-44.368,-2.55],[-44.433,-2.95],[-44.782,-3.197],[-44.632,-2.697],[-44.395,-2.402],[-44.522,-1.847],[-44.803,-1.704],[-44.954,-1.502],[-45.204,-1.525],[-45.324,-1.745],[-45.369,-1.473],[-45.544,-1.27],[-45.676,-1.366],[-45.906,-1.173],[-46.085,-1.21],[-46.172,-0.921],[-46.48,-1.022],[-46.819,-0.712],[-47.077,-0.837],[-47.073,-0.675],[-47.462,-0.593],[-47.379,-0.771],[-47.725,-0.644],[-47.962,-0.782],[-48.038,-0.662],[-48.34,-1.316],[-48.483,-1.281],[-48.421,-1.645],[-48.642,-1.386],[-48.969,-1.786],[-48.966,-1.6],[-49.232,-1.948],[-49.527,-2.628],[-49.379,-1.896],[-49.485,-1.764],[-49.654,-1.92],[-49.977,-1.826],[-50.443,-1.936],[-50.66,-1.803],[-50.956,-1.129],[-50.822,-0.935],[-51.915,-1.571],[-52.249,-1.703],[-52.279,-1.518],[-52.708,-1.6],[-52.195,-1.345],[-51.921,-1.326],[-51.908,-1.158],[-51.724,-1.039],[-51.697,-0.747],[-51.251,-0.127],[-50.929,0.155],[-50.791,0.17],[-50.312,0.817],[-49.89,1.165],[-49.91,1.664],[-50.183,1.819],[-50.467,1.815],[-50.679,2.172],[-51.093,3.376],[-51.08,3.882],[-51.176,3.648],[-51.224,4.165],[-51.516,4.441],[-51.498,4.105],[-51.683,4.039],[-51.988,3.705],[-52.708,2.359],[-52.96,2.175],[-53.344,2.35],[-53.532,2.247],[-53.831,2.31],[-54.135,2.111],[-54.615,2.326],[-54.775,2.457],[-54.979,2.543],[-55.724,2.397],[-55.989,2.521],[-56.117,2.333],[-55.915,2.038],[-56.02,1.834],[-56.482,1.942],[-56.806,1.874],[-57.104,2.021],[-57.341,1.969],[-57.561,1.709],[-57.985,1.658],[-58.027,1.517],[-58.332,1.593],[-58.502,1.454],[-58.519,1.267],[-58.772,1.201],[-58.972,1.312],[-59.242,1.378],[-59.75,1.851],[-59.742,2.264],[-59.903,2.36],[-60,2.694],[-59.959,3.066],[-59.821,3.363],[-59.838,3.609],[-59.529,3.932],[-59.727,4.176],[-59.687,4.371],[-60.149,4.513],[-59.983,5.086],[-60.089,5.155],[-60.213,5.267],[-60.74,5.202],[-60.613,4.901],[-61.012,4.518],[-61.297,4.524],[-61.567,4.249],[-62.193,4.095],[-62.384,4.173],[-62.766,4.021],[-62.75,3.66],[-62.931,3.564],[-63.425,3.968],[-64.064,3.912],[-64.125,4.088],[-64.648,4.208],[-64.663,3.997],[-64.203,3.595],[-64.223,3.124],[-63.998,2.706],[-64.048,2.471],[-63.385,2.421],[-63.387,2.236],[-63.763,1.986],[-63.995,1.958],[-64.081,1.647],[-64.395,1.392],[-64.409,1.508],[-64.731,1.248],[-65.137,1.127],[-65.56,0.656],[-65.583,0.978],[-65.745,0.974],[-66.156,0.733],[-66.407,0.802],[-66.875,1.223],[-67.065,1.173],[-67.117,1.71],[-67.341,2.09],[-67.593,2.055],[-67.79,1.813],[-67.998,1.75],[-68.201,2.008],[-68.163,1.721],[-69.841,1.708],[-69.852,1.059],[-69.371,1.063],[-69.152,0.868],[-69.137,0.65],[-69.504,0.73],[-70.054,0.588],[-70.074,-0.125],[-69.632,-0.507],[-69.628,-0.733],[-69.45,-0.997],[-69.421,-1.239],[-69.771,-3.234],[-69.965,-4.236],[-70.206,-4.343],[-70.311,-4.171],[-70.832,-4.179],[-70.969,-4.385],[-71.774,-4.482],[-72.071,-4.605],[-72.627,-5.022],[-72.918,-5.132],[-73.001,-5.709],[-73.235,-6.078],[-73.132,-6.435],[-73.765,-6.904],[-73.807,-7.118],[-73.713,-7.305],[-73.984,-7.529],[-73.712,-7.788],[-73.527,-8.372],[-73.175,-8.721],[-72.959,-9.086],[-73.215,-9.409],[-72.813,-9.411],[-72.307,-9.541],[-72.196,-10.006],[-71.391,-10.007],[-70.875,-9.66],[-70.624,-9.566],[-70.639,-9.956],[-70.641,-11.011],[-70.289,-11.065],[-69.956,-10.919],[-69.578,-10.952],[-68.758,-11.012],[-68.787,-11.126],[-68.293,-10.979],[-68.098,-10.698],[-67.722,-10.705],[-67.338,-10.326],[-67.064,-10.257],[-66.649,-9.916],[-65.452,-9.681],[-65.304,-9.826],[-65.288,-10.216],[-65.395,-10.392],[-65.395,-11.153],[-65.196,-11.742],[-64.997,-11.996],[-64.793,-12.033],[-64.469,-12.261],[-64.396,-12.457],[-63.921,-12.544],[-63.801,-12.455],[-63.393,-12.665],[-63.075,-12.653],[-62.807,-12.989],[-62.427,-13.125],[-62.172,-13.118],[-61.848,-13.531],[-61.593,-13.507],[-61.047,-13.465],[-60.726,-13.663],[-60.473,-13.798],[-60.388,-13.989],[-60.464,-14.278],[-60.292,-14.63],[-60.275,-15.095],[-60.582,-15.099],[-60.238,-15.503],[-60.13,-16.273],[-58.465,-16.331],[-58.34,-16.289],[-58.48,-16.684],[-58.381,-17.267],[-57.791,-17.556],[-57.724,-17.737],[-57.551,-18.184],[-57.789,-19.059],[-58.125,-19.73],[-57.86,-19.98],[-58.159,-20.165],[-57.989,-20.433],[-57.981,-20.693],[-57.818,-20.954],[-57.973,-22.081],[-57.214,-22.188],[-56.843,-22.289],[-56.422,-22.074],[-56.197,-22.279],[-55.874,-22.317],[-55.631,-22.627],[-55.638,-23.001],[-55.534,-23.53],[-55.398,-23.977],[-54.944,-23.969],[-54.639,-23.804],[-54.246,-24.05],[-54.358,-24.731],[-54.6,-25.575],[-54.461,-25.642],[-54.107,-25.501],[-53.91,-25.629],[-53.662,-26.26],[-53.711,-26.874],[-53.842,-27.164],[-54.898,-27.624],[-55.026,-27.84],[-55.314,-27.915],[-55.623,-28.144],[-56.416,-29.051],[-57.325,-29.981],[-57.612,-30.183]]],[[[-50.819,-0.62],[-51.066,-0.676],[-51.094,-0.826],[-50.819,-0.62]]],[[[-51.186,-0.614],[-51.505,-0.607],[-51.676,-0.847],[-51.668,-1.058],[-51.954,-1.422],[-51.786,-1.45],[-51.286,-1.032],[-51.186,-0.614]]],[[[-48.463,-0.576],[-48.427,-0.26],[-49.215,-0.141],[-49.653,-0.241],[-50.368,-0.106],[-50.655,-0.264],[-50.78,-0.661],[-50.804,-1.425],[-50.607,-1.765],[-50.155,-1.779],[-50.026,-1.661],[-49.824,-1.817],[-49.504,-1.587],[-49.188,-1.608],[-48.839,-1.443],[-48.842,-1.213],[-48.643,-1.084],[-48.463,-0.576]]],[[[-50.974,-0.291],[-50.627,-0.086],[-50.947,-0.012],[-50.974,-0.291]]],[[[-49.832,-0.103],[-49.439,-0.121],[-49.497,0.086],[-49.832,-0.103]]],[[[-50.037,0.3],[-50.367,0.215],[-50.345,0.047],[-49.83,0.011],[-49.529,0.301],[-49.65,0.386],[-50.037,0.3]]],[[[-50.378,0.245],[-50.367,0.62],[-50.517,0.209],[-50.378,0.245]]],[[[-50.312,0.414],[-50.043,0.51],[-50.242,0.593],[-50.312,0.414]]],[[[-45.214,-23.907],[-45.325,-23.725],[-45.447,-23.877],[-45.214,-23.907]]]]},"properties":{"name":"Brazil","country_code":"BR"}},
{"type":"Feature","geometry":{"type":"Polygon","coordinates":[[[116.684,49.823],[116.218,50.014],[115.751,49.885],[115.369,49.895],[114.754,50.236],[114.286,50.277],[113.212,49.822],[113.044,49.589],[112.126,49.44],[111.338,49.365],[110.731,49.138],[110.181,49.162],[109.161,49.347],[108.57,49.326],[107.939,49.663],[107.947,49.933],[107.745,49.967],[107.225,49.997],[106.657,50.327],[106.245,50.29],[105.329,50.476],[104.35,50.272],[103.668,50.131],[102.62,50.399],[102.328,50.546],[102.147,51.098],[102.184,51.324],[101.388,51.451],[100.511,51.727],[100.006,51.732],[98.938,52.125],[98.619,51.781],[98.051,51.466],[97.806,51.001],[98.023,50.642],[98.293,50.519],[98.106,50.064],[97.302,49.726],[97.085,49.806],[96.373,49.886],[95.867,50.015],[95.477,49.894],[94.922,50.046],[94.625,50.015],[94.344,50.249],[94.238,50.565],[93.011,50.623],[92.302,50.843],[92.159,50.689],[91.75,50.684],[91.416,50.461],[91.012,50.425],[90.051,50.084],[89.997,50.004],[89.633,49.908],[89.682,49.708],[88.871,49.436],[88.175,49.444],[88.144,49.271],[87.816,49.166],[87.806,48.801],[87.943,48.599],[88.565,48.343],[88.581,48.212],[89.046,47.993],[89.542,48.031],[89.751,47.824],[90.045,47.88],[90.345,47.659],[90.469,47.309],[91.014,46.69],[90.896,46.302],[91.002,46.022],[90.711,45.752],[90.651,45.493],[90.873,45.186],[91.663,45.06],[93.076,45.005],[93.525,44.951],[93.927,44.673],[95.037,44.255],[95.379,44.287],[95.328,44.007],[95.51,43.979],[95.908,43.215],[96.294,42.933],[96.366,42.723],[97.191,42.787],[97.85,42.723],[99.474,42.564],[99.622,42.597],[100.017,42.677],[101.219,42.53],[101.638,42.515],[102.034,42.185],[103.073,42.005],[103.721,41.756],[104.501,41.871],[104.498,41.666],[105.015,41.596],[105.869,41.993],[106.768,42.287],[108.05,42.439],[108.797,42.398],[109.485,42.449],[110.407,42.769],[110.934,43.288],[111.933,43.697],[111.839,43.939],[111.396,44.347],[111.739,44.966],[111.985,45.087],[112.441,45.052],[112.614,44.909],[113.635,44.746],[114.055,44.941],[114.534,45.386],[115.638,45.444],[116.17,45.709],[116.213,45.908],[116.582,46.298],[117.302,46.35],[117.394,46.571],[117.696,46.512],[118.238,46.715],[118.816,46.758],[119.68,46.592],[119.904,46.709],[119.7,47.16],[119.282,47.415],[119.083,47.662],[118.542,47.966],[117.742,47.978],[117.361,47.651],[116.853,47.872],[116.244,47.863],[115.853,47.706],[115.515,48.122],[115.809,48.274],[115.8,48.53],[116.684,49.823]]]},"properties":{"name":"Mongolia","country_code":"MN"}},
{"type":"Feature","geometry":{"type":"MultiPolygon","coordinates":[[[[87.816,49.166],[88.144,49.271],[88.175,49.444],[88.871,49.436],[89.682,49.708],[89.633,49.908],[89.997,50.004],[90.051,50.084],[91.012,50.425],[91.416,50.461],[91.75,50.684],[92.159,50.689],[92.302,50.843],[93.011,50.623],[94.238,50.565],[94.344,50.249],[94.625,50.015],[94.922,50.046],[95.477,49.894],[95.867,50.015],[96.373,49.886],[97.085,49.806],[97.302,49.726],[98.106,50.064],[98.293,50.519],[98.023,50.642],[97.806,51.001],[98.051,51.466],[98.619,51.781],[98.938,52.125],[100.006,51.732],[100.511,51.727],[101.388,51.451],[102.184,51.324],[102.147,51.098],[102.328,50.546],[102.62,50.399],[103.668,50.131],[104.35,50.272],[105.329,50.476],[106.245,50.29],[106.657,50.327],[107.225,49.997],[107.745,49.967],[107.947,49.933],[107.939,49.663],[108.57,49.326],[109.161,49.347],[110.181,49.162],[110.731,49.138],[111.338,49.365],[112.126,49.44],[113.044,49.589],[113.212,49.822],[114.286,50.277],[114.754,50.236],[115.369,49.895],[115.751,49.885],[116.218,50.014],[116.684,49.823],[117.759,49.513],[118.644,49.955],[119.316,50.093],[119.353,50.346],[119.141,50.377],[119.497,50.737],[120.108,51.665],[120.779,52.118],[120.724,52.542],[120.056,52.601],[120.033,52.761],[120.874,53.28],[121.413,53.317],[122.025,53.43],[123.614,53.563],[124.233,53.382],[124.408,53.236],[125.127,53.207],[125.734,52.982],[126.531,52.153],[126.446,51.983],[126.902,51.401],[126.932,51.064],[127.287,50.751],[127.331,50.328],[127.578,50.221],[127.508,49.822],[128.092,49.542],[128.797,49.572],[129.088,49.352],[129.502,49.411],[129.913,49.04],[130.249,48.865],[130.625,48.874],[130.533,48.636],[130.822,48.334],[130.682,48.05],[131.023,47.682],[132.525,47.708],[132.675,47.951],[133.092,48.107],[133.464,48.09],[133.721,48.245],[134.386,48.381],[134.701,48.262],[134.567,48.04],[134.773,47.711],[134.154,47.258],[133.998,46.638],[133.902,46.259],[133.687,46.142],[133.425,45.58],[133.14,45.435],[132.953,45.024],[131.97,45.234],[131.818,45.333],[131.42,44.959],[130.933,44.842],[131.066,44.682],[131.264,44.054],[131.17,43.781],[131.253,43.469],[130.992,42.849],[130.407,42.735],[130.531,42.53],[130.7,42.295],[130.87,42.535],[130.657,42.664],[131.201,42.614],[131.386,42.914],[131.731,43.174],[131.952,43.072],[132.305,43.319],[132.289,42.883],[132.74,42.907],[133.158,42.688],[133.927,42.883],[134.194,43.08],[135.14,43.508],[135.488,43.833],[135.464,43.95],[135.889,44.402],[136.123,44.476],[136.826,45.204],[137.671,45.795],[138.1,46.228],[138.535,46.987],[139.026,47.389],[139.262,47.788],[140.165,48.449],[140.561,49.575],[140.416,49.863],[140.661,50.058],[140.443,50.544],[140.906,51.615],[141.43,51.942],[141.414,52.222],[141.118,52.449],[141.281,52.579],[141.132,52.987],[141.433,53.149],[141.026,53.492],[140.581,53.639],[140.241,54.057],[139.797,54.297],[139.372,54.196],[138.739,54.316],[138.761,53.975],[138.502,53.544],[138.246,53.566],[138.579,53.999],[137.918,53.587],[137.335,53.529],[137.771,53.944],[137.32,54.049],[137.685,54.277],[137.061,54.146],[137.291,54.036],[137.108,53.808],[136.685,53.808],[136.883,54.591],[135.75,54.571],[135.265,54.722],[135.22,54.894],[135.869,55.174],[136.319,55.487],[137.572,56.117],[138.662,56.978],[139.79,57.483],[139.982,57.688],[140.496,57.845],[140.904,58.383],[141.584,58.618],[142.262,59.125],[143.16,59.354],[143.904,59.423],[145.001,59.37],[145.957,59.417],[145.825,59.241],[146.323,59.18],[146.44,59.46],[146.887,59.365],[147.546,59.238],[147.914,59.39],[148.935,59.233],[148.815,59.534],[149.598,59.758],[150.457,59.613],[150.536,59.479],[151.425,59.598],[151.76,59.299],[152.312,59.227],[151.088,59.102],[151.359,58.856],[152.02,58.875],[152.339,59.055],[152.916,58.917],[153.369,59.241],[154.049,59.053],[154.502,59.218],[155.194,59.176],[154.963,59.496],[154.075,59.509],[154.221,59.87],[154.952,60.367],[155.83,60.729],[156.091,61.002],[156.663,61.211],[156.679,61.524],[157.465,61.782],[159.36,61.893],[159.519,61.675],[159.881,61.705],[160.346,61.945],[160.285,61.554],[159.776,61.242],[159.828,60.932],[160.444,61.036],[160.154,60.576],[161.986,61.373],[162.51,61.658],[163.045,61.517],[163.343,61.706],[162.978,61.81],[163.369,62.328],[163.267,62.522],[164.598,62.673],[165.231,62.395],[164.538,62.451],[164.127,62.262],[164.045,61.683],[163.776,61.413],[164.029,61.347],[163.487,61.002],[163.774,60.919],[162.889,60.752],[161.939,60.417],[161.897,60.203],[160.805,59.605],[159.864,59.141],[159.728,58.883],[159.024,58.415],[158.057,57.99],[157.723,58.025],[157.47,57.804],[156.801,57.773],[157.001,57.426],[156.675,57.046],[156.048,56.765],[155.653,55.921],[155.551,55.284],[155.728,54.427],[155.936,53.865],[156.111,52.935],[156.439,52.216],[156.535,51.289],[156.722,51.195],[156.72,50.886],[157.759,51.544],[158.287,51.968],[158.571,52.392],[158.462,52.461],[158.647,52.899],[159.632,53.257],[160.059,53.097],[159.825,53.536],[160.053,54.176],[160.741,54.535],[161.151,54.597],[161.724,54.509],[162.153,54.85],[161.875,55.079],[161.777,55.608],[162.142,56.129],[162.593,56.268],[162.401,56.37],[162.91,56.426],[162.638,56.221],[163.051,56.005],[163.366,56.181],[163.228,56.742],[162.784,56.763],[162.833,57.383],[163.33,57.709],[162.712,57.967],[162.522,57.754],[162.026,57.929],[161.993,58.087],[162.405,58.654],[163.262,59.081],[163.169,59.511],[163.629,60.047],[164.164,59.963],[164.489,60.111],[164.807,59.79],[165.13,60.084],[166.052,60.454],[166.393,60.48],[166.11,59.827],[166.361,59.884],[167.048,60.328],[168.096,60.571],[169.248,60.567],[169.708,60.399],[169.956,60.059],[170.401,59.966],[170.502,60.273],[170.811,60.512],[171.179,60.559],[171.585,60.8],[172.007,60.855],[172.386,61.227],[172.647,61.191],[174.138,61.845],[174.454,61.815],[175.299,62.117],[177.239,62.57],[176.931,62.694],[177.333,62.807],[177.307,62.582],[178.061,62.541],[178.938,62.366],[179.609,62.706],[179.25,62.985],[179.3,63.215],[178.595,63.411],[178.657,63.949],[178.283,64.354],[178,64.21],[177.454,64.421],[177.492,64.768],[176.727,64.579],[176.039,64.922],[177.298,64.838],[178.218,64.658],[179.479,64.823],[180,65.066],[180,65.069],[180,65.568],[180,66.066],[180,66.565],[180,67.064],[180,67.562],[180,68.061],[180,68.56],[180,68.981],[178.365,69.487],[175.53,69.856],[174.026,69.884],[170.611,70.116],[170.584,69.6],[170.913,69.304],[170.894,68.993],[169.625,68.777],[169.304,69.098],[168.288,69.243],[168.241,69.558],[167.802,69.775],[166.939,69.502],[165.675,69.596],[164.834,69.567],[164.027,69.774],[163.773,69.694],[162.432,69.677],[161.436,69.38],[161.576,68.933],[160.963,69.106],[160.926,69.642],[160.319,69.654],[159.689,69.891],[160.106,70.264],[159.689,70.671],[157.989,71.048],[155.936,71.099],[153.664,70.861],[152.211,70.881],[151.623,71.298],[150.635,71.515],[149.868,71.462],[149.953,71.67],[149.005,71.703],[149.369,71.904],[150.067,71.922],[149.611,72.148],[148.402,72.311],[147.196,72.33],[146.157,71.821],[145.344,71.663],[145.216,71.843],[145.973,71.856],[146.929,72.313],[145.069,72.264],[144.416,72.175],[144.943,72.438],[145.372,72.346],[146.792,72.331],[145.41,72.556],[141.551,72.774],[140.594,72.893],[141.111,72.587],[139.542,72.498],[139.192,72.163],[139.874,72.178],[139.574,71.933],[140.033,71.472],[139.192,71.415],[138.756,71.643],[138.039,71.559],[138.067,71.225],[135.985,71.635],[134.489,71.377],[133.65,71.437],[132.539,71.884],[131.546,70.887],[130.879,70.774],[129.763,71.148],[127.859,72.429],[128.934,72.073],[129.522,72.249],[129.117,72.482],[127.961,72.662],[128.291,72.909],[129.444,73.029],[128.235,73.265],[127.988,73.471],[127.05,73.549],[126.389,73.412],[124.336,73.805],[123.591,73.717],[123.25,73.393],[123.553,73.218],[123.138,72.918],[121.055,72.932],[119.783,73.018],[118.462,73.209],[118.45,73.589],[117.444,73.589],[115.413,73.71],[113.494,73.511],[113.112,73.892],[112.372,73.705],[111.295,73.869],[110.021,74.014],[109.531,73.775],[110.878,73.768],[110.907,73.692],[109.855,73.471],[107.722,73.169],[106.36,73.194],[106.224,72.977],[105.483,72.768],[106.232,73.323],[106.648,73.307],[107.147,73.618],[108.067,73.635],[109.951,74.337],[112.88,74.993],[113.605,75.285],[113.638,75.52],[112.789,75.589],[112.559,75.851],[113.692,75.593],[113.89,75.854],[113.46,76.148],[111.555,76.684],[110.359,76.756],[107.946,76.737],[107.845,76.535],[106.449,76.504],[107.47,76.906],[106.83,77.055],[104.346,77.135],[105.977,77.425],[104.023,77.733],[102.158,77.402],[100.919,76.976],[101.235,76.767],[100.851,76.54],[98.875,76.521],[99.755,76.049],[98.713,76.205],[96.461,75.872],[95.873,76.138],[93.025,76.075],[93.55,75.853],[89.954,75.578],[89.132,75.453],[87.097,74.862],[86.958,74.609],[86.221,74.807],[85.74,74.636],[86.491,74.567],[86.02,74.263],[86.803,74.184],[87.24,73.861],[87.165,73.611],[86.204,73.558],[87.011,73.779],[86.783,73.902],[83.484,73.655],[81.957,73.663],[80.832,73.572],[80.273,73.31],[80.842,72.922],[80.704,72.545],[81.208,72.355],[82.182,72.286],[82.185,72.093],[83.361,71.841],[83.628,71.611],[83.148,71.245],[83.775,70.477],[82.664,70.26],[83.011,70.427],[83.134,70.882],[82.876,70.997],[82.408,70.79],[82.297,71.287],[83.048,71.415],[83.32,71.683],[82.867,71.786],[81.737,71.7],[79.391,72.386],[78.503,72.382],[78.125,72.385],[77.465,72.068],[77.938,72.118],[78.11,71.88],[77.585,71.831],[76.946,72.044],[75.997,71.908],[76.325,71.56],[77.671,71.286],[78.279,71.259],[78.455,70.895],[77.783,71.142],[76.017,71.237],[75.228,71.405],[75.533,71.542],[75.287,71.96],[75.721,72.25],[75.319,72.819],[74.748,72.808],[75.111,72.346],[74.928,72.098],[73.526,71.822],[73.033,71.406],[73.556,71.255],[74.316,70.52],[73.735,70.181],[73.516,69.746],[73.9,69.414],[73.752,69.184],[75.107,69.104],[75.509,69.261],[76.755,69.125],[77.683,68.886],[77.715,68.621],[78.173,68.274],[77.537,68.129],[77.494,67.751],[78.98,67.611],[78.047,67.544],[77.12,67.769],[77.316,68.531],[76.376,68.994],[75.191,68.875],[74.454,68.694],[74.332,68.386],[74.701,68.181],[74.73,67.686],[73.9,67.296],[73.871,67.006],[73.492,66.823],[72.494,66.619],[72.376,66.341],[71.99,66.231],[71.146,66.366],[70.363,66.334],[69.113,66.619],[68.965,66.81],[69.837,66.816],[70.689,66.515],[71.577,66.659],[71.515,66.878],[72.231,67.169],[72.612,67.626],[73.151,67.732],[73.091,68.214],[73.644,68.502],[72.577,68.94],[72.502,69.647],[72.692,69.837],[72.434,70.266],[72.771,70.425],[72.671,71.109],[71.838,71.532],[72.209,71.615],[72.865,72.272],[72.837,72.71],[71.563,72.916],[69.588,72.878],[68.989,72.706],[68.479,71.836],[67.947,71.528],[66.927,71.298],[66.689,70.77],[67.257,70.826],[67.252,70.021],[66.874,69.996],[66.787,69.603],[67.102,69.693],[68.04,69.49],[68.487,68.97],[69.097,68.941],[68.924,68.637],[68.288,68.188],[68.259,68.334],[67.056,68.781],[67.129,68.839],[65.716,69.08],[65.038,69.271],[64.128,69.55],[62.631,69.742],[60.77,69.849],[60.139,69.578],[60.907,68.927],[60.467,68.722],[59.774,68.668],[59.675,68.336],[59.11,68.405],[59.416,68.767],[58.879,69.003],[57.978,68.853],[57.33,68.565],[55.953,68.654],[54.937,68.398],[54.864,68.185],[53.239,68.253],[53.932,68.391],[53.72,68.657],[54.026,68.845],[53.437,68.918],[52.289,68.615],[52.731,68.474],[52.136,68.379],[52.217,68.585],[50.435,68.221],[48.778,67.727],[47.825,67.56],[47.726,67.001],[46.583,66.815],[45.853,66.887],[45.594,67.158],[44.952,67.321],[45.35,67.73],[46.722,67.845],[46.535,68.133],[45.944,68.446],[45.306,68.545],[43.326,68.614],[44.244,68.256],[43.815,67.177],[44.287,67.088],[44.488,66.676],[44.214,66.408],[44.046,66.081],[43.252,66.437],[42.549,66.385],[42.201,66.532],[41.343,66.063],[40.796,65.992],[39.827,65.607],[39.712,65.402],[40.378,64.923],[40.517,64.541],[39.85,64.676],[39.567,64.545],[38.922,64.733],[38.046,64.854],[37.008,65.173],[36.44,64.917],[37.122,64.395],[38.003,64.317],[38.002,63.956],[37.291,63.818],[36.523,63.971],[35.811,64.342],[35.411,64.287],[34.773,64.556],[34.942,64.858],[34.615,65.255],[34.297,65.385],[34.9,65.706],[34.497,66.116],[33.62,66.309],[33.166,66.556],[33.046,66.576],[32.884,66.586],[32.262,67.125],[33.483,66.73],[34.804,66.614],[35.381,66.418],[36.887,66.285],[37.927,66.089],[39.344,66.135],[40.444,66.406],[41.36,67.014],[41.109,67.254],[41.017,67.698],[40.004,68.02],[38.435,68.356],[37.681,68.713],[35.967,69.177],[33.62,69.328],[32.17,69.655],[33.119,69.661],[32.054,69.964],[32.029,69.782],[31.452,69.689],[30.841,69.806],[30.853,69.527],[30.294,69.62],[29.948,69.366],[29.335,69.277],[28.954,69.027],[28.447,68.515],[28.664,68.204],[29.299,68.082],[30.009,67.686],[29.916,67.508],[29.1,66.991],[29.362,66.627],[29.546,66.432],[29.9,66.108],[30.099,65.656],[29.732,65.497],[29.588,64.991],[30.063,64.784],[30.032,64.397],[30.558,64.22],[30.509,63.991],[29.998,63.747],[30.489,63.462],[31.226,63.196],[31.57,62.906],[31.244,62.503],[30.146,61.85],[29.277,61.305],[28.004,60.664],[27.808,60.553],[28.655,60.682],[29.015,60.197],[29.418,60.169],[29.849,60.167],[30.21,60.001],[29.697,59.95],[29.161,60.003],[28.976,59.831],[28.517,59.862],[28.375,59.666],[28.087,59.799],[28.019,59.482],[27.696,58.977],[27.446,58.819],[27.429,58.709],[27.52,58.195],[27.556,57.813],[27.353,57.528],[27.694,57.356],[27.746,57.031],[27.644,56.842],[27.865,56.743],[28.093,56.502],[28.168,56.427],[28.149,56.142],[28.809,55.935],[29.377,55.954],[29.461,55.687],[30.218,55.855],[30.907,55.578],[30.794,55.286],[31.006,55.023],[30.771,54.786],[31.168,54.622],[31.179,54.453],[31.325,54.229],[31.814,54.057],[31.745,53.795],[32.462,53.707],[32.718,53.431],[32.083,53.082],[31.739,53.193],[31.362,53.12],[31.505,52.849],[31.567,52.311],[31.764,52.101],[32.233,52.081],[32.354,52.322],[32.927,52.247],[33.401,52.344],[33.804,52.355],[34.096,51.952],[34.371,51.827],[34.128,51.681],[34.3,51.368],[34.186,51.249],[35.099,51.183],[35.282,50.961],[35.446,50.476],[35.692,50.344],[36.106,50.421],[36.594,50.204],[37.435,50.425],[37.728,50.079],[38.023,49.909],[38.174,50.06],[38.937,49.803],[39.181,49.859],[39.802,49.542],[40.119,49.588],[40.142,49.246],[39.681,49.02],[39.95,48.853],[39.703,48.747],[39.993,48.273],[39.759,47.833],[39.036,47.857],[38.353,47.607],[38.217,47.103],[39.264,47.261],[39.262,47.009],[38.674,46.863],[38.037,46.629],[37.738,46.676],[37.971,46.362],[38.557,46.115],[37.972,46.04],[37.829,45.753],[37.608,45.663],[37.738,45.311],[37.519,45.369],[37.112,45.239],[36.833,45.443],[36.595,45.205],[37.287,44.928],[37.478,44.677],[37.875,44.689],[38.178,44.406],[38.978,44.148],[39.986,43.389],[40.233,43.576],[40.69,43.523],[41.551,43.226],[42.154,43.217],[42.363,43.235],[43,43.099],[43.175,42.934],[43.386,42.887],[43.801,42.746],[43.908,42.566],[44.186,42.627],[44.639,42.74],[45.076,42.691],[45.302,42.56],[45.74,42.471],[45.621,42.224],[45.948,42.023],[46.431,41.89],[46.71,41.835],[47.028,41.557],[47.179,41.492],[47.367,41.262],[47.695,41.207],[47.813,41.197],[48.462,41.721],[48.579,41.845],[47.462,43.021],[47.555,43.878],[47.441,43.819],[47.246,44.212],[46.701,44.446],[46.888,44.752],[47.201,44.97],[47.496,45.565],[47.626,45.709],[48.18,45.74],[48.573,45.971],[48.791,45.841],[48.714,46.13],[49.227,46.328],[48.455,46.661],[49.006,46.769],[48.525,47.41],[48.044,47.77],[47.435,47.834],[47.36,47.683],[47.044,47.986],[47.112,48.242],[46.479,48.41],[46.62,48.67],[47.029,49.201],[46.775,49.333],[46.9,49.82],[47.309,50.045],[47.434,50.377],[47.625,50.441],[48.418,49.812],[48.886,50.02],[48.673,50.58],[49.408,50.848],[49.423,51.102],[49.779,51.102],[50.349,51.323],[50.767,51.759],[51.372,51.63],[51.304,51.472],[51.782,51.493],[51.869,51.673],[52.335,51.764],[52.506,51.479],[53.346,51.503],[53.674,51.22],[53.936,51.186],[54.479,50.853],[54.546,50.531],[54.676,50.603],[54.638,51.028],[55.048,50.884],[55.66,50.53],[56.079,50.725],[56.508,51.066],[57.168,51.094],[57.353,50.886],[57.689,50.897],[57.769,51.12],[58.308,51.15],[58.926,50.678],[59.775,50.534],[60.021,50.854],[60.3,50.685],[60.718,50.653],[61.372,50.782],[61.646,51.263],[60.937,51.611],[60.355,51.671],[60.48,51.784],[60.03,51.993],[60.672,52.144],[61.04,52.335],[60.677,52.664],[61.058,52.922],[61.478,53.012],[62.094,52.992],[62.051,53.125],[61.203,53.276],[61.316,53.545],[61.008,53.636],[61.194,54.018],[61.601,53.95],[62.551,54.027],[63.329,54.163],[63.98,54.304],[64.911,54.403],[65.213,54.343],[65.45,54.627],[66.098,54.637],[68.166,54.956],[68.262,55.194],[68.734,55.352],[69.674,55.334],[70.197,55.133],[70.469,55.285],[70.82,55.294],[71.006,54.774],[71.18,54.727],[71.182,54.102],[71.321,54.201],[72.077,54.148],[72.222,54.333],[72.456,53.905],[72.624,54.135],[73.063,53.979],[73.518,53.956],[73.23,53.662],[73.451,53.449],[73.937,53.64],[74.409,53.478],[74.453,53.685],[75.028,53.808],[75.691,54.113],[76.852,54.461],[76.526,53.961],[77.785,53.327],[78.476,52.638],[79.304,51.686],[79.99,50.788],[80.439,50.958],[80.434,51.201],[80.683,51.302],[81.147,51.136],[81.058,50.947],[81.401,50.959],[81.46,50.73],[81.763,50.784],[82.476,50.714],[82.765,50.907],[83.434,50.993],[83.82,50.868],[84.089,50.635],[84.25,50.26],[84.976,50.075],[85.263,49.582],[85.597,49.619],[86.177,49.463],[86.61,49.796],[86.592,49.587],[87.324,49.085],[87.816,49.166]]],[[[21.268,55.249],[21.23,54.939],[20.531,54.965],[20.989,55.273],[20.925,55.283],[20.366,54.946],[20.034,54.948],[19.61,54.457],[19.758,54.434],[20.93,54.398],[22.698,54.343],[22.767,54.356],[22.68,54.453],[22.809,54.894],[22.571,55.064],[22.27,55.07],[22.028,55.044],[21.268,55.249]]],[[[137.171,55.12],[136.67,54.907],[137.018,54.92],[137.171,55.12]]],[[[138.047,55.058],[137.606,55.2],[137.226,54.778],[137.485,54.879],[137.706,54.625],[137.986,54.797],[138.047,55.058]]],[[[33.629,46.125],[33.777,45.93],[32.868,45.63],[32.513,45.341],[32.899,45.354],[33.563,45.094],[33.571,44.852],[33.38,44.565],[33.73,44.398],[34.323,44.544],[34.469,44.73],[35.006,44.835],[35.634,45.115],[35.848,44.992],[36.44,45.067],[36.583,45.427],[35.858,45.469],[35.695,45.33],[35.332,45.371],[35.002,45.729],[34.689,45.974],[33.67,46.218],[33.629,46.125]]],[[[142.529,54.297],[142.349,54.272],[142.708,53.948],[142.8,53.698],[142.307,53.366],[142.241,53.529],[141.769,53.372],[141.928,53.021],[141.844,52.591],[141.661,52.382],[141.687,51.747],[142.079,51.471],[142.267,51.074],[142.045,50.528],[142.15,50.346],[142.16,49.678],[141.967,48.862],[141.857,48.774],[142.139,48.318],[142.191,47.967],[141.966,47.612],[142.057,47.054],[141.822,46.602],[141.933,46.036],[142.094,45.903],[142.457,46.631],[143.393,46.533],[143.469,46.173],[143.626,46.375],[143.511,46.77],[143.173,46.708],[143.016,47.254],[142.545,47.767],[142.55,48.02],[143.259,49.393],[144.006,49.269],[144.504,48.949],[144.283,49.25],[144.003,50.013],[143.79,50.309],[143.538,51.24],[143.163,51.874],[143.178,52.314],[143.338,52.704],[143.29,53.152],[142.89,53.813],[143.004,54.135],[142.734,54.421],[142.529,54.297]]],[[[146.469,44.429],[146.119,44.506],[145.729,44.044],[145.792,43.949],[146.469,44.429]]],[[[148.799,45.416],[148.621,45.498],[148.312,45.275],[147.886,45.219],[147.495,45.005],[146.873,44.49],[146.958,44.421],[147.555,44.824],[147.701,45.008],[147.99,45.006],[148.216,45.196],[148.758,45.313],[148.799,45.416]]],[[[150.334,46.211],[149.667,45.853],[149.638,45.611],[150.198,45.93],[150.569,46.232],[150.334,46.211]]],[[[156.125,50.638],[155.889,50.691],[155.718,50.423],[155.202,50.294],[155.228,50.055],[155.885,50.254],[156.125,50.638]]],[[[156.46,50.874],[156.199,50.781],[156.406,50.63],[156.46,50.874]]],[[[154.837,49.65],[154.608,49.375],[154.835,49.353],[154.837,49.65]]],[[[-180,68.982],[-180,68.56],[-180,68.061],[-180,67.562],[-180,67.064],[-180,66.565],[-180,66.066],[-180,65.568],[-180,65.069],[-180,65.066],[-179.663,65.141],[-179.277,65.63],[-179.723,65.781],[-179.768,66.103],[-178.785,66.167],[-178.978,66.049],[-178.529,65.511],[-177.416,65.441],[-176.977,65.608],[-175.909,65.403],[-175.865,64.999],[-175.411,64.771],[-174.723,64.807],[-173.598,64.331],[-172.22,64.407],[-173.039,64.647],[-172.093,65.05],[-172.402,65.681],[-172.171,65.527],[-171.251,65.522],[-171.147,65.695],[-170.535,65.618],[-170.51,65.87],[-169.701,66.129],[-170.136,66.139],[-171.363,66.675],[-171.719,66.951],[-174.575,67.077],[-174.026,66.961],[-174.016,66.472],[-174.463,66.28],[-174.436,66.532],[-174.971,66.665],[-174.686,66.762],[-174.908,67.037],[-174.756,67.303],[-175.16,67.337],[-175.286,67.667],[-176.5,67.889],[-177.705,68.345],[-178.7,68.543],[-178.845,68.752],[-180,68.982]]],[[[169.446,69.849],[168.265,70.024],[167.754,69.832],[168.875,69.568],[169.446,69.849]]],[[[-180,71.537],[-180,71.053],[-180,70.992],[-179.342,70.908],[-177.93,71.041],[-177.443,71.237],[-178.395,71.541],[-180,71.537]]],[[[180,70.992],[180,71.053],[180,71.536],[178.905,71.237],[178.623,71.038],[178.832,70.809],[180,70.992]]],[[[70.131,66.556],[69.425,66.768],[69.88,66.477],[70.131,66.556]]],[[[78.279,72.552],[77.61,72.635],[76.913,72.372],[77.586,72.285],[78.279,72.552]]],[[[74.725,73.107],[74.093,73.028],[74.708,72.902],[74.725,73.107]]],[[[71.669,73.227],[70.949,73.517],[69.959,73.399],[69.875,73.038],[71.669,73.227]]],[[[50.323,69.151],[49.272,69.508],[48.304,69.277],[48.219,68.909],[48.592,68.731],[49.72,68.89],[50.323,69.151]]],[[[60.54,69.819],[60.476,69.92],[59.024,70.48],[58.522,70.331],[58.57,70.079],[59.431,69.889],[59.563,69.715],[60.54,69.819]]],[[[161.487,69.027],[161.375,69.546],[161.073,69.445],[161.141,69.087],[161.487,69.027]]],[[[137.914,71.558],[137.023,71.534],[137.767,71.431],[137.914,71.558]]],[[[128.317,72.812],[129.207,72.762],[129.22,72.926],[128.317,72.812]]],[[[143.475,73.321],[143.407,73.543],[142.045,73.917],[141.127,73.882],[140.493,73.485],[141.512,73.299],[143.175,73.177],[143.475,73.321]]],[[[141.098,74.149],[140.222,74.22],[140.438,73.908],[141.098,74.149]]],[[[113.406,74.444],[112.007,74.538],[111.469,74.345],[112.775,74.088],[113.406,74.444]]],[[[150.828,75.163],[149.127,75.269],[148.408,75.421],[146.797,75.366],[146.389,75.585],[146.072,75.24],[148.172,74.804],[149.209,74.758],[150.609,74.894],[150.828,75.163]]],[[[135.991,75.527],[135.678,75.86],[135.45,75.376],[135.991,75.527]]],[[[145.366,75.54],[143.947,75.835],[142.547,75.863],[141.367,76.181],[140.987,75.621],[138.897,76.219],[137.433,75.953],[137.068,75.726],[137.376,75.35],[137.149,75.134],[138.166,74.776],[139.343,74.687],[139.495,74.947],[140.069,74.828],[141.974,74.934],[142.356,74.825],[143.708,74.947],[142.628,75.097],[142.083,75.526],[143.001,75.708],[142.494,75.376],[142.898,75.142],[144.331,75.047],[145.366,75.54]]],[[[51.41,71.806],[51.862,71.456],[53.252,71.456],[53.451,71.264],[54.232,71.12],[53.492,71.072],[53.3,70.866],[54.492,70.784],[55.163,70.553],[55.429,70.75],[56.021,70.574],[56.432,70.716],[57.296,70.565],[57.639,70.73],[57.063,70.862],[56.106,71.259],[55.496,71.902],[55.377,72.303],[55.739,72.784],[56.138,72.782],[56.435,73.23],[54.935,73.425],[53.156,73.151],[53.308,72.878],[52.617,72.863],[52.78,72.648],[52.409,72.086],[51.61,72.092],[51.41,71.806]]],[[[56.987,74.69],[55.53,74.655],[56.263,74.48],[55.388,74.445],[54.8,73.985],[53.631,73.76],[54.542,73.611],[54.033,73.375],[55.021,73.444],[56.761,73.252],[57.749,73.726],[58.248,74.19],[58.728,74.239],[58.187,74.581],[59.146,74.444],[59.875,74.628],[61.38,75.334],[63.71,75.636],[67.146,76.105],[68.938,76.568],[68.463,76.967],[66.944,76.949],[65.611,76.58],[62.957,76.207],[61.077,76.28],[61.085,76.085],[58.931,75.868],[58.187,75.589],[57.046,75.398],[55.885,74.846],[56.987,74.69]]],[[[53.232,71.216],[52.53,71.388],[52.255,71.273],[53.01,70.968],[53.232,71.216]]],[[[46.687,80.529],[48.275,80.831],[45.095,80.649],[46.084,80.44],[46.687,80.529]]],[[[62.222,80.813],[59.509,80.804],[59.242,80.529],[61.045,80.405],[62.222,80.813]]],[[[51.689,80.727],[50.237,80.933],[49.004,80.776],[49.631,80.64],[46.65,80.314],[47.664,80.07],[49.107,80.19],[48.84,80.388],[50.95,80.537],[51.689,80.727]]],[[[57.336,80.892],[58.282,80.927],[56.703,81.113],[57.336,80.892]]],[[[54.564,80.995],[57.681,80.817],[54.647,81.122],[54.564,80.995]]],[[[55.712,80.103],[56.957,80.066],[57.022,80.364],[55.989,80.337],[55.712,80.103]]],[[[52.623,80.183],[53.862,80.276],[52.86,80.405],[52.623,80.183]]],[[[57.529,80.131],[59.276,80.33],[56.946,80.482],[57.529,80.131]]],[[[60.256,81.036],[60.988,80.922],[61.68,81.114],[60.256,81.036]]],[[[62.771,80.886],[63.131,80.683],[65.446,80.92],[65.23,81.137],[62.771,80.886]]],[[[55.647,81.2],[57.905,81.297],[56.336,81.385],[55.647,81.2]]],[[[79.563,72.768],[79.14,73.095],[78.592,72.862],[79.563,72.768]]],[[[105.416,78.583],[103.808,79.154],[102.887,79.045],[102.303,79.433],[101.062,79.137],[100.001,78.418],[99.268,78.042],[100.037,77.962],[101.21,78.194],[104.787,78.336],[105.416,78.583]]],[[[93.628,79.933],[90.902,80.074],[91.073,79.851],[92.625,79.673],[93.628,79.933]]],[[[99.886,79.041],[99.062,79.28],[99.748,79.364],[100.077,79.783],[99.199,80.05],[98.377,79.878],[97.592,80.175],[94.993,80.102],[94.69,79.816],[93.28,79.552],[94.312,79.479],[95.018,79.039],[96.799,78.989],[97.761,78.809],[99.406,78.822],[99.886,79.041]]],[[[97.747,80.742],[95.777,81.289],[93.053,80.995],[92.74,80.513],[91.532,80.29],[93.694,79.998],[94.53,80.131],[97.188,80.234],[97.021,80.526],[97.747,80.742]]],[[[166.664,54.756],[165.956,55.364],[166.356,54.84],[166.664,54.756]]],[[[164.707,58.977],[164.558,59.24],[163.967,59.029],[163.585,58.558],[164.707,58.977]]]]},"properties":{"name":"Russia","country_code":"RU"}},
{"type":"Feature","geometry":{"type":"Polygon","coordinates":[[[12.961,50.409],[12.51,50.389],[12.283,50.162],[12.101,50.314],[12.247,50.045],[12.524,49.905],[12.384,49.743],[12.798,49.328],[13.522,48.969],[13.816,48.766],[14.075,48.592],[14.691,48.587],[14.982,49.008],[15.544,48.903],[16.032,48.758],[16.436,48.795],[16.945,48.604],[17.167,48.86],[17.411,48.83],[17.646,48.842],[18.362,49.33],[18.387,49.378],[18.833,49.51],[18.559,49.907],[18.019,50.044],[17.839,49.974],[17.388,50.273],[16.944,50.42],[16.87,50.19],[16.584,50.127],[16.19,50.424],[16.332,50.644],[15.522,50.782],[14.961,50.993],[14.81,50.858],[14.608,50.853],[14.347,50.88],[13.602,50.712],[12.961,50.409]]]},"properties":{"name":"Czech Republic","country_code":"CZ"}},
{"type":"Feature","geometry":{"type":"MultiPolygon","coordinates":[[[[14.608,50.853],[14.81,50.858],[15.022,51.237],[14.951,51.397],[14.707,51.541],[14.586,51.804],[14.761,52.077],[14.54,52.422],[14.608,52.596],[14.124,52.851],[14.391,53.334],[14.264,53.7],[13.984,53.774],[13.819,53.878],[13.698,54.153],[13.465,54.098],[12.502,54.474],[12.051,54.18],[11.658,54.142],[11.458,53.906],[10.906,53.961],[11.067,54.184],[10.125,54.496],[10.034,54.673],[9.438,54.81],[8.661,54.896],[9.012,54.506],[8.629,54.388],[9.008,53.892],[9.22,53.891],[9.395,53.831],[9.741,53.573],[9.764,53.548],[9.567,53.6],[9.275,53.865],[8.573,53.858],[8.513,53.617],[8.557,53.52],[8.168,53.553],[7.951,53.722],[7.226,53.666],[7.024,53.376],[7.195,53.245],[7.072,52.841],[7.037,52.647],[6.719,52.627],[7.027,52.239],[6.772,52.109],[6.811,51.961],[5.946,51.746],[6.208,51.388],[5.92,51.03],[5.995,50.75],[6.373,50.323],[6.117,50.12],[6.296,49.849],[6.5,49.794],[6.349,49.525],[6.345,49.455],[6.701,49.173],[7.372,49.166],[7.645,49.036],[8.2,48.958],[7.81,48.615],[7.582,48.121],[7.586,47.585],[7.647,47.551],[7.727,47.55],[8.421,47.581],[8.552,47.597],[8.576,47.595],[8.594,47.658],[8.852,47.671],[9.547,47.535],[9.554,47.533],[9.753,47.582],[10.175,47.272],[10.414,47.573],[10.979,47.391],[11.62,47.59],[12.563,47.642],[13.037,47.493],[12.848,47.982],[12.745,48.121],[13.717,48.522],[13.816,48.766],[13.522,48.969],[12.798,49.328],[12.384,49.743],[12.524,49.905],[12.247,50.045],[12.101,50.314],[12.283,50.162],[12.51,50.389],[12.961,50.409],[13.602,50.712],[14.347,50.88],[14.608,50.853]]],[[[14.21,53.938],[13.946,54.067],[13.875,53.844],[14.201,53.878],[14.21,53.938]]],[[[13.698,54.392],[13.166,54.549],[13.268,54.256],[13.698,54.392]]]]},"properties":{"name":"Germany","country_code":"DE"}},
{"type":"Feature","geometry":{"type":"MultiPolygon","coordinates":[[[[25.094,58.067],[25.42,58.008],[25.552,57.95],[25.704,57.921],[26.351,57.58],[26.431,57.562],[26.796,57.571],[27.353,57.528],[27.556,57.813],[27.52,58.195],[27.429,58.709],[27.446,58.819],[27.696,58.977],[28.019,59.482],[27.873,59.408],[26.781,59.503],[25.837,59.576],[24.022,59.378],[23.718,59.231],[23.471,59.212],[23.429,58.765],[23.586,58.544],[24.112,58.241],[24.529,58.351],[24.306,57.868],[24.582,57.946],[24.827,57.982],[25.035,58.049],[25.094,58.067]]],[[[23.231,58.505],[22.583,58.635],[21.885,58.498],[21.868,58.265],[22.203,58.148],[22.669,58.222],[23.231,58.505]]],[[[22.292,58.895],[22.556,58.687],[23.041,58.841],[22.598,59.09],[22.292,58.895]]]]},"properties":{"name":"Estonia","country_code":"EE"}},
{"type":"Feature","geometry":{"type":"Polygon","coordinates":[[[25.094,58.067],[25.035,58.049],[24.827,57.982],[24.582,57.946],[24.306,57.868],[24.395,57.4],[24.405,57.348],[24.331,57.2],[24.113,57.089],[23.927,57.006],[23.579,56.982],[23.16,57.319],[23.031,57.394],[22.995,57.412],[22.587,57.665],[22.195,57.658],[21.622,57.473],[21.512,57.379],[21.328,56.974],[21.046,56.656],[21.021,56.615],[21.053,56.511],[21.063,56.494],[21.036,56.474],[21.005,56.446],[20.971,56.26],[21.053,56.073],[21.485,56.266],[21.737,56.324],[21.965,56.384],[21.983,56.388],[22.578,56.387],[22.86,56.397],[23.173,56.358],[23.378,56.355],[23.871,56.332],[23.981,56.312],[24.14,56.258],[24.573,56.31],[24.871,56.443],[25.349,56.16],[25.65,56.144],[25.795,56.04],[25.961,55.958],[26.227,55.797],[26.595,55.667],[26.979,55.826],[27.593,55.794],[27.76,55.975],[28.051,56.141],[28.149,56.142],[28.168,56.427],[28.093,56.502],[27.865,56.743],[27.644,56.842],[27.746,57.031],[27.694,57.356],[27.353,57.528],[26.796,57.571],[26.431,57.562],[26.351,57.58],[25.704,57.921],[25.552,57.95],[25.42,58.008],[25.094,58.067]]]},"properties":{"name":"Latvia","country_code":"LV"}},
{"type":"Feature","geometry":{"type":"MultiPolygon","coordinates":[[[[20.623,69.036],[21.033,69.041],[21.314,69.291],[21.946,69.066],[22.429,68.71],[23.198,68.618],[23.929,68.816],[24.861,68.563],[25.652,68.883],[26.032,69.697],[26.501,69.918],[27.1,69.902],[27.897,70.071],[28.405,69.802],[29.131,69.674],[29.345,69.464],[28.865,69.217],[28.954,69.027],[29.335,69.277],[29.948,69.366],[30.294,69.62],[30.853,69.527],[30.841,69.806],[30.165,69.88],[29.68,69.735],[29.686,69.97],[28.754,70.168],[30.159,70.071],[31.077,70.284],[29.994,70.713],[28.795,70.873],[28.247,70.415],[27.849,70.483],[28.546,70.98],[27.569,71.097],[27.534,70.846],[26.506,70.363],[26.691,70.956],[26.374,70.868],[25.136,70.079],[25.246,70.528],[25.925,70.856],[24.666,70.978],[24.616,70.78],[23.513,70.366],[23.032,70.03],[22.967,70.207],[21.586,70.312],[21.234,70.224],[21.839,70.055],[21.905,69.825],[21.393,70.029],[20.512,69.769],[20.168,69.942],[19.098,69.736],[18.958,69.561],[18.301,69.487],[17.694,68.892],[16.629,68.642],[16.581,68.534],[17.54,68.428],[16.441,68.225],[16.237,67.884],[16.097,68.173],[15.282,68.037],[15.969,68.009],[14.789,67.823],[15.597,67.749],[14.328,67.242],[15.165,67.31],[14.899,67.142],[14.363,67.16],[14.223,66.982],[13.59,66.938],[13.251,66.633],[13.321,66.3],[12.712,66.042],[12.349,65.638],[12.641,65.416],[12.606,65.126],[12.202,64.999],[12.176,65.011],[12.045,65.06],[11.232,64.823],[11.378,64.397],[10.957,64.603],[10.625,64.405],[9.546,63.774],[9.98,63.493],[10.198,63.542],[10.91,63.731],[10.963,63.948],[11.464,63.802],[10.756,63.625],[10.876,63.446],[10.094,63.439],[10.099,63.325],[9.699,63.644],[8.786,63.43],[8.476,63.294],[8.869,63.21],[8.85,63.203],[8.087,63.11],[7.501,62.911],[6.91,62.929],[7.092,62.651],[6.305,62.459],[6.709,62.452],[5.431,62.186],[5.462,62.007],[4.974,61.739],[5.29,61.48],[4.948,61.416],[5.434,61.027],[5.016,61.047],[5.105,60.837],[5.3,60.561],[5.695,60.752],[5.708,60.471],[5.618,60.417],[5.528,60.421],[5.449,60.446],[5.306,60.528],[5.223,60.211],[5.572,60.238],[5.681,60.04],[6.189,60.355],[5.894,59.762],[5.529,59.558],[5.408,59.516],[5.19,59.48],[5.475,59.279],[6.079,59.402],[6.252,59.277],[5.551,59.039],[5.478,58.755],[5.704,58.521],[6.398,58.273],[6.531,58.121],[7.579,58.018],[8.225,58.157],[9.387,58.785],[9.827,59.018],[9.957,58.957],[10.47,59.248],[10.283,59.696],[10.487,59.803],[10.757,59.844],[10.688,59.484],[10.823,59.164],[11.438,58.992],[11.664,58.92],[11.811,59.249],[11.677,59.559],[11.884,59.805],[11.875,59.885],[12.511,60.118],[12.594,60.515],[12.281,61.015],[12.711,61.057],[12.877,61.371],[12.162,61.725],[12.315,62.272],[12.28,62.344],[12.091,62.586],[12.06,63.205],[12.17,63.598],[12.682,63.956],[13.234,64.091],[13.939,64.01],[14.116,64.441],[13.643,64.584],[14.332,65.114],[14.333,65.115],[14.644,65.843],[14.541,66.125],[15.053,66.153],[15.476,66.355],[15.426,66.491],[16.416,67.053],[16.127,67.423],[16.808,67.911],[17.321,68.105],[17.895,67.97],[18.167,68.158],[18.189,68.538],[19.038,68.506],[19.931,68.35],[20.246,68.477],[20.341,68.91],[20.623,69.036]]],[[[15.908,68.958],[15.009,68.314],[15.624,68.3],[16.496,68.579],[16.255,68.903],[15.908,68.958]]],[[[18.071,69.438],[17.837,69.592],[16.823,69.054],[17.958,69.18],[18.071,69.438]]],[[[18.999,69.829],[18.357,69.793],[18.194,69.531],[18.823,69.591],[18.999,69.829]]],[[[19.619,70.017],[18.729,69.948],[19.122,69.788],[19.619,70.017]]],[[[14.028,68.263],[13.5,68.242],[13.644,68.071],[14.028,68.263]]],[[[15,68.365],[14.653,68.429],[14.198,68.153],[15,68.365]]],[[[14.397,68.66],[15.336,68.653],[15.295,68.907],[14.397,68.66]]],[[[-7.963,71.175],[-9.117,70.875],[-8.006,71.033],[-7.963,71.175]]],[[[9.139,63.568],[8.545,63.602],[8.504,63.434],[9.139,63.568]]],[[[23.656,70.503],[22.897,70.451],[23.105,70.283],[23.656,70.503]]],[[[5.688,60.677],[5.324,60.547],[5.502,60.437],[5.609,60.444],[5.681,60.482],[5.688,60.677]]],[[[24.425,77.826],[23.628,77.87],[22.966,78.256],[20.88,78.085],[21.662,77.918],[20.922,77.442],[22.778,77.555],[22.43,77.264],[23.235,77.264],[24.425,77.826]]],[[[21.024,78.219],[22.271,78.268],[22.235,78.488],[21.178,78.623],[20.183,78.495],[21.024,78.219]]],[[[12.143,78.237],[10.844,78.879],[11.122,78.439],[12.143,78.237]]],[[[20.209,78.638],[21.394,78.672],[21.522,78.854],[18.945,79.157],[18.882,79.441],[17.563,79.898],[16.295,80.067],[15.716,79.877],[16.348,78.916],[14.549,79.811],[13.883,79.542],[13.797,79.882],[12.337,79.67],[11.822,79.845],[10.708,79.561],[11.279,79.1],[12.391,79.002],[11.643,78.747],[13.01,78.204],[14.663,78.381],[14.815,78.734],[15.795,78.343],[15.035,78.117],[13.589,78.056],[13.719,77.768],[16.789,77.877],[13.911,77.534],[14.374,77.199],[16.81,76.567],[17.728,77.493],[18.194,77.49],[18.583,78.055],[19.063,78.087],[18.993,78.467],[20.209,78.638]]],[[[27.171,80.073],[26.807,80.174],[23.765,80.309],[23.006,80.168],[22.75,80.505],[22.367,80.009],[21.847,80.272],[20.883,80.211],[20.39,80.423],[18.194,79.9],[18.784,79.723],[21.888,79.824],[21.85,79.707],[19.633,79.611],[20.817,79.378],[22.895,79.42],[22.926,79.223],[24.053,79.189],[25.646,79.398],[25.826,79.626],[27.15,79.855],[27.171,80.073]]],[[[3.457,-54.39],[3.351,-54.456],[3.468,-54.441],[3.457,-54.39]]]]},"properties":{"name":"Norway","country_code":"NO"}},
{"type":"Feature","geometry":{"type":"MultiPolygon","coordinates":[[[[18.189,68.538],[18.167,68.158],[17.895,67.97],[17.321,68.105],[16.808,67.911],[16.127,67.423],[16.416,67.053],[15.426,66.491],[15.476,66.355],[15.053,66.153],[14.541,66.125],[14.644,65.843],[14.333,65.115],[14.332,65.114],[13.643,64.584],[14.116,64.441],[13.939,64.01],[13.234,64.091],[12.682,63.956],[12.17,63.598],[12.06,63.205],[12.091,62.586],[12.28,62.344],[12.315,62.272],[12.162,61.725],[12.877,61.371],[12.711,61.057],[12.281,61.015],[12.594,60.515],[12.511,60.118],[11.875,59.885],[11.884,59.805],[11.677,59.559],[11.811,59.249],[11.664,58.92],[11.438,58.992],[11.117,58.969],[11.232,58.34],[11.826,58.317],[11.687,57.838],[11.913,57.583],[12.375,56.912],[12.911,56.474],[12.505,56.275],[13.061,55.674],[12.953,55.425],[13.281,55.345],[14.363,55.524],[14.196,55.726],[14.553,56.054],[14.686,56.147],[15.573,56.206],[15.852,56.086],[16.066,56.336],[16.468,56.949],[16.689,57.472],[16.419,57.895],[16.687,57.989],[16.94,58.491],[16.781,58.634],[17.46,58.791],[17.586,58.965],[18.414,59.14],[18.009,59.409],[18.413,59.491],[19.042,59.785],[18.82,60.114],[18.555,60.121],[17.967,60.512],[17.377,60.624],[17.168,60.992],[17.177,61.487],[17.499,62.148],[17.337,62.404],[17.823,62.486],[18.077,62.774],[18.471,62.868],[18.643,63.147],[19.037,63.178],[19.316,63.458],[19.687,63.431],[20.074,63.666],[20.786,63.879],[20.948,64.13],[21.492,64.454],[21.042,64.82],[21.582,65.068],[21.942,65.412],[22.405,65.542],[22.258,65.693],[22.685,65.862],[23.13,65.715],[23.374,65.823],[24.163,65.823],[23.642,66.436],[24.001,66.812],[23.581,67.153],[23.765,67.42],[23.431,67.486],[23.499,67.882],[22.808,68.395],[22.072,68.477],[20.623,69.036],[20.341,68.91],[20.246,68.477],[19.931,68.35],[19.038,68.506],[18.189,68.538]]],[[[17.125,57.319],[16.966,57.305],[16.399,56.545],[16.413,56.229],[17.125,57.319]]],[[[19.04,57.868],[18.742,57.918],[18.112,57.511],[18.299,56.942],[18.386,57.127],[18.93,57.405],[18.807,57.734],[19.04,57.868]]]]},"properties":{"name":"Sweden","country_code":"SE"}},
{"type":"Feature","geometry":{"type":"MultiPolygon","coordinates":[[[[20.623,69.036],[22.072,68.477],[22.808,68.395],[23.499,67.882],[23.431,67.486],[23.765,67.42],[23.581,67.153],[24.001,66.812],[23.642,66.436],[24.163,65.823],[25.093,65.592],[25.352,65.484],[25.444,64.967],[25.26,64.816],[24.773,64.866],[23.706,64.168],[22.991,63.788],[22.589,63.703],[22.374,63.321],[21.227,62.858],[21.134,62.404],[21.339,62.356],[21.317,61.939],[21.486,61.811],[21.558,61.204],[21.408,61.048],[21.38,60.647],[22.292,60.383],[22.877,60.301],[23.021,60.107],[23.247,59.922],[23.771,59.968],[25.503,60.246],[25.93,60.245],[26.014,60.463],[26.324,60.383],[26.553,60.592],[26.687,60.418],[27.178,60.567],[27.808,60.553],[28.004,60.664],[29.277,61.305],[30.146,61.85],[31.244,62.503],[31.57,62.906],[31.226,63.196],[30.489,63.462],[29.998,63.747],[30.509,63.991],[30.558,64.22],[30.032,64.397],[30.063,64.784],[29.588,64.991],[29.732,65.497],[30.099,65.656],[29.9,66.108],[29.546,66.432],[29.362,66.627],[29.1,66.991],[29.916,67.508],[30.009,67.686],[29.299,68.082],[28.664,68.204],[28.447,68.515],[28.954,69.027],[28.865,69.217],[29.345,69.464],[29.131,69.674],[28.405,69.802],[27.897,70.071],[27.1,69.902],[26.501,69.918],[26.032,69.697],[25.652,68.883],[24.861,68.563],[23.929,68.816],[23.198,68.618],[22.429,68.71],[21.946,69.066],[21.314,69.291],[21.033,69.041],[20.623,69.036]]],[[[22.844,60.242],[22.451,60.189],[22.682,59.998],[22.844,60.242]]]]},"properties":{"name":"Finland","country_code":"FI"}},
{"type":"Feature","geometry":{"type":"MultiPolygon","coordinates":[[[[107.52,14.705],[107.32,14.12],[107.446,13.922],[107.597,13.535],[107.575,13.294],[107.562,13.262],[107.46,13.022],[107.54,12.717],[107.557,12.473],[107.393,12.253],[107.228,12.311],[106.791,12.067],[106.395,11.966],[106.435,11.678],[106.015,11.77],[105.821,11.641],[105.793,11.583],[105.844,11.29],[106.17,10.971],[106.177,10.767],[105.753,11.016],[105.617,10.971],[105.524,10.951],[105.209,10.892],[105.039,10.923],[105.066,10.746],[104.724,10.521],[104.701,10.524],[104.451,10.42],[104.608,10.154],[104.805,10.207],[105.088,9.997],[104.893,9.851],[104.834,9.534],[104.775,8.818],[105.101,8.634],[105.426,9.008],[105.868,9.255],[106.193,9.369],[106.197,9.541],[105.902,9.917],[105.839,10.005],[105.997,9.889],[106.25,9.631],[106.485,9.547],[106.575,9.739],[106.246,10.077],[106.118,10.238],[106.611,9.817],[106.798,10.157],[106.422,10.317],[106.776,10.275],[106.615,10.437],[106.744,10.552],[106.984,10.567],[106.998,10.625],[107.003,10.625],[107.025,10.635],[107.02,10.512],[107.026,10.501],[107.272,10.378],[107.587,10.574],[107.998,10.699],[108.106,10.918],[108.729,11.182],[108.906,11.323],[109.204,11.789],[109.207,12.387],[109.346,12.396],[109.205,12.646],[109.385,12.834],[109.237,13.699],[109.307,13.876],[109.077,14.672],[108.827,15.429],[108.762,15.397],[108.282,15.99],[108.2,16.212],[107.896,16.278],[107.412,16.75],[107.007,17.162],[106.635,17.47],[106.443,17.847],[106.519,17.957],[106.435,18.124],[106.098,18.29],[105.751,18.663],[105.614,18.999],[105.806,19.274],[105.826,19.642],[106.034,19.996],[106.115,20.033],[106.503,20.301],[106.594,20.647],[106.789,20.731],[106.651,21.018],[107.149,20.931],[107.374,21.028],[107.367,21.273],[107.562,21.298],[107.783,21.524],[107.991,21.486],[107.832,21.639],[107.334,21.613],[106.648,21.996],[106.533,22.403],[106.747,22.744],[106.488,22.925],[106.316,22.854],[105.999,22.975],[105.854,22.905],[105.535,23.099],[105.521,23.163],[105.312,23.366],[104.87,23.164],[104.824,22.924],[104.362,22.693],[104.213,22.825],[103.985,22.527],[103.647,22.799],[103.55,22.649],[103.31,22.788],[102.989,22.438],[102.443,22.765],[102.325,22.565],[102.119,22.398],[102.591,21.901],[102.651,21.658],[102.826,21.821],[102.974,21.575],[102.926,21.141],[103.226,20.826],[103.389,20.794],[103.665,20.658],[104.057,20.959],[104.614,20.643],[104.36,20.44],[104.681,20.341],[104.946,19.992],[104.506,19.603],[104.2,19.699],[103.848,19.3],[104.26,19.104],[104.722,18.792],[105.169,18.618],[105.08,18.454],[105.257,18.247],[105.603,17.969],[105.735,17.664],[106.404,17.015],[106.534,16.951],[106.535,16.684],[106.752,16.428],[106.823,16.531],[107.068,16.291],[107.136,16.185],[107.433,16.055],[107.16,15.759],[107.576,15.403],[107.658,15.282],[107.502,15.044],[107.52,14.705]]],[[[104.082,10.371],[103.846,10.371],[104.011,10.03],[104.082,10.371]]]]},"properties":{"name":"Vietnam","country_code":"VN"}},
{"type":"Feature","geometry":{"type":"Polygon","coordinates":[[[107.52,14.705],[106.946,14.324],[106.622,14.458],[106.512,14.59],[106.34,14.449],[105.974,14.366],[106.145,14.072],[105.896,13.925],[105.533,14.164],[105.338,14.11],[105.184,14.346],[105.047,14.214],[104.916,14.393],[104.459,14.357],[104.046,14.357],[104.045,14.357],[103.671,14.43],[103.243,14.342],[103.017,14.239],[102.914,14.165],[102.699,13.762],[102.33,13.485],[102.329,13.273],[102.49,12.995],[102.495,12.746],[102.496,12.654],[102.764,12.425],[102.765,12.045],[102.914,11.646],[103.134,11.316],[103.096,10.934],[103.352,10.872],[103.474,11.134],[103.675,11.064],[103.689,10.743],[103.507,10.635],[103.624,10.501],[103.917,10.616],[104.269,10.552],[104.424,10.451],[104.451,10.42],[104.701,10.524],[104.724,10.521],[105.066,10.746],[105.039,10.923],[105.209,10.892],[105.524,10.951],[105.617,10.971],[105.753,11.016],[106.177,10.767],[106.17,10.971],[105.844,11.29],[105.793,11.583],[105.821,11.641],[106.015,11.77],[106.435,11.678],[106.395,11.966],[106.791,12.067],[107.228,12.311],[107.393,12.253],[107.557,12.473],[107.54,12.717],[107.46,13.022],[107.562,13.262],[107.575,13.294],[107.597,13.535],[107.446,13.922],[107.32,14.12],[107.52,14.705]]]},"properties":{"name":"Cambodia","country_code":"KH"}},
{"type":"Feature","geometry":{"type":"Polygon","coordinates":[[[6.117,50.12],[6.023,50.151],[5.715,49.882],[5.856,49.706],[5.791,49.538],[5.928,49.482],[6.251,49.489],[6.345,49.455],[6.349,49.525],[6.5,49.794],[6.296,49.849],[6.117,50.12]]]},"properties":{"name":"Luxembourg","country_code":"LU"}},
{"type":"Feature","geometry":{"type":"Polygon","coordinates":[[[3.163,50.75],[3.271,50.527],[3.662,50.319],[4.204,50.252],[4.132,49.975],[4.216,49.954],[4.428,49.934],[4.872,50.14],[4.968,49.797],[5.391,49.609],[5.478,49.495],[5.791,49.538],[5.856,49.706],[5.715,49.882],[6.023,50.151],[6.117,50.12],[6.373,50.323],[5.995,50.75],[5.891,50.751],[5.733,50.759],[5.657,50.808],[5.829,51.156],[5.551,51.217],[5.239,51.257],[5.012,51.474],[4.483,51.474],[4.281,51.369],[4.261,51.369],[4.299,51.27],[4.221,51.368],[3.809,51.205],[3.399,51.245],[3.349,51.375],[2.522,51.088],[2.59,50.842],[2.867,50.7],[3.024,50.768],[3.163,50.75]]]},"properties":{"name":"Belgium","country_code":"BE"}},
{"type":"Feature","geometry":{"type":"Polygon","coordinates":[[[39.986,43.389],[40.335,43.141],[40.856,43.063],[41.15,42.796],[41.383,42.757],[41.551,42.406],[41.715,42.059],[41.774,41.903],[41.521,41.514],[42.451,41.431],[42.587,41.579],[42.82,41.572],[43.231,41.173],[43.44,41.107],[43.978,41.165],[44.854,41.224],[45.002,41.29],[45.098,41.35],[45.333,41.444],[45.77,41.232],[46.088,41.184],[46.616,41.109],[46.63,41.346],[46.28,41.571],[46.431,41.89],[45.948,42.023],[45.621,42.224],[45.74,42.471],[45.302,42.56],[45.076,42.691],[44.639,42.74],[44.186,42.627],[43.908,42.566],[43.801,42.746],[43.386,42.887],[43.175,42.934],[43,43.099],[42.363,43.235],[42.154,43.217],[41.551,43.226],[40.69,43.523],[40.233,43.576],[39.986,43.389]]]},"properties":{"name":"Georgia","country_code":"GE"}},
{"type":"Feature","geometry":{"type":"Polygon","coordinates":[[[20.654,41.075],[20.664,41.059],[20.837,40.924],[20.965,40.849],[21.246,40.863],[21.506,40.901],[21.757,40.923],[21.896,41.065],[21.926,41.107],[22.214,41.161],[22.587,41.124],[22.657,41.177],[22.742,41.287],[22.762,41.323],[22.797,41.337],[22.917,41.336],[22.944,41.523],[22.985,41.677],[22.882,41.872],[22.846,42.007],[22.627,42.079],[22.507,42.149],[22.345,42.313],[22.138,42.319],[22.045,42.302],[21.72,42.261],[21.677,42.235],[21.564,42.246],[21.482,42.248],[21.472,42.239],[21.361,42.22],[21.301,42.098],[21.246,42.096],[21.229,42.104],[21.098,42.196],[21.041,42.16],[20.975,42.135],[20.904,42.117],[20.785,42.082],[20.751,41.94],[20.751,41.91],[20.714,41.859],[20.567,41.873],[20.541,41.845],[20.55,41.8],[20.535,41.587],[20.482,41.468],[20.539,41.403],[20.478,41.322],[20.495,41.25],[20.513,41.21],[20.597,41.086],[20.654,41.075]]]},"properties":{"name":"North Macedonia","country_code":"MK"}},
{"type":"Feature","geometry":{"type":"Polygon","coordinates":[[[20.539,41.403],[20.482,41.468],[20.535,41.587],[20.55,41.8],[20.541,41.845],[20.567,41.873],[20.552,42.074],[20.474,42.237],[20.153,42.493],[20.065,42.547],[19.829,42.469],[19.747,42.589],[19.658,42.635],[19.283,42.198],[19.37,42.107],[19.365,41.852],[19.53,41.836],[19.556,41.583],[19.516,41.26],[19.448,41.009],[19.305,40.653],[19.476,40.214],[19.855,40.05],[20,39.694],[20.3,39.805],[20.31,39.99],[20.615,40.081],[20.74,40.309],[21.037,40.64],[20.965,40.849],[20.837,40.924],[20.664,41.059],[20.654,41.075],[20.597,41.086],[20.513,41.21],[20.495,41.25],[20.478,41.322],[20.539,41.403]]]},"properties":{"name":"Albania","country_code":"AL"}},
{"type":"Feature","geometry":{"type":"MultiPolygon","coordinates":[[[[45.002,41.29],[45.068,41.111],[45.382,41.011],[45.443,40.948],[45.478,40.748],[45.374,40.651],[45.819,40.297],[45.889,40.262],[45.874,40.01],[45.578,39.984],[45.809,39.851],[45.883,39.796],[46.479,39.462],[46.599,39.222],[46.418,39.212],[46.514,38.882],[46.866,39.165],[47.014,39.187],[47.261,39.366],[47.625,39.571],[47.788,39.658],[47.958,39.707],[48.328,39.376],[48.125,39.298],[48.302,39.018],[48.013,38.822],[48.226,38.713],[48.536,38.469],[48.613,38.396],[48.874,38.434],[48.869,38.602],[48.863,38.748],[48.847,38.788],[48.896,38.891],[48.918,38.929],[48.968,39.184],[49.234,39.156],[49.409,39.386],[49.285,39.508],[49.359,39.667],[49.443,40.078],[49.893,40.369],[50.361,40.365],[50.052,40.584],[49.71,40.586],[49.532,40.663],[49.371,40.885],[49.172,41.14],[49.079,41.357],[48.579,41.845],[48.462,41.721],[47.813,41.197],[47.695,41.207],[47.367,41.262],[47.179,41.492],[47.028,41.557],[46.71,41.835],[46.431,41.89],[46.28,41.571],[46.63,41.346],[46.616,41.109],[46.088,41.184],[45.77,41.232],[45.333,41.444],[45.098,41.35],[45.002,41.29]]],[[[45.075,39.75],[44.953,39.736],[44.775,39.703],[44.807,39.64],[44.824,39.631],[45.051,39.387],[45.114,39.309],[45.495,38.982],[45.536,38.968],[45.768,38.939],[46.136,38.864],[45.902,39.294],[45.764,39.359],[45.709,39.568],[45.424,39.494],[45.266,39.593],[45.168,39.566],[45.075,39.75]]]]},"properties":{"name":"Azerbaijan","country_code":"AZ"}},
{"type":"Feature","geometry":{"type":"Polygon","coordinates":[[[20.153,42.493],[20.474,42.237],[20.552,42.074],[20.567,41.873],[20.714,41.859],[20.751,41.91],[20.751,41.94],[20.785,42.082],[20.904,42.117],[20.975,42.135],[21.041,42.16],[21.098,42.196],[21.229,42.104],[21.246,42.096],[21.301,42.098],[21.361,42.22],[21.472,42.239],[21.482,42.248],[21.564,42.246],[21.619,42.449],[21.744,42.679],[21.48,42.732],[21.387,42.755],[21.408,42.842],[20.993,43.104],[20.912,43.139],[20.81,43.26],[20.644,43.052],[20.617,43.022],[20.494,42.887],[20.345,42.827],[20.319,42.824],[20.056,42.764],[20.037,42.707],[20.104,42.653],[20.065,42.547],[20.153,42.493]]]},"properties":{"name":"Kosovo","country_code":"XK"}},
{"type":"Feature","geometry":{"type":"MultiPolygon","coordinates":[[[[42.451,41.431],[41.521,41.514],[41.2,41.301],[40.352,40.994],[40.143,40.923],[39.148,41.072],[38.718,40.955],[38.114,40.958],[37.69,41.14],[37.581,41.037],[37.152,41.147],[36.62,41.375],[36.451,41.24],[36.134,41.462],[35.957,41.736],[35.5,41.642],[35.225,41.762],[34.948,42.099],[34.694,41.946],[34.216,41.96],[33.324,42.019],[32.799,41.86],[32.263,41.72],[32.134,41.599],[31.404,41.316],[31.346,41.151],[30.956,41.082],[30.429,41.171],[29.885,41.149],[29.232,41.241],[29.028,40.982],[29.254,40.875],[29.428,40.691],[28.986,40.645],[28.774,40.523],[28.98,40.465],[28.957,40.363],[28.208,40.399],[27.684,40.502],[27.572,40.316],[27.303,40.458],[26.736,40.404],[26.153,39.943],[26.074,39.475],[26.667,39.551],[26.926,39.486],[26.609,39.275],[26.779,39.17],[26.856,38.918],[26.719,38.721],[26.935,38.435],[26.673,38.307],[26.506,38.653],[26.349,38.621],[26.476,38.367],[26.235,38.274],[27.262,37.888],[27.212,37.357],[27.403,37.413],[27.475,37.093],[27.263,36.963],[28.305,37.051],[28.055,36.809],[27.623,36.802],[27.363,36.685],[27.671,36.658],[28.273,36.852],[28.604,36.816],[28.843,36.638],[29.096,36.665],[29.096,36.391],[29.261,36.294],[29.672,36.123],[30.255,36.308],[30.4,36.248],[30.687,36.891],[31.341,36.809],[32.026,36.543],[32.365,36.178],[32.572,36.094],[32.804,36.027],[33.134,36.132],[33.685,36.143],[34.555,36.768],[34.933,36.727],[35.348,36.544],[35.631,36.607],[35.933,36.873],[36.189,36.802],[36.189,36.604],[35.789,36.32],[35.911,35.918],[36.155,35.822],[36.358,35.994],[36.373,36.228],[36.649,36.306],[36.535,36.494],[36.66,36.827],[37.015,36.642],[37.522,36.674],[38.026,36.835],[38.19,36.906],[38.635,36.744],[39.442,36.692],[40.261,36.923],[40.709,37.1],[41.48,37.076],[41.896,37.154],[42.211,37.325],[42.357,37.11],[42.722,37.359],[43.363,37.304],[43.894,37.225],[44.069,37.314],[44.307,36.977],[44.766,37.142],[44.566,37.447],[44.596,37.716],[44.205,37.905],[44.459,38.322],[44.29,38.382],[44.275,38.844],[44.047,39.338],[44.405,39.434],[44.458,39.643],[44.807,39.64],[44.775,39.703],[44.381,40.01],[43.665,40.11],[43.69,40.24],[43.624,40.411],[43.729,40.677],[43.44,41.107],[43.231,41.173],[42.82,41.572],[42.587,41.579],[42.451,41.431]]],[[[27.048,42.083],[26.838,41.975],[26.553,41.882],[26.333,41.713],[26.595,41.612],[26.637,41.378],[26.332,41.254],[26.359,40.965],[26.044,40.738],[26.077,40.612],[26.781,40.659],[26.829,40.602],[26.21,40.322],[26.157,40.055],[26.964,40.561],[27.178,40.633],[27.524,40.989],[27.959,40.975],[28.175,41.081],[28.595,40.978],[28.982,41.002],[29.109,41.235],[28.203,41.54],[27.972,41.822],[28.017,41.973],[27.546,41.901],[27.048,42.083]]]]},"properties":{"name":"Turkey","country_code":"TR"}},
{"type":"Feature","geometry":{"type":"MultiPolygon","coordinates":[[[[-5.341,35.847],[-5.292,35.891],[-5.399,35.925],[-5.341,35.847]]],[[[-2.948,35.33],[-2.943,35.268],[-2.913,35.277],[-2.948,35.33]]],[[[-1.75,43.295],[-1.794,43.386],[-2.407,43.329],[-2.756,43.45],[-3.151,43.36],[-3.554,43.517],[-4.514,43.403],[-5.424,43.561],[-6.223,43.596],[-7.001,43.557],[-7.047,43.484],[-7.367,43.68],[-7.696,43.732],[-7.881,43.763],[-8.313,43.567],[-8.331,43.406],[-8.841,43.339],[-9.138,43.202],[-9.292,42.923],[-8.922,42.788],[-9.071,42.596],[-8.731,42.688],[-8.868,42.415],[-8.625,42.302],[-8.899,42.102],[-8.751,41.969],[-8.222,42.154],[-8.179,41.813],[-8.05,41.816],[-7.209,41.889],[-6.983,41.963],[-6.568,41.926],[-6.577,41.74],[-6.206,41.57],[-6.482,41.303],[-6.927,41.048],[-6.814,40.647],[-6.875,40.279],[-6.942,40.255],[-6.88,40.009],[-7.036,39.689],[-7.556,39.677],[-7.251,39.271],[-6.973,39.014],[-7.226,38.766],[-7.359,38.446],[-7.117,38.184],[-6.951,38.198],[-7.273,37.977],[-7.515,37.528],[-7.414,37.193],[-6.893,37.167],[-6.339,36.905],[-6.232,36.903],[-6.433,36.751],[-6.159,36.304],[-5.612,36.006],[-5.358,36.141],[-5.339,36.141],[-5.254,36.297],[-5.187,36.411],[-4.723,36.493],[-4.433,36.711],[-3.777,36.736],[-3.128,36.746],[-2.659,36.695],[-2.362,36.837],[-2.127,36.736],[-1.899,36.95],[-1.642,37.381],[-1.243,37.579],[-0.705,37.62],[-0.761,37.846],[-0.51,38.338],[0.228,38.735],[-0.031,38.883],[-0.21,39.079],[-0.323,39.516],[-0.194,39.715],[0.524,40.526],[0.848,40.675],[0.714,40.815],[0.99,41.04],[1.624,41.192],[2.06,41.275],[2.297,41.465],[2.778,41.646],[3.236,41.966],[3.181,42.431],[2.934,42.47],[2.465,42.341],[2.052,42.352],[1.712,42.494],[1.707,42.503],[1.657,42.498],[1.573,42.453],[1.45,42.504],[1.429,42.595],[0.856,42.813],[0.663,42.696],[0.467,42.69],[-0.039,42.685],[-0.305,42.831],[-0.745,42.919],[-1.488,43.082],[-1.404,43.243],[-1.75,43.295]]],[[[-17.934,27.852],[-18.16,27.722],[-17.979,27.643],[-17.934,27.852]]],[[[-16.428,28.15],[-16.141,28.583],[-16.507,28.424],[-16.916,28.355],[-16.676,27.997],[-16.428,28.15]]],[[[-17.756,28.819],[-18.002,28.75],[-17.831,28.455],[-17.756,28.819]]],[[[-15.392,28.03],[-15.706,28.167],[-15.786,27.844],[-15.578,27.734],[-15.392,28.03]]],[[[-13.973,28.736],[-14.301,28.068],[-13.967,28.228],[-13.836,28.715],[-13.973,28.736]]],[[[-13.483,29.24],[-13.751,29.081],[-13.86,28.859],[-13.482,28.999],[-13.483,29.24]]],[[[1.606,39.091],[1.212,38.903],[1.403,38.832],[1.606,39.091]]],[[[3.355,39.784],[3.179,39.969],[2.358,39.612],[2.655,39.565],[3.061,39.269],[3.474,39.75],[3.355,39.784]]],[[[4.303,39.926],[4.105,40.079],[3.831,39.936],[4.248,39.816],[4.303,39.926]]]]},"properties":{"name":"Spain","country_code":"ES"}},
{"type":"Feature","geometry":{"type":"Polygon","coordinates":[[[102.119,22.398],[101.655,22.446],[101.518,22.228],[101.804,21.626],[101.723,21.304],[101.821,21.221],[101.768,21.16],[101.495,21.243],[101.275,21.174],[101.159,21.553],[100.725,21.312],[100.516,20.886],[100.608,20.84],[100.211,20.697],[100.099,20.318],[100.307,20.4],[100.549,20.158],[100.408,19.794],[100.39,19.724],[100.575,19.508],[100.875,19.613],[101.246,19.57],[101.229,19.144],[101.318,19.05],[101.24,18.674],[101.074,18.372],[101.165,18.053],[100.956,17.708],[100.938,17.555],[101.132,17.462],[101.546,17.814],[102.056,18.192],[102.107,18.212],[102.668,17.85],[103.088,18.139],[103.296,18.295],[103.387,18.441],[104,18.318],[104.203,18.019],[104.282,17.861],[104.816,17.373],[104.746,16.944],[104.758,16.819],[104.755,16.529],[104.988,16.294],[105.107,16.096],[105.423,16.005],[105.412,15.8],[105.613,15.721],[105.592,15.428],[105.452,15.095],[105.593,14.991],[105.416,14.428],[105.184,14.346],[105.338,14.11],[105.533,14.164],[105.896,13.925],[106.145,14.072],[105.974,14.366],[106.34,14.449],[106.512,14.59],[106.622,14.458],[106.946,14.324],[107.52,14.705],[107.502,15.044],[107.658,15.282],[107.576,15.403],[107.16,15.759],[107.433,16.055],[107.136,16.185],[107.068,16.291],[106.823,16.531],[106.752,16.428],[106.535,16.684],[106.534,16.951],[106.404,17.015],[105.735,17.664],[105.603,17.969],[105.257,18.247],[105.08,18.454],[105.169,18.618],[104.722,18.792],[104.26,19.104],[103.848,19.3],[104.2,19.699],[104.506,19.603],[104.946,19.992],[104.681,20.341],[104.36,20.44],[104.614,20.643],[104.057,20.959],[103.665,20.658],[103.389,20.794],[103.226,20.826],[102.926,21.141],[102.974,21.575],[102.826,21.821],[102.651,21.658],[102.591,21.901],[102.119,22.398]]]},"properties":{"name":"Laos","country_code":"LA"}},
{"type":"Feature","geometry":{"type":"Polygon","coordinates":[[[80.21,42.19],[79.918,42.424],[79.426,42.47],[79.148,42.791],[78.496,42.876],[77.212,42.91],[76.957,42.989],[76.432,42.89],[75.807,42.937],[75.646,42.806],[75.179,42.85],[74.179,43.262],[73.634,43.062],[73.41,42.59],[73.505,42.422],[72.726,42.653],[71.848,42.834],[71.405,42.795],[71.003,42.564],[70.889,42.339],[70.948,42.248],[71.25,42.198],[70.169,41.578],[70.471,41.405],[70.634,41.467],[70.77,41.239],[71.18,41.108],[71.421,41.162],[71.753,41.447],[71.872,41.194],[72.17,41.169],[72.195,41.006],[72.619,40.88],[73.135,40.835],[72.586,40.509],[72.228,40.46],[72.013,40.262],[71.673,40.148],[71.24,40.321],[70.959,40.238],[70.525,40.034],[69.97,40.212],[69.314,39.987],[69.3,39.516],[69.669,39.578],[70.656,39.495],[70.798,39.385],[71.51,39.585],[71.733,39.285],[72.05,39.369],[72.229,39.19],[72.65,39.394],[73.136,39.353],[73.633,39.448],[73.927,39.593],[73.823,39.806],[74.004,40.061],[74.37,40.106],[74.832,40.508],[75.194,40.441],[75.588,40.612],[75.682,40.292],[76.244,40.441],[76.314,40.343],[76.624,40.628],[76.767,40.945],[77.008,41.044],[77.475,40.982],[78.075,41.04],[78.231,41.173],[78.36,41.378],[79.304,41.788],[80.182,42.021],[80.21,42.19]],[[71.009,40.158],[71.237,40.031],[71.114,39.874],[71.009,40.158]]]},"properties":{"name":"Kyrgyzstan","country_code":"KG"}},
{"type":"Feature","geometry":{"type":"Polygon","coordinates":[[[45.002,41.29],[44.854,41.224],[43.978,41.165],[43.44,41.107],[43.729,40.677],[43.624,40.411],[43.69,40.24],[43.665,40.11],[44.381,40.01],[44.775,39.703],[44.953,39.736],[45.075,39.75],[45.168,39.566],[45.266,39.593],[45.424,39.494],[45.709,39.568],[45.764,39.359],[45.902,39.294],[46.136,38.864],[46.514,38.882],[46.418,39.212],[46.599,39.222],[46.479,39.462],[45.883,39.796],[45.809,39.851],[45.578,39.984],[45.874,40.01],[45.889,40.262],[45.819,40.297],[45.374,40.651],[45.478,40.748],[45.443,40.948],[45.382,41.011],[45.068,41.111],[45.002,41.29]]]},"properties":{"name":"Armenia","country_code":"AM"}},
{"type":"Feature","geometry":{"type":"MultiPolygon","coordinates":[[[[9.438,54.81],[9.739,54.981],[9.494,55.161],[9.71,55.249],[9.498,55.489],[9.676,55.709],[10.245,55.915],[10.403,56.298],[10.531,56.1],[10.964,56.448],[10.193,56.694],[10.539,57.237],[10.43,57.571],[10.596,57.751],[9.967,57.591],[9.412,57.165],[8.618,57.123],[8.244,56.777],[9.115,57.059],[9.326,56.669],[8.956,56.803],[8.566,56.579],[8.122,56.552],[8.106,56.119],[8.388,55.893],[8.176,55.801],[8.094,55.564],[8.618,55.438],[8.661,54.896],[9.438,54.81]]],[[[10.666,55.064],[10.797,55.359],[10.294,55.616],[9.676,55.496],[10.205,55.094],[10.666,55.064]]],[[[11.845,54.732],[11.232,54.961],[10.999,54.787],[11.474,54.626],[11.845,54.732]]],[[[12.359,55.605],[12.602,55.709],[12.622,56.044],[12.245,56.129],[11.866,55.973],[12.076,55.779],[11.973,55.721],[11.854,55.732],[11.663,55.907],[10.96,55.724],[11.261,55.201],[11.649,55.181],[11.961,54.694],[12.17,54.838],[12.183,55.227],[12.445,55.349],[12.359,55.605]]],[[[15.151,55.133],[14.761,55.309],[14.684,55.101],[15.073,54.992],[15.151,55.133]]]]},"properties":{"name":"Denmark","country_code":"DK"}},
{"type":"Feature","geometry":{"type":"Polygon","coordinates":[[[11.182,32.262],[10.606,31.954],[10.514,31.757],[10.264,31.68],[10.108,31.412],[10.27,30.916],[9.871,30.355],[9.52,30.229],[9.369,30.023],[9.668,29.608],[9.826,29.129],[9.827,28.619],[9.777,28.268],[9.931,27.819],[9.721,27.292],[9.911,26.843],[9.836,26.504],[9.483,26.353],[9.401,26.113],[9.97,25.395],[10.032,24.856],[10.392,24.48],[10.721,24.552],[11.467,24.326],[11.71,24],[11.969,23.517],[13.482,23.18],[14.232,22.618],[14.98,22.996],[15.985,23.445],[17.435,22.729],[18.917,21.997],[19.186,21.864],[20.893,21.021],[22.252,20.35],[23.981,19.496],[23.981,19.995],[24.981,20.008],[24.981,21.995],[24.981,22.871],[24.981,24.622],[24.981,27.049],[24.981,27.667],[24.981,28.097],[24.981,29.181],[24.812,29.891],[24.688,30.144],[24.995,30.785],[24.861,31.38],[25.151,31.656],[24.982,31.968],[24.67,32.032],[24.091,32.006],[23.67,32.183],[23.251,32.217],[23.096,32.324],[23.086,32.646],[21.986,32.913],[21.609,32.931],[21.357,32.78],[21.097,32.781],[20.576,32.563],[20.072,32.176],[19.921,31.718],[20.142,31.224],[20.036,30.819],[19.749,30.511],[19.339,30.299],[19.057,30.266],[18.781,30.376],[18.175,30.786],[17.366,31.087],[16.728,31.224],[16.137,31.261],[15.761,31.388],[15.49,31.665],[15.37,32.159],[15.196,32.39],[14.756,32.45],[13.954,32.758],[13.352,32.904],[13.103,32.877],[12.573,32.813],[12.348,32.833],[11.505,33.181],[11.45,32.638],[11.526,32.418],[11.182,32.262]]]},"properties":{"name":"Libya","country_code":"LY"}},
{"type":"Feature","geometry":{"type":"MultiPolygon","coordinates":[[[[11.182,32.262],[11.526,32.418],[11.45,32.638],[11.505,33.181],[11.18,33.211],[10.978,33.643],[10.717,33.484],[10.717,33.707],[10.46,33.653],[10.163,33.836],[10.01,34.173],[10.127,34.326],[10.597,34.545],[11.016,35.093],[11.161,35.238],[11.014,35.563],[10.691,35.79],[10.48,36.079],[10.529,36.35],[10.8,36.452],[11.136,36.871],[11.051,37.08],[10.417,36.73],[10.254,36.791],[10.337,36.892],[10.218,37.129],[9.666,37.335],[9.079,37.167],[8.896,37.019],[8.603,36.94],[8.168,36.492],[8.355,36.356],[8.268,35.97],[8.327,35.621],[8.259,34.741],[8.102,34.536],[7.832,34.414],[7.539,34.114],[7.48,33.894],[7.708,33.411],[7.751,33.208],[8.087,33.094],[8.283,32.836],[8.333,32.526],[9.02,32.105],[9.063,32],[9.52,30.229],[9.871,30.355],[10.27,30.916],[10.108,31.412],[10.264,31.68],[10.514,31.757],[10.606,31.954],[11.182,32.262]]],[[[10.991,33.842],[10.736,33.885],[10.894,33.658],[10.991,33.842]]]]},"properties":{"name":"Tunisia","country_code":"TN"}},
{"type":"Feature","geometry":{"type":"Polygon","coordinates":[[[22.878,47.947],[22.262,47.716],[22.168,47.595],[22.154,47.582],[21.634,47.019],[21.424,46.658],[21.135,46.279],[20.787,46.263],[20.704,46.169],[20.243,46.108],[20.643,45.795],[20.761,45.493],[21.017,45.321],[21.484,45.153],[21.36,44.827],[22.034,44.596],[22.036,44.589],[22.185,44.515],[22.426,44.734],[22.765,44.583],[22.484,44.5],[22.692,44.228],[23.008,44.1],[22.851,43.897],[23.053,43.843],[23.621,43.834],[24.15,43.755],[24.337,43.759],[24.662,43.756],[25.285,43.69],[25.482,43.67],[25.733,43.719],[26.332,44.055],[26.416,44.064],[27.027,44.177],[27.253,44.122],[27.683,43.987],[27.981,43.849],[28.578,43.741],[28.641,44.329],[28.91,44.584],[28.785,44.68],[29.618,44.861],[29.659,45.216],[29.322,45.444],[28.779,45.231],[28.215,45.45],[28.199,45.462],[28.108,46.096],[28.111,46.101],[28.227,46.396],[28.245,46.631],[28.123,46.842],[28.105,46.92],[28.038,47.015],[27.589,47.367],[27.431,47.573],[27.429,47.578],[27.288,47.751],[27.178,47.942],[27.048,48.121],[26.618,48.259],[26.303,48.212],[26.103,47.978],[25.262,47.899],[24.942,47.716],[24.929,47.714],[24.57,47.937],[24.231,47.897],[23.485,47.974],[23.119,48.092],[22.878,47.947]]]},"properties":{"name":"Romania","country_code":"RO"}},
{"type":"Feature","geometry":{"type":"Polygon","coordinates":[[[22.878,47.947],[22.158,48.402],[22.133,48.405],[21.728,48.341],[21.425,48.561],[20.784,48.569],[20.466,48.464],[20.038,48.177],[19.905,48.124],[19.767,48.159],[19.019,48.065],[18.934,48.054],[18.815,47.832],[17.884,47.753],[17.719,47.774],[17.262,48.007],[17.148,48.005],[17.075,47.708],[16.717,47.697],[16.61,47.751],[16.408,47.661],[16.558,47.63],[16.627,47.446],[16.425,47.351],[16.486,46.999],[16.094,46.863],[16.13,46.857],[16.179,46.858],[16.297,46.847],[16.33,46.834],[16.311,46.798],[16.299,46.78],[16.365,46.697],[16.366,46.696],[16.403,46.663],[16.372,46.636],[16.515,46.502],[16.859,46.365],[16.879,46.312],[17.307,45.98],[17.655,45.852],[17.906,45.792],[18.412,45.743],[18.822,45.906],[18.901,45.931],[19.298,46.022],[19.712,46.159],[19.874,46.153],[20.063,46.145],[20.115,46.152],[20.243,46.108],[20.704,46.169],[20.787,46.263],[21.135,46.279],[21.424,46.658],[21.634,47.019],[22.154,47.582],[22.168,47.595],[22.262,47.716],[22.878,47.947]]]},"properties":{"name":"Hungary","country_code":"HU"}},
{"type":"Feature","geometry":{"type":"Polygon","coordinates":[[[19.449,49.6],[19.173,49.402],[18.833,49.51],[18.387,49.378],[18.362,49.33],[17.646,48.842],[17.411,48.83],[17.167,48.86],[16.945,48.604],[16.949,48.545],[16.844,48.366],[17.062,48.113],[17.148,48.005],[17.262,48.007],[17.719,47.774],[17.884,47.753],[18.815,47.832],[18.934,48.054],[19.019,48.065],[19.767,48.159],[19.905,48.124],[20.038,48.177],[20.466,48.464],[20.784,48.569],[21.425,48.561],[21.728,48.341],[22.133,48.405],[22.371,48.858],[22.54,49.072],[21.514,49.417],[20.942,49.296],[20.307,49.387],[19.868,49.201],[19.449,49.6]]]},"properties":{"name":"Slovakia","country_code":"SK"}},
{"type":"Feature","geometry":{"type":"Polygon","coordinates":[[[19.449,49.6],[19.868,49.201],[20.307,49.387],[20.942,49.296],[21.514,49.417],[22.54,49.072],[22.865,49.013],[22.641,49.529],[23.101,49.957],[23.659,50.327],[23.981,50.405],[24.108,50.63],[24.131,50.839],[23.634,51.339],[23.606,51.517],[23.637,52.084],[23.176,52.285],[23.392,52.51],[23.92,52.773],[23.894,53.152],[23.486,53.939],[23.336,54.226],[22.811,54.393],[22.767,54.356],[22.698,54.343],[20.93,54.398],[19.758,54.434],[19.61,54.457],[19.002,54.345],[18.588,54.434],[18.317,54.838],[17.337,54.749],[16.785,54.577],[16.138,54.29],[14.21,53.938],[14.201,53.878],[14.631,53.852],[14.264,53.7],[14.391,53.334],[14.124,52.851],[14.608,52.596],[14.54,52.422],[14.761,52.077],[14.586,51.804],[14.707,51.541],[14.951,51.397],[15.022,51.237],[14.81,50.858],[14.961,50.993],[15.522,50.782],[16.332,50.644],[16.19,50.424],[16.584,50.127],[16.87,50.19],[16.944,50.42],[17.388,50.273],[17.839,49.974],[18.019,50.044],[18.559,49.907],[18.833,49.51],[19.173,49.402],[19.449,49.6]]]},"properties":{"name":"Poland","country_code":"PL"}},
{"type":"Feature","geometry":{"type":"Polygon","coordinates":[[[-7.247,55.069],[-6.943,55.219],[-7.384,55.386],[-8.278,55.161],[-8.673,54.619],[-8.121,54.647],[-8.3,54.478],[-8.382,54.469],[-8.47,54.277],[-9.051,54.289],[-9.134,54.165],[-9.22,54.281],[-9.844,54.329],[-10.011,54.218],[-9.566,53.796],[-9.908,53.762],[-9.697,53.603],[-10.18,53.555],[-9.612,53.236],[-9.12,53.262],[-8.943,53.262],[-9.004,53.147],[-9.272,53.147],[-9.499,52.753],[-9.824,52.595],[-8.751,52.673],[-9.363,52.575],[-9.95,52.412],[-10.461,52.103],[-9.908,52.131],[-10.382,51.878],[-9.861,51.755],[-10.029,51.597],[-9.525,51.727],[-9.82,51.446],[-8.696,51.577],[-8.302,51.758],[-8.396,51.877],[-8.388,51.893],[-8.004,51.83],[-7.852,51.977],[-7.435,52.126],[-7.017,52.138],[-6.992,52.267],[-6.994,52.278],[-6.37,52.18],[-6.151,52.742],[-5.997,52.965],[-6.089,53.204],[-6.181,53.317],[-6.15,53.387],[-6.198,53.634],[-6.246,53.73],[-6.27,54.098],[-6.605,54.044],[-6.648,54.174],[-6.87,54.326],[-7.189,54.336],[-7.316,54.114],[-7.942,54.299],[-8.168,54.463],[-7.708,54.605],[-7.416,54.944],[-7.247,55.069]]]},"properties":{"name":"Ireland","country_code":"IE"}},
{"type":"Feature","geometry":{"type":"MultiPolygon","coordinates":[[[[-7.416,54.944],[-7.708,54.605],[-8.168,54.463],[-7.942,54.299],[-7.316,54.114],[-7.189,54.336],[-6.87,54.326],[-6.648,54.174],[-6.605,54.044],[-6.27,54.098],[-5.866,54.184],[-5.553,54.299],[-5.638,54.464],[-5.565,54.672],[-5.87,54.623],[-5.914,54.647],[-5.878,54.682],[-5.692,54.77],[-5.981,55.056],[-6.101,55.212],[-6.546,55.225],[-6.838,55.175],[-7.15,55.049],[-7.247,55.069],[-7.416,54.944]]],[[[-3.36,53.351],[-3.513,53.309],[-4,53.249],[-4.763,52.789],[-4.1,52.914],[-4.125,52.604],[-3.947,52.551],[-4.197,52.279],[-4.694,52.107],[-5.289,51.917],[-4.941,51.597],[-4.639,51.733],[-4.071,51.676],[-3.887,51.621],[-3.752,51.533],[-3.575,51.42],[-3.173,51.453],[-3.077,51.508],[-2.798,51.563],[-2.665,51.617],[-2.535,51.673],[-2.679,51.531],[-2.729,51.496],[-2.992,51.322],[-3.022,51.192],[-3.712,51.238],[-4.152,51.212],[-4.548,50.923],[-4.792,50.595],[-5.438,50.194],[-5.191,49.959],[-5.053,50.196],[-4.204,50.451],[-4.187,50.426],[-4.116,50.348],[-3.789,50.212],[-3.519,50.376],[-3.505,50.508],[-2.946,50.726],[-1.984,50.597],[-2.026,50.725],[-1.897,50.716],[-1.797,50.723],[-1.673,50.74],[-1.449,50.912],[-1.319,50.857],[-1.088,50.85],[-1.056,50.783],[-0.995,50.847],[-0.93,50.84],[-0.813,50.735],[-0.209,50.83],[0.018,50.785],[0.87,50.925],[1.357,51.131],[1.424,51.392],[0.672,51.391],[0.512,51.488],[0.385,51.453],[0.547,51.518],[0.647,51.535],[0.828,51.542],[1.079,51.951],[1.582,52.081],[1.748,52.533],[1.644,52.776],[1.275,52.929],[0.57,52.969],[0.279,52.805],[0.01,52.886],[0.33,53.086],[0.022,53.525],[-0.198,53.63],[-0.699,53.691],[-0.45,53.714],[-0.296,53.739],[0.133,53.643],[-0.151,53.899],[-0.2,54.152],[-0.779,54.557],[-1.193,54.62],[-1.245,54.725],[-1.341,54.873],[-1.36,54.917],[-1.413,55],[-1.456,55.07],[-1.631,55.585],[-2.023,55.805],[-2.36,55.953],[-2.803,56.065],[-3.061,55.948],[-3.078,55.947],[-3.45,55.997],[-3.505,56.006],[-3.739,56.051],[-3.837,56.107],[-3.746,56.073],[-3.178,56.058],[-2.577,56.284],[-2.885,56.458],[-3.262,56.353],[-3.056,56.452],[-2.819,56.471],[-2.436,56.74],[-2.065,57.101],[-2.045,57.227],[-1.759,57.474],[-1.932,57.682],[-2.821,57.703],[-3.755,57.626],[-4.249,57.497],[-3.79,57.831],[-4.078,57.943],[-3.221,58.306],[-3.019,58.64],[-4.66,58.556],[-4.988,58.628],[-5.447,58.084],[-5.366,57.943],[-5.807,57.844],[-5.599,57.279],[-5.852,56.747],[-6.223,56.695],[-5.897,56.675],[-6.003,56.619],[-5.667,56.498],[-5.305,56.64],[-5.696,55.982],[-5.613,55.764],[-5.783,55.314],[-5.515,55.374],[-5.335,55.897],[-4.591,55.942],[-4.489,55.926],[-4.627,55.93],[-4.889,55.865],[-4.666,55.562],[-5.033,54.994],[-5.128,54.849],[-4.859,54.633],[-4.859,54.866],[-4.372,54.682],[-4.403,54.907],[-3.964,54.772],[-3.571,54.995],[-3.05,54.982],[-3.388,54.883],[-3.634,54.513],[-3.241,54.112],[-2.836,54.168],[-3.018,53.932],[-3.021,53.746],[-2.948,53.709],[-3.048,53.481],[-2.876,53.331],[-2.81,53.322],[-2.776,53.3],[-2.926,53.305],[-3.058,53.435],[-3.096,53.287],[-3.085,53.259],[-3.36,53.351]]],[[[-6.03,55.729],[-6.14,55.941],[-6.453,55.841],[-6.03,55.729]]],[[[-5.688,56.435],[-6.058,56.64],[-6.325,56.606],[-6.127,56.474],[-6.328,56.277],[-5.688,56.435]]],[[[-6.564,57.347],[-6.007,57.028],[-5.647,57.265],[-6.387,57.517],[-6.564,57.347]]],[[[-1.083,50.713],[-1.497,50.672],[-1.168,50.603],[-1.083,50.713]]],[[[-4.098,53.31],[-4.571,53.393],[-4.413,53.132],[-4.098,53.31]]],[[[-6.955,57.744],[-6.352,58.039],[-6.267,58.512],[-7.031,58.245],[-6.955,57.744]]],[[[-2.728,58.971],[-3.132,59.005],[-3.203,58.916],[-2.728,58.971]]],[[[-1.097,60.416],[-1.446,60.492],[-1.165,60.06],[-1.097,60.416]]],[[[-6.299,49.935],[-6.309,49.914],[-6.284,49.923],[-6.299,49.935]]]]},"properties":{"name":"United Kingdom","country_code":"GB"}},
{"type":"Feature","geometry":{"type":"MultiPolygon","coordinates":[[[[20.74,40.309],[20.615,40.081],[20.31,39.99],[20.3,39.805],[20,39.694],[20.366,39.288],[20.687,39.072],[21.06,39.039],[20.817,38.921],[21.156,38.304],[21.851,38.388],[22.691,38.322],[23.213,38.16],[23.076,38.06],[22.357,38.163],[21.956,38.337],[21.603,38.152],[21.374,38.221],[21.122,37.837],[21.682,37.379],[21.568,37.156],[21.707,36.818],[21.874,36.727],[21.937,36.98],[22.153,37.021],[22.511,36.467],[22.577,36.783],[23.196,36.433],[23.114,36.781],[22.723,37.542],[23.442,37.414],[23.187,37.608],[23.159,37.941],[23.581,38.046],[24.033,37.652],[23.989,38.123],[23.767,38.342],[23.351,38.502],[23.321,38.643],[22.77,38.785],[22.997,38.963],[22.854,39.159],[22.936,39.361],[23.344,39.18],[22.925,39.6],[22.71,39.935],[22.553,40.167],[22.579,40.468],[22.822,40.502],[23.299,40.235],[23.361,39.961],[23.703,39.913],[23.338,40.208],[23.675,40.218],[23.991,39.954],[23.991,40.119],[23.7,40.326],[24.002,40.32],[24.3,40.128],[24.233,40.317],[24.004,40.387],[23.692,40.695],[23.854,40.781],[24.11,40.728],[24.567,40.952],[24.802,40.853],[25.039,41.006],[26.044,40.738],[26.359,40.965],[26.332,41.254],[26.637,41.378],[26.595,41.612],[26.333,41.713],[26.059,41.644],[26.174,41.446],[25.882,41.304],[25.286,41.239],[25.154,41.308],[24.774,41.348],[24.51,41.562],[24.198,41.548],[23.625,41.377],[22.917,41.336],[22.797,41.337],[22.762,41.323],[22.742,41.287],[22.657,41.177],[22.587,41.124],[22.214,41.161],[21.926,41.107],[21.896,41.065],[21.757,40.923],[21.506,40.901],[21.246,40.863],[20.965,40.849],[21.037,40.64],[20.74,40.309]]],[[[24.588,38.159],[24.344,38.159],[24.073,38.679],[23.591,38.774],[23.299,39.042],[22.969,38.889],[23.202,38.83],[24.025,38.331],[24.372,37.972],[24.588,38.159]]],[[[26.321,35.315],[25.818,35.116],[25.766,35.336],[25.482,35.297],[24.971,35.425],[24.273,35.365],[24.183,35.586],[23.718,35.513],[23.605,35.613],[23.518,35.294],[24.708,35.096],[24.739,34.932],[25.985,35.039],[26.147,35.002],[26.321,35.315]]],[[[28.24,36.433],[27.684,36.158],[27.78,35.89],[28.131,36.185],[28.24,36.433]]],[[[26.164,38.543],[25.849,38.58],[26.01,38.157],[26.164,38.543]]],[[[26.612,39.049],[26.343,39.383],[25.835,39.18],[26.424,38.967],[26.612,39.049]]],[[[25.45,40.036],[25.033,39.995],[25.047,39.838],[25.349,39.788],[25.45,40.036]]],[[[20.734,38.062],[20.572,38.474],[20.51,38.111],[20.734,38.062]]],[[[20.092,39.434],[19.932,39.479],[19.852,39.825],[19.626,39.748],[19.866,39.469],[20.092,39.434]]]]},"properties":{"name":"Greece","country_code":"GR"}},
{"type":"Feature","geometry":{"type":"Polygon","coordinates":[[[32.231,-9.134],[32.146,-9.07],[31.673,-8.913],[31.353,-8.587],[30.96,-8.55],[30.752,-8.194],[29.576,-8.373],[28.915,-8.473],[28.893,-8.766],[28.372,-9.235],[28.516,-9.378],[28.678,-9.804],[28.635,-10.519],[28.44,-11.348],[28.357,-11.447],[28.508,-11.873],[28.945,-12.206],[29.03,-12.376],[29.5,-12.453],[29.474,-12.243],[29.799,-12.156],[29.8,-12.159],[29.798,-13.424],[29.626,-13.43],[29.574,-13.225],[29.169,-13.434],[29.065,-13.389],[28.34,-12.451],[27.59,-12.243],[27.421,-11.922],[27.234,-11.809],[27.18,-11.57],[27.01,-11.61],[26.967,-11.87],[26.697,-12.017],[26.415,-11.912],[25.994,-11.905],[25.352,-11.646],[25.279,-11.2],[24.713,-11.326],[24.446,-11.464],[24.285,-11.381],[24.382,-11.121],[23.967,-10.872],[24.061,-11.395],[23.96,-11.617],[23.96,-12.197],[24.031,-12.385],[23.866,-12.79],[24.001,-13.001],[21.98,-13.001],[21.98,-13.695],[21.984,-16.166],[22.108,-16.544],[22.334,-16.674],[22.756,-17.155],[23.382,-17.641],[24.22,-17.479],[24.97,-17.56],[25.26,-17.794],[25.681,-17.811],[25.979,-17.999],[26.203,-17.887],[26.712,-18.066],[27.048,-17.944],[27.577,-17.363],[27.777,-17.001],[28.023,-16.865],[28.733,-16.558],[28.857,-16.388],[28.947,-15.957],[29.407,-15.714],[29.837,-15.615],[30.296,-15.639],[30.396,-15.636],[30.214,-14.982],[31.658,-14.52],[33.203,-14.014],[33,-14.05],[32.675,-13.628],[32.905,-13.351],[32.995,-13.191],[32.958,-12.725],[33.514,-12.374],[33.253,-12.14],[33.305,-11.644],[33.23,-11.417],[33.391,-11.165],[33.291,-10.975],[33.674,-10.573],[33.533,-10.231],[33.318,-10.082],[33.366,-9.899],[33.175,-9.602],[32.975,-9.601],[32.921,-9.408],[32.231,-9.134]]]},"properties":{"name":"Zambia","country_code":"ZM"}},
{"type":"Feature","geometry":{"type":"MultiPolygon","coordinates":[[[[-10.593,9.048],[-10.746,9.084],[-10.675,9.306],[-10.855,9.455],[-11.2,9.982],[-11.449,9.995],[-11.588,9.994],[-11.91,9.993],[-12.11,9.882],[-12.508,9.86],[-12.602,9.652],[-12.702,9.42],[-12.958,9.272],[-13.029,9.096],[-13.301,9.041],[-13.143,8.917],[-13.241,8.672],[-13.042,8.375],[-13.287,8.5],[-13.158,8.171],[-12.976,8.246],[-12.821,7.917],[-12.959,7.911],[-12.404,7.548],[-12.507,7.39],[-11.84,7.149],[-11.476,6.919],[-11.144,7.345],[-10.864,7.544],[-10.615,7.769],[-10.616,8.023],[-10.365,8.148],[-10.282,8.485],[-10.725,8.32],[-10.482,8.672],[-10.592,9.042],[-10.593,9.048]]],[[[-12.493,7.568],[-12.952,7.568],[-12.606,7.479],[-12.493,7.568]]]]},"properties":{"name":"Sierra Leone","country_code":"SL"}},
{"type":"Feature","geometry":{"type":"Polygon","coordinates":[[[-10.593,9.048],[-10.592,9.042],[-10.482,8.672],[-10.725,8.32],[-10.282,8.485],[-9.873,8.5],[-9.499,8.343],[-9.53,8.185],[-9.368,7.758],[-9.487,7.373],[-9.234,7.381],[-9.106,7.203],[-8.858,7.273],[-8.728,7.622],[-8.567,7.688],[-8.485,7.558],[-8.229,7.544],[-8.067,8.021],[-7.966,8.027],[-8.002,8.174],[-8.266,8.246],[-8.249,8.454],[-7.824,8.478],[-7.692,8.606],[-7.959,8.782],[-7.917,9.012],[-7.748,9.075],[-7.93,9.184],[-7.865,9.41],[-8.07,9.398],[-8.162,9.576],[-8.152,9.95],[-7.99,10.162],[-7.965,10.259],[-8.296,10.537],[-8.311,11.001],[-8.615,11.134],[-8.375,11.368],[-8.539,11.456],[-8.727,11.649],[-9.028,12.405],[-9.322,12.497],[-9.308,12.345],[-9.889,12.061],[-10.267,12.218],[-10.512,12.118],[-10.711,11.89],[-10.91,12.2],[-11.185,12.021],[-11.351,12.04],[-11.471,12.135],[-11.388,12.404],[-12.079,12.408],[-12.361,12.306],[-12.578,12.362],[-13.076,12.636],[-13.36,12.65],[-13.728,12.673],[-13.695,12.292],[-13.973,12.152],[-13.724,12.003],[-13.73,11.71],[-14.015,11.637],[-14.432,11.561],[-14.687,11.511],[-15.021,10.967],[-14.809,10.94],[-14.793,10.745],[-14.536,10.507],[-14.463,10.225],[-13.785,9.85],[-13.69,9.951],[-13.673,9.574],[-13.722,9.506],[-13.643,9.543],[-13.516,9.524],[-13.487,9.569],[-13.301,9.041],[-13.029,9.096],[-12.958,9.272],[-12.702,9.42],[-12.602,9.652],[-12.508,9.86],[-12.11,9.882],[-11.91,9.993],[-11.588,9.994],[-11.449,9.995],[-11.2,9.982],[-10.855,9.455],[-10.675,9.306],[-10.746,9.084],[-10.593,9.048]]]},"properties":{"name":"Guinea","country_code":"GN"}},
{"type":"Feature","geometry":{"type":"Polygon","coordinates":[[[-11.144,7.345],[-11.476,6.919],[-11.353,6.701],[-11.077,6.593],[-10.807,6.402],[-10.637,6.222],[-10.367,6.151],[-9.733,5.581],[-9.418,5.271],[-8.704,4.822],[-8.257,4.58],[-7.844,4.456],[-7.541,4.353],[-7.606,4.817],[-7.41,5.513],[-7.418,5.628],[-7.447,5.846],[-7.8,5.974],[-7.914,6.272],[-8.171,6.274],[-8.619,6.493],[-8.442,6.655],[-8.284,7.018],[-8.485,7.558],[-8.567,7.688],[-8.728,7.622],[-8.858,7.273],[-9.106,7.203],[-9.234,7.381],[-9.487,7.373],[-9.368,7.758],[-9.53,8.185],[-9.499,8.343],[-9.873,8.5],[-10.282,8.485],[-10.365,8.148],[-10.616,8.023],[-10.615,7.769],[-10.864,7.544],[-11.144,7.345]]]},"properties":{"name":"Liberia","country_code":"LR"}},
{"type":"Feature","geometry":{"type":"Polygon","coordinates":[[[22.861,10.919],[22.365,10.954],[21.723,10.637],[21.751,10.412],[21.34,9.96],[21.017,9.744],[20.814,9.419],[20.542,9.322],[20.435,9.138],[19.932,9.063],[19.101,9.015],[18.87,8.864],[19.072,8.632],[18.589,8.048],[18.175,8.022],[17.68,7.985],[17.234,7.811],[16.815,7.55],[16.549,7.87],[16.371,7.673],[15.794,7.458],[15.481,7.523],[15.247,7.267],[15.042,6.791],[14.922,6.686],[14.719,6.258],[14.433,6.079],[14.631,5.738],[14.66,5.011],[14.717,4.622],[15.001,4.403],[15.026,4.026],[15.262,3.663],[15.786,3.108],[16.092,2.863],[16.09,2.51],[16.197,2.236],[16.427,2.726],[16.568,3.464],[17.414,3.683],[17.842,3.54],[18.472,3.632],[18.626,3.477],[18.612,3.867],[18.537,4.306],[18.596,4.371],[18.721,4.377],[19.107,4.932],[19.409,5.13],[19.858,5.06],[20.339,4.772],[20.457,4.525],[20.603,4.41],[20.872,4.453],[21.211,4.292],[21.723,4.295],[22.037,4.229],[22.452,4.147],[22.898,4.824],[23.388,4.587],[23.567,4.724],[24.163,4.908],[24.481,5.102],[24.789,4.92],[25.308,5.032],[25.364,5.311],[25.581,5.375],[25.826,5.195],[26.13,5.259],[26.463,5.06],[26.867,5.038],[27.116,5.2],[27.441,5.071],[27.301,5.205],[27.261,5.55],[27.124,5.769],[26.481,6.105],[26.29,6.387],[26.379,6.631],[26.081,6.842],[26.026,6.997],[25.36,7.336],[25.165,7.58],[25.279,7.659],[24.832,8.166],[24.263,8.269],[24.122,8.372],[24.17,8.689],[23.482,8.783],[23.463,9.154],[23.632,9.278],[23.624,9.908],[23.291,10.44],[23.006,10.687],[22.861,10.919]]]},"properties":{"name":"Central African Republic","country_code":"CF"}},
{"type":"Feature","geometry":{"type":"Polygon","coordinates":[[[23.006,10.687],[23.291,10.44],[23.624,9.908],[23.632,9.278],[23.463,9.154],[23.482,8.783],[24.17,8.689],[24.558,8.887],[24.793,9.798],[24.976,9.967],[25.084,10.293],[25.839,10.421],[26.102,9.988],[26.557,9.52],[27.08,9.607],[27.895,9.595],[28.045,9.331],[28.844,9.325],[29.009,9.603],[29.483,9.762],[29.615,10.058],[30.013,10.27],[30.749,9.736],[30.95,9.752],[31.235,9.792],[31.665,10.214],[31.943,10.656],[32.414,11.051],[32.345,11.709],[32.082,12],[32.747,12.003],[32.732,12.216],[33.209,12.21],[33.083,11.585],[33.182,10.843],[33.902,10.192],[33.969,9.838],[33.901,9.455],[34.071,9.455],[34.098,9.68],[34.325,10.269],[34.279,10.566],[34.587,10.879],[34.839,10.729],[34.951,10.869],[34.947,11.275],[35.149,11.871],[35.248,11.958],[35.701,12.665],[36.099,12.696],[36.234,13.362],[36.44,13.776],[36.526,14.264],[36.462,14.794],[36.424,15.112],[36.628,15.446],[36.671,15.723],[36.944,16.253],[36.927,16.435],[36.973,17.062],[37.403,17.03],[37.507,17.318],[38.014,17.539],[38.21,17.522],[38.602,18.005],[38.543,18.118],[38.076,18.348],[38.122,18.413],[37.675,18.741],[37.551,18.71],[37.334,19.16],[37.175,20.349],[37.228,20.565],[37.087,21.057],[37.114,21.278],[36.888,21.65],[36.884,21.996],[35.486,21.996],[33.16,21.995],[32.525,21.995],[31.495,21.995],[31.314,22.102],[31.248,21.994],[29.458,21.995],[28.29,21.995],[26.344,21.995],[24.981,21.995],[24.981,20.008],[23.981,19.995],[23.981,19.496],[23.983,17.87],[23.984,15.722],[23.119,15.707],[22.926,15.564],[22.966,15.224],[22.739,14.98],[22.666,14.682],[22.364,14.544],[22.531,14.123],[22.181,13.921],[22.074,13.771],[22.268,13.335],[21.935,13.059],[21.809,12.794],[21.936,12.64],[22.205,12.743],[22.446,12.611],[22.373,12.463],[22.612,12.073],[22.537,11.681],[22.628,11.51],[22.915,11.396],[22.861,10.919],[23.006,10.687]]]},"properties":{"name":"Sudan","country_code":"SD"}},
{"type":"Feature","geometry":{"type":"Polygon","coordinates":[[[42.924,10.999],[43.189,11.408],[43.241,11.488],[43.173,11.542],[43.158,11.601],[42.901,11.584],[42.532,11.547],[43.086,11.839],[43.377,12.005],[43.329,12.489],[43.118,12.708],[42.696,12.38],[42.379,12.466],[41.975,11.881],[41.749,11.538],[41.767,10.989],[41.954,10.941],[42.608,11.089],[42.924,10.999]]]},"properties":{"name":"Djibouti","country_code":"DJ"}},
{"type":"Feature","geometry":{"type":"Polygon","coordinates":[[[42.379,12.466],[42.696,12.38],[43.118,12.708],[42.774,12.862],[42.521,13.236],[42.379,13.223],[42.288,13.575],[41.981,13.838],[41.677,13.94],[41.156,14.642],[40.766,14.695],[40.572,14.951],[40.159,14.982],[40.072,15.351],[39.875,15.504],[39.718,15.264],[39.587,15.531],[39.458,15.525],[39.427,15.82],[39.236,16.109],[39.163,16.628],[38.929,17.397],[38.602,18.005],[38.21,17.522],[38.014,17.539],[37.507,17.318],[37.403,17.03],[36.973,17.062],[36.927,16.435],[36.944,16.253],[36.671,15.723],[36.628,15.446],[36.424,15.112],[36.462,14.794],[36.526,14.264],[37.073,14.285],[37.294,14.457],[37.565,14.117],[37.891,14.88],[38.246,14.652],[38.427,14.417],[38.866,14.494],[39.075,14.637],[39.208,14.44],[39.515,14.568],[39.723,14.502],[40,14.455],[40.354,14.335],[40.833,14.106],[41.192,13.616],[41.712,13.248],[41.947,12.876],[42.379,12.466]]]},"properties":{"name":"Eritrea","country_code":"ER"}},
{"type":"Feature","geometry":{"type":"Polygon","coordinates":[[[14.691,48.587],[14.075,48.592],[13.816,48.766],[13.717,48.522],[12.745,48.121],[12.848,47.982],[13.037,47.493],[12.563,47.642],[11.62,47.59],[10.979,47.391],[10.414,47.573],[10.175,47.272],[9.753,47.582],[9.554,47.533],[9.547,47.535],[9.553,47.517],[9.65,47.41],[9.521,47.263],[9.534,47.251],[9.543,47.235],[9.554,47.212],[9.562,47.191],[9.552,47.176],[9.552,47.167],[9.567,47.161],[9.61,47.122],[9.614,47.111],[9.605,47.078],[9.588,47.063],[9.581,47.057],[10.125,46.847],[10.454,46.864],[10.997,46.769],[11.314,46.987],[11.746,46.972],[12.133,47.079],[12.204,47.067],[12.111,46.993],[12.47,46.676],[12.671,46.652],[12.748,46.641],[13.701,46.52],[14.015,46.483],[14.148,46.44],[14.242,46.438],[14.437,46.419],[14.562,46.392],[14.673,46.46],[14.797,46.519],[14.815,46.551],[14.894,46.605],[14.92,46.615],[15.086,46.648],[15.106,46.646],[15.173,46.641],[15.333,46.644],[15.435,46.627],[15.514,46.633],[15.52,46.648],[15.622,46.678],[15.785,46.712],[15.968,46.695],[16.017,46.671],[15.971,46.775],[16.028,46.837],[16.053,46.846],[16.094,46.863],[16.486,46.999],[16.425,47.351],[16.627,47.446],[16.558,47.63],[16.408,47.661],[16.61,47.751],[16.717,47.697],[17.075,47.708],[17.148,48.005],[17.062,48.113],[16.844,48.366],[16.949,48.545],[16.945,48.604],[16.436,48.795],[16.032,48.758],[15.544,48.903],[14.982,49.008],[14.691,48.587]]]},"properties":{"name":"Austria","country_code":"AT"}},
{"type":"Feature","geometry":{"type":"Polygon","coordinates":[[[43.363,37.304],[42.722,37.359],[42.357,37.11],[42.377,37.062],[41.844,36.618],[41.415,36.527],[41.241,36.043],[41.308,35.552],[41.192,35.159],[41.196,34.768],[40.988,34.429],[40.173,34.072],[38.775,33.372],[39.057,32.497],[39.236,32.353],[39.146,32.118],[40.424,31.921],[42.075,31.08],[42.783,30.551],[43.824,29.814],[44.692,29.202],[46.427,29.076],[46.532,29.096],[46.561,29.124],[46.853,29.445],[47.11,29.961],[47.358,30.092],[47.948,29.994],[48.209,30.024],[48.531,29.961],[48.397,30.221],[48.014,30.464],[48.015,30.976],[47.673,30.995],[47.676,31.237],[47.831,31.762],[47.58,32.103],[47.343,32.459],[47.121,32.461],[46.601,32.823],[46.097,32.954],[46.155,33.26],[45.964,33.496],[45.725,33.633],[45.38,33.974],[45.561,34.265],[45.417,34.444],[45.796,34.903],[46.143,35.1],[46.125,35.285],[45.996,35.658],[46.281,35.828],[45.719,35.828],[45.501,36.005],[45.36,35.977],[45.239,36.403],[45.01,36.516],[44.831,36.792],[44.766,37.142],[44.307,36.977],[44.069,37.314],[43.894,37.225],[43.363,37.304]]]},"properties":{"name":"Iraq","country_code":"IQ"}},
{"type":"Feature","geometry":{"type":"MultiPolygon","coordinates":[[[[7.022,45.925],[6.784,45.765],[7.075,45.466],[7.108,45.259],[6.629,45.124],[7.039,44.712],[6.938,44.658],[6.878,44.355],[7.381,44.123],[7.688,44.091],[7.502,43.792],[8.13,43.94],[8.631,44.382],[9.231,44.354],[9.511,44.215],[10.028,44.049],[10.143,43.975],[10.262,43.816],[10.293,43.579],[10.705,42.941],[10.731,42.804],[11.451,42.374],[11.74,42.16],[12.239,41.736],[12.774,41.421],[13.045,41.228],[13.744,41.238],[14.01,40.937],[14.471,40.625],[14.752,40.677],[14.998,40.398],[14.911,40.242],[15.343,40.004],[15.647,40.047],[15.746,39.925],[15.995,39.439],[16.097,39.05],[16.214,38.81],[15.844,38.66],[15.914,38.506],[15.651,38.241],[15.666,37.967],[16.09,37.949],[16.169,38.143],[16.573,38.467],[16.539,38.723],[16.892,38.93],[17.104,38.899],[17.159,39.406],[17.019,39.479],[16.516,39.69],[16.64,40.119],[16.863,40.391],[17.05,40.519],[17.512,40.304],[17.764,40.293],[17.913,40.255],[18.072,39.912],[18.368,39.797],[18.517,40.114],[18.099,40.518],[18.007,40.651],[17.392,40.894],[16.544,41.235],[15.972,41.454],[15.925,41.64],[16.193,41.791],[16.027,41.944],[15.144,41.931],[14.763,42.078],[14.257,42.446],[14.151,42.532],[13.906,42.902],[13.853,43.067],[13.745,43.292],[13.647,43.475],[13.177,43.752],[12.754,43.972],[12.458,44.166],[12.386,44.228],[12.27,44.63],[12.393,44.793],[12.534,44.97],[12.321,45.165],[12.199,45.275],[12.149,45.292],[13.096,45.652],[13.423,45.724],[13.583,45.787],[13.712,45.593],[13.868,45.602],[13.894,45.634],[13.7,45.771],[13.589,45.806],[13.574,45.819],[13.599,45.912],[13.615,45.946],[13.601,45.985],[13.462,46.006],[13.523,46.075],[13.641,46.171],[13.627,46.182],[13.396,46.307],[13.686,46.464],[13.701,46.52],[12.748,46.641],[12.671,46.652],[12.47,46.676],[12.111,46.993],[12.204,47.067],[12.133,47.079],[11.746,46.972],[11.314,46.987],[10.997,46.769],[10.454,46.864],[10.452,46.547],[10.088,46.604],[9.964,46.356],[9.56,46.293],[9.263,46.485],[9.225,46.231],[9.164,46.173],[8.909,45.828],[8.729,46.108],[8.427,46.251],[8.386,46.45],[8.073,46.254],[7.85,45.94],[7.022,45.925]],[[12.491,43.965],[12.492,43.949],[12.483,43.929],[12.478,43.923],[12.464,43.9],[12.441,43.893],[12.421,43.895],[12.39,43.918],[12.386,43.925],[12.417,43.964],[12.427,43.969],[12.491,43.965]],[[12.453,41.904],[12.454,41.903],[12.453,41.903],[12.453,41.904]]],[[[12.894,37.573],[13.894,37.101],[14.039,37.114],[14.335,37.001],[14.487,36.793],[15,36.702],[15.332,37.012],[15.093,37.359],[15.26,37.808],[15.584,38.24],[15.088,38.128],[14.907,38.188],[14.18,38.026],[13.791,37.974],[13.101,38.19],[12.976,38.044],[12.725,38.126],[12.427,37.809],[12.659,37.565],[12.894,37.573]]],[[[8.61,38.955],[8.853,38.878],[9.079,39.212],[9.558,39.14],[9.646,39.549],[9.732,40.084],[9.627,40.225],[9.827,40.52],[9.749,40.66],[9.566,41.119],[9.231,41.263],[8.811,40.941],[8.521,40.827],[8.233,40.91],[8.162,40.564],[8.392,40.412],[8.49,40.104],[8.398,39.905],[8.549,39.698],[8.398,39.447],[8.372,39.231],[8.61,38.955]]]]},"properties":{"name":"Italy","country_code":"IT"}},
{"type":"Feature","geometry":{"type":"Polygon","coordinates":[[[7.85,45.94],[8.073,46.254],[8.386,46.45],[8.427,46.251],[8.729,46.108],[8.909,45.828],[9.164,46.173],[9.225,46.231],[9.263,46.485],[9.56,46.293],[9.964,46.356],[10.088,46.604],[10.452,46.547],[10.454,46.864],[10.125,46.847],[9.581,47.057],[9.533,47.056],[9.477,47.064],[9.503,47.095],[9.512,47.129],[9.496,47.156],[9.486,47.197],[9.497,47.229],[9.521,47.263],[9.65,47.41],[9.553,47.517],[9.547,47.535],[8.852,47.671],[8.594,47.658],[8.576,47.595],[8.552,47.597],[8.421,47.581],[7.727,47.55],[7.647,47.551],[7.586,47.585],[7.521,47.563],[7.486,47.499],[7.446,47.487],[7.421,47.451],[7.388,47.433],[7.337,47.432],[7.142,47.488],[6.939,47.427],[6.838,47.168],[6.443,46.851],[6.138,46.558],[6.059,46.417],[6.119,46.332],[5.959,46.13],[6.217,46.31],[6.788,46.405],[7.022,45.925],[7.85,45.94]]]},"properties":{"name":"Switzerland","country_code":"CH"}},
{"type":"Feature","geometry":{"type":"MultiPolygon","coordinates":[[[[44.824,39.631],[44.807,39.64],[44.458,39.643],[44.405,39.434],[44.047,39.338],[44.275,38.844],[44.29,38.382],[44.459,38.322],[44.205,37.905],[44.596,37.716],[44.566,37.447],[44.766,37.142],[44.831,36.792],[45.01,36.516],[45.239,36.403],[45.36,35.977],[45.501,36.005],[45.719,35.828],[46.281,35.828],[45.996,35.658],[46.125,35.285],[46.143,35.1],[45.796,34.903],[45.417,34.444],[45.561,34.265],[45.38,33.974],[45.725,33.633],[45.964,33.496],[46.155,33.26],[46.097,32.954],[46.601,32.823],[47.121,32.461],[47.343,32.459],[47.58,32.103],[47.831,31.762],[47.676,31.237],[47.673,30.995],[48.015,30.976],[48.014,30.464],[48.397,30.221],[48.531,29.961],[48.935,30.08],[48.949,30.401],[49.245,30.156],[49.601,30.03],[50.051,30.207],[50.145,29.938],[50.655,29.449],[50.644,29.143],[50.932,29.031],[50.813,28.915],[51.059,28.736],[51.142,28.401],[51.38,27.991],[51.585,27.849],[52.011,27.833],[52.423,27.647],[52.679,27.322],[53.412,26.994],[53.716,26.709],[54.308,26.715],[54.802,26.498],[55.271,26.793],[55.484,26.768],[55.685,27.003],[56.353,27.202],[56.809,27.14],[57.025,26.851],[57.165,26.095],[57.326,25.777],[57.963,25.693],[58.17,25.544],[58.419,25.612],[58.814,25.564],[59.024,25.403],[59.251,25.431],[59.904,25.33],[60.55,25.447],[60.633,25.275],[61.412,25.059],[61.588,25.202],[61.66,25.769],[61.857,26.242],[62.243,26.351],[62.292,26.501],[62.754,26.644],[63.141,26.625],[63.32,27.117],[63.167,27.259],[62.801,27.225],[62.739,28.258],[61.893,28.543],[61.567,28.871],[61.279,29.407],[60.844,29.858],[61.785,30.831],[61.826,31.035],[61.606,31.389],[61.125,31.449],[60.822,31.495],[60.83,32.249],[60.568,33.151],[60.92,33.513],[60.512,33.638],[60.488,34.081],[60.644,34.307],[60.89,34.319],[60.7,34.516],[61.065,34.815],[61.108,35.278],[61.27,35.618],[61.223,36.118],[61.075,36.648],[60.342,36.637],[60.019,37.026],[59.37,37.319],[59.352,37.494],[58.801,37.695],[58.372,37.63],[57.735,37.898],[57.352,37.968],[57.138,38.262],[57.038,38.187],[56.436,38.255],[56.167,38.081],[55.423,38.076],[54.857,37.761],[54.784,37.517],[54.187,37.324],[53.914,37.343],[54.014,36.821],[53.705,36.816],[53.492,36.888],[51.909,36.583],[51.089,36.737],[50.576,36.989],[50.149,37.404],[49.442,37.495],[49.132,37.623],[48.94,37.925],[48.874,38.434],[48.613,38.396],[48.536,38.469],[48.226,38.713],[48.013,38.822],[48.302,39.018],[48.125,39.298],[48.328,39.376],[47.958,39.707],[47.788,39.658],[47.625,39.571],[47.261,39.366],[47.014,39.187],[46.866,39.165],[46.514,38.882],[46.136,38.864],[45.768,38.939],[45.536,38.968],[45.495,38.982],[45.114,39.309],[45.051,39.387],[44.824,39.631]]],[[[56.212,27.003],[55.352,26.647],[55.298,26.544],[56.081,26.785],[56.212,27.003]]]]},"properties":{"name":"Iran","country_code":"IR"}},
{"type":"Feature","geometry":{"type":"MultiPolygon","coordinates":[[[[7.195,53.245],[6.73,53.461],[6.186,53.411],[5.592,53.303],[5.18,53.009],[4.745,52.968],[4.508,52.336],[3.963,51.847],[4.111,51.647],[4.186,51.617],[4.207,51.591],[4.23,51.52],[4.264,51.444],[3.829,51.613],[3.458,51.555],[3.827,51.391],[4.261,51.369],[4.281,51.369],[4.483,51.474],[5.012,51.474],[5.239,51.257],[5.551,51.217],[5.829,51.156],[5.657,50.808],[5.733,50.759],[5.891,50.751],[5.995,50.75],[5.92,51.03],[6.208,51.388],[5.946,51.746],[6.811,51.961],[6.772,52.109],[7.027,52.239],[6.719,52.627],[7.037,52.647],[7.072,52.841],[7.195,53.245]]],[[[3.399,51.245],[3.809,51.205],[4.221,51.368],[3.349,51.375],[3.399,51.245]]],[[[-68.212,12.228],[-68.377,12.31],[-68.26,12.028],[-68.212,12.228]]],[[[-62.997,17.526],[-62.981,17.468],[-62.945,17.485],[-62.997,17.526]]],[[[-63.238,17.647],[-63.251,17.624],[-63.224,17.629],[-63.238,17.647]]]]},"properties":{"name":"Netherlands","country_code":"NL"}},
{"type":"Feature","geometry":{"type":"Polygon","coordinates":[[[9.581,47.057],[9.588,47.063],[9.605,47.078],[9.614,47.111],[9.61,47.122],[9.567,47.161],[9.552,47.167],[9.552,47.176],[9.562,47.191],[9.554,47.212],[9.543,47.235],[9.534,47.251],[9.521,47.263],[9.497,47.229],[9.486,47.197],[9.496,47.156],[9.512,47.129],[9.503,47.095],[9.477,47.064],[9.533,47.056],[9.581,47.057]]]},"properties":{"name":"Liechtenstein","country_code":"LI"}},
{"type":"Feature","geometry":{"type":"Polygon","coordinates":[[[-8.152,9.95],[-8.162,9.576],[-8.07,9.398],[-7.865,9.41],[-7.93,9.184],[-7.748,9.075],[-7.917,9.012],[-7.959,8.782],[-7.692,8.606],[-7.824,8.478],[-8.249,8.454],[-8.266,8.246],[-8.002,8.174],[-7.966,8.027],[-8.067,8.021],[-8.229,7.544],[-8.485,7.558],[-8.284,7.018],[-8.442,6.655],[-8.619,6.493],[-8.171,6.274],[-7.914,6.272],[-7.8,5.974],[-7.447,5.846],[-7.418,5.628],[-7.41,5.513],[-7.606,4.817],[-7.541,4.353],[-6.914,4.656],[-5.859,5.028],[-5.428,5.099],[-5.002,5.129],[-5.324,5.191],[-5.234,5.223],[-4.969,5.137],[-3.996,5.232],[-4.06,5.283],[-4.804,5.204],[-4.321,5.311],[-4.061,5.3],[-3.539,5.157],[-3.312,5.12],[-3.128,5.36],[-3.139,5.142],[-2.844,5.149],[-2.757,5.18],[-2.782,5.579],[-2.97,5.621],[-3.172,6.25],[-3.263,6.617],[-3.097,7.054],[-2.84,7.82],[-2.506,8.209],[-2.603,8.785],[-2.775,9.055],[-2.689,9.489],[-2.764,9.392],[-3.203,9.908],[-3.892,9.894],[-4.253,9.75],[-4.322,9.609],[-4.681,9.682],[-4.966,9.901],[-5.12,10.294],[-5.523,10.425],[-5.806,10.413],[-6.016,10.19],[-6.243,10.289],[-6.246,10.721],[-6.421,10.557],[-6.669,10.654],[-6.668,10.366],[-6.973,10.332],[-6.959,10.186],[-7.347,10.248],[-7.466,10.429],[-7.664,10.437],[-7.99,10.162],[-8.152,9.95]]]},"properties":{"name":"Ivory Coast","country_code":"CI"}},
{"type":"Feature","geometry":{"type":"Polygon","coordinates":[[[19.712,46.159],[19.298,46.022],[18.901,45.931],[19.018,45.498],[19.002,45.444],[19.394,45.172],[19.06,45.147],[19.016,44.866],[19.357,44.896],[19.18,44.538],[19.107,44.383],[19.516,44.091],[19.241,43.952],[19.482,43.561],[19.195,43.533],[19.548,43.219],[20.054,43.022],[20.056,43.021],[20.129,42.974],[20.345,42.827],[20.494,42.887],[20.617,43.022],[20.644,43.052],[20.81,43.26],[20.912,43.139],[20.993,43.104],[21.408,42.842],[21.387,42.755],[21.48,42.732],[21.744,42.679],[21.619,42.449],[21.564,42.246],[21.677,42.235],[21.72,42.261],[22.045,42.302],[22.138,42.319],[22.345,42.313],[22.441,42.633],[22.43,42.817],[22.545,42.872],[22.74,42.899],[22.983,43.187],[22.724,43.386],[22.659,43.401],[22.349,43.808],[22.466,44.018],[22.692,44.228],[22.484,44.5],[22.765,44.583],[22.426,44.734],[22.185,44.515],[22.036,44.589],[22.034,44.596],[21.36,44.827],[21.484,45.153],[21.017,45.321],[20.761,45.493],[20.643,45.795],[20.243,46.108],[20.115,46.152],[20.063,46.145],[19.874,46.153],[19.712,46.159]]]},"properties":{"name":"Serbia","country_code":"RS"}},
{"type":"Feature","geometry":{"type":"Polygon","coordinates":[[[-11.9,13.382],[-11.613,13.361],[-11.384,12.933],[-11.468,12.544],[-11.388,12.404],[-11.471,12.135],[-11.351,12.04],[-11.185,12.021],[-10.91,12.2],[-10.711,11.89],[-10.512,12.118],[-10.267,12.218],[-9.889,12.061],[-9.308,12.345],[-9.322,12.497],[-9.028,12.405],[-8.727,11.649],[-8.539,11.456],[-8.375,11.368],[-8.615,11.134],[-8.311,11.001],[-8.296,10.537],[-7.965,10.259],[-7.99,10.162],[-7.664,10.437],[-7.466,10.429],[-7.347,10.248],[-6.959,10.186],[-6.973,10.332],[-6.668,10.366],[-6.669,10.654],[-6.421,10.557],[-6.246,10.721],[-6.243,10.289],[-6.016,10.19],[-5.806,10.413],[-5.523,10.425],[-5.431,10.845],[-5.506,11.048],[-5.322,11.136],[-5.218,11.422],[-5.282,11.836],[-5.168,11.944],[-4.732,12.037],[-4.653,12.072],[-4.387,12.53],[-4.464,12.717],[-4.245,12.729],[-4.351,13.118],[-3.965,13.489],[-3.984,13.396],[-3.474,13.168],[-3.249,13.293],[-3.267,13.717],[-2.93,13.639],[-2.841,14.043],[-2.676,14.142],[-2.462,14.281],[-2.085,14.16],[-1.967,14.484],[-1.697,14.496],[-1.043,14.818],[-0.771,15.057],[-0.5,15.08],[0.218,14.911],[0.221,14.996],[0.67,14.94],[0.974,14.991],[1.332,15.284],[3,15.339],[3.073,15.427],[3.507,15.354],[3.527,15.496],[3.874,15.721],[4.061,16.298],[4.184,16.416],[4.236,16.996],[4.232,17.975],[4.23,18.645],[4.229,19.142],[3.79,19.061],[3.308,18.982],[3.103,19.154],[3.251,19.365],[3.217,19.794],[2.946,19.942],[2.4,20.057],[2.182,20.279],[1.891,20.232],[1.644,20.523],[1.169,20.733],[1.147,21.102],[0.004,21.849],[-0.964,22.481],[-2.523,23.501],[-3.449,24.106],[-4.822,24.995],[-6.593,24.994],[-6.506,24.276],[-6.372,23.124],[-6.219,21.823],[-5.964,19.621],[-5.756,17.741],[-5.623,16.528],[-5.353,16.312],[-5.509,15.507],[-6.32,15.495],[-8.018,15.495],[-9.003,15.496],[-9.141,15.496],[-9.836,15.371],[-10.585,15.428],[-10.736,15.423],[-10.915,15.103],[-11.41,15.602],[-11.702,15.537],[-11.846,15.179],[-11.82,14.9],[-12.07,14.734],[-12.264,14.775],[-12.222,14.391],[-12.034,14.25],[-11.963,13.909],[-12.098,13.704],[-11.9,13.382]]]},"properties":{"name":"Mali","country_code":"ML"}},
{"type":"Feature","geometry":{"type":"Polygon","coordinates":[[[-11.9,13.382],[-12.098,13.704],[-11.963,13.909],[-12.034,14.25],[-12.222,14.391],[-12.264,14.775],[-12.69,15.092],[-12.747,15.131],[-12.964,15.509],[-13.238,15.623],[-13.485,16.155],[-13.72,16.136],[-13.718,16.159],[-13.811,16.122],[-14.343,16.637],[-14.949,16.671],[-15.672,16.481],[-16.327,16.475],[-16.542,15.809],[-16.541,15.806],[-16.735,15.477],[-17.182,14.897],[-17.536,14.757],[-17.148,14.613],[-16.811,14.125],[-16.765,13.971],[-16.38,14.168],[-16.372,14.163],[-16.747,13.951],[-16.561,13.587],[-16.085,13.585],[-15.498,13.642],[-15.394,13.772],[-14.86,13.766],[-14.462,13.517],[-14.347,13.452],[-13.988,13.579],[-13.883,13.504],[-13.851,13.336],[-14.202,13.23],[-14.552,13.323],[-15.181,13.56],[-15.342,13.363],[-15.807,13.34],[-15.824,13.249],[-15.897,13.157],[-16.674,13.164],[-16.754,13.065],[-16.773,12.583],[-16.566,12.674],[-16.371,12.565],[-16.022,12.729],[-15.964,12.602],[-16.388,12.552],[-16.58,12.633],[-16.803,12.485],[-16.728,12.333],[-16.233,12.453],[-15.884,12.442],[-15.422,12.557],[-15.146,12.679],[-14.872,12.678],[-14.343,12.676],[-13.728,12.673],[-13.36,12.65],[-13.076,12.636],[-12.578,12.362],[-12.361,12.306],[-12.079,12.408],[-11.388,12.404],[-11.468,12.544],[-11.384,12.933],[-11.613,13.361],[-11.9,13.382]]]},"properties":{"name":"Senegal","country_code":"SN"}},
{"type":"Feature","geometry":{"type":"Polygon","coordinates":[[[3.596,11.696],[3.483,11.392],[3.706,11.121],[3.837,10.631],[3.572,10.286],[3.665,10.129],[3.513,9.847],[3.129,9.43],[3.091,9.126],[2.769,9.057],[2.723,8.771],[2.742,8.527],[2.672,7.893],[2.718,7.659],[2.779,6.699],[2.719,6.504],[2.712,6.474],[2.704,6.368],[3.87,6.432],[4.342,6.371],[4.493,6.321],[5.003,5.855],[5.46,5.134],[5.595,4.636],[5.946,4.335],[6.189,4.281],[6.695,4.347],[6.723,4.591],[6.716,4.355],[7.454,4.553],[7.534,4.703],[7.558,4.525],[8.279,4.547],[8.299,4.782],[8.594,4.815],[8.799,5.16],[8.894,5.622],[8.856,5.847],[9.489,6.418],[9.645,6.521],[9.694,6.534],[9.77,6.774],[10.119,6.994],[10.496,6.875],[10.603,7.058],[10.832,6.945],[11.202,6.437],[11.51,6.612],[11.562,6.876],[11.881,7.102],[11.737,7.263],[11.904,7.454],[12.198,7.975],[12.234,8.188],[12.227,8.386],[12.806,8.832],[12.862,9.383],[13.195,9.542],[13.248,10.079],[13.393,10.117],[13.566,10.679],[13.75,10.942],[13.982,11.276],[14.165,11.238],[14.594,11.496],[14.547,11.719],[14.67,12.167],[14.514,12.324],[14.18,12.386],[14.065,13.078],[13.607,13.704],[13.36,13.714],[13.029,13.539],[12.387,13.079],[12.058,13.117],[11.44,13.364],[10.648,13.369],[9.93,13.146],[9.648,12.831],[8.978,12.843],[8.679,12.924],[8.247,13.211],[7.756,13.327],[7.063,12.995],[6.754,13.175],[6.284,13.668],[6.12,13.654],[5.554,13.873],[5.274,13.753],[4.626,13.723],[4.126,13.473],[4.12,13.211],[3.929,12.75],[3.646,12.529],[3.596,11.696]]]},"properties":{"name":"Nigeria","country_code":"NG"}},
{"type":"Feature","geometry":{"type":"Polygon","coordinates":[[[3.596,11.696],[2.844,12.399],[2.361,12.219],[2.39,11.897],[2.291,11.675],[2.015,11.432],[1.423,11.454],[1.119,11.048],[0.901,10.993],[0.781,10.693],[0.769,10.367],[0.997,10.217],[1.344,9.955],[1.42,9.292],[1.601,9.05],[1.607,8.589],[1.604,8.367],[1.623,7.622],[1.623,7.536],[1.564,6.903],[1.589,6.72],[1.782,6.277],[1.62,6.214],[1.988,6.287],[2.36,6.336],[2.484,6.348],[2.704,6.368],[2.712,6.474],[2.719,6.504],[2.779,6.699],[2.718,7.659],[2.672,7.893],[2.742,8.527],[2.723,8.771],[2.769,9.057],[3.091,9.126],[3.129,9.43],[3.513,9.847],[3.665,10.129],[3.572,10.286],[3.837,10.631],[3.706,11.121],[3.483,11.392],[3.596,11.696]]]},"properties":{"name":"Benin","country_code":"BJ"}},
{"type":"Feature","geometry":{"type":"MultiPolygon","coordinates":[[[[13.074,-4.635],[12.783,-4.4],[12.387,-4.605],[12.01,-5.02],[12.232,-5.48],[12.211,-5.763],[12.509,-5.726],[12.531,-5.163],[12.444,-5.055],[12.833,-4.723],[13.074,-4.635]]],[[[21.984,-16.166],[21.98,-13.695],[21.98,-13.001],[24.001,-13.001],[23.866,-12.79],[24.031,-12.385],[23.96,-12.197],[23.96,-11.617],[24.061,-11.395],[23.967,-10.872],[23.834,-11.028],[23.495,-10.964],[23.014,-11.102],[22.538,-11.037],[22.238,-11.25],[22.165,-10.852],[22.309,-10.613],[22.313,-10.369],[22.16,-9.931],[21.854,-9.618],[21.86,-8.846],[21.913,-8.333],[21.758,-8.015],[21.827,-7.646],[21.785,-7.283],[20.521,-7.286],[20.611,-6.916],[19.963,-7.002],[19.522,-7.002],[19.513,-7.479],[19.356,-7.574],[19.356,-8.002],[18.177,-7.999],[17.536,-8.075],[17.098,-7.378],[16.973,-7.015],[16.768,-6.708],[16.727,-6.189],[16.597,-5.925],[16.101,-5.858],[14.76,-5.88],[13.184,-5.856],[12.743,-6.049],[12.275,-6.115],[12.62,-6.735],[12.829,-6.905],[12.85,-7.266],[13.094,-7.793],[13.369,-8.323],[13.371,-8.582],[12.996,-9.094],[13.143,-9.33],[13.199,-9.709],[13.489,-10.249],[13.753,-10.646],[13.847,-11.114],[13.793,-11.749],[13.64,-12.249],[13.364,-12.593],[13.179,-12.602],[12.939,-12.817],[12.945,-12.982],[12.513,-13.442],[12.533,-13.567],[12.502,-13.855],[12.329,-14.092],[12.273,-14.751],[12.056,-15.233],[11.992,-15.617],[11.752,-15.799],[11.822,-16.479],[11.766,-17.253],[12.029,-17.149],[12.555,-17.236],[12.887,-17.03],[13.346,-16.969],[13.943,-17.408],[14.219,-17.388],[15.559,-17.389],[17.279,-17.389],[18,-17.389],[18.454,-17.39],[18.762,-17.748],[19.021,-17.822],[20.034,-17.896],[20.336,-17.855],[20.806,-18.031],[20.986,-17.966],[21.381,-18.013],[23.382,-17.641],[22.756,-17.155],[22.334,-16.674],[22.108,-16.544],[21.984,-16.166]]]]},"properties":{"name":"Angola","country_code":"AO"}},
{"type":"Feature","geometry":{"type":"MultiPolygon","coordinates":[[[[16.515,46.502],[16.34,46.544],[16.311,46.531],[16.302,46.527],[16.261,46.514],[16.234,46.485],[16.28,46.379],[16.089,46.373],[16.05,46.317],[15.994,46.291],[15.919,46.273],[15.881,46.259],[15.879,46.259],[15.8,46.249],[15.678,46.214],[15.627,46.195],[15.624,46.076],[15.693,46.042],[15.675,45.972],[15.55,45.824],[15.43,45.776],[15.331,45.752],[15.25,45.714],[15.35,45.67],[15.282,45.571],[15.226,45.436],[15.066,45.474],[14.977,45.492],[14.664,45.57],[14.569,45.664],[14.492,45.579],[14.117,45.473],[13.987,45.512],[13.66,45.46],[13.59,45.489],[13.613,45.118],[13.964,44.812],[14.235,45.155],[14.33,45.354],[14.582,45.285],[14.881,45.036],[14.901,44.69],[15.294,44.365],[15.145,44.195],[15.547,43.877],[15.931,43.677],[16.013,43.504],[16.337,43.551],[16.881,43.406],[17.365,43.079],[17.581,42.942],[17.598,43.073],[17.451,43.148],[17.239,43.478],[17.062,43.528],[16.527,43.968],[16.206,44.351],[15.717,44.786],[15.734,44.934],[15.803,45.196],[16.346,45.02],[16.482,45.2],[16.924,45.285],[17.125,45.169],[17.766,45.111],[18.144,45.098],[18.452,45.085],[18.482,45.067],[18.535,45.088],[18.842,44.876],[18.975,44.863],[19.016,44.866],[19.06,45.147],[19.394,45.172],[19.002,45.444],[19.018,45.498],[18.901,45.931],[18.822,45.906],[18.412,45.743],[17.906,45.792],[17.655,45.852],[17.307,45.98],[16.879,46.312],[16.859,46.365],[16.515,46.502]]],[[[18.437,42.559],[18.37,42.574],[17.653,42.891],[18.496,42.416],[18.437,42.559]]],[[[14.514,44.662],[14.466,44.984],[14.302,44.943],[14.514,44.662]]],[[[14.723,44.943],[14.563,45.25],[14.425,45.087],[14.723,44.943]]]]},"properties":{"name":"Croatia","country_code":"HR"}},
{"type":"Feature","geometry":{"type":"Polygon","coordinates":[[[13.59,45.489],[13.66,45.46],[13.987,45.512],[14.117,45.473],[14.492,45.579],[14.569,45.664],[14.664,45.57],[14.977,45.492],[15.066,45.474],[15.226,45.436],[15.282,45.571],[15.35,45.67],[15.25,45.714],[15.331,45.752],[15.43,45.776],[15.55,45.824],[15.675,45.972],[15.693,46.042],[15.624,46.076],[15.627,46.195],[15.678,46.214],[15.8,46.249],[15.879,46.259],[15.881,46.259],[15.919,46.273],[15.994,46.291],[16.05,46.317],[16.089,46.373],[16.28,46.379],[16.234,46.485],[16.261,46.514],[16.302,46.527],[16.311,46.531],[16.34,46.544],[16.515,46.502],[16.372,46.636],[16.403,46.663],[16.366,46.696],[16.365,46.697],[16.299,46.78],[16.311,46.798],[16.33,46.834],[16.297,46.847],[16.179,46.858],[16.13,46.857],[16.094,46.863],[16.053,46.846],[16.028,46.837],[15.971,46.775],[16.017,46.671],[15.968,46.695],[15.785,46.712],[15.622,46.678],[15.52,46.648],[15.514,46.633],[15.435,46.627],[15.333,46.644],[15.173,46.641],[15.106,46.646],[15.086,46.648],[14.92,46.615],[14.894,46.605],[14.815,46.551],[14.797,46.519],[14.673,46.46],[14.562,46.392],[14.437,46.419],[14.242,46.438],[14.148,46.44],[14.015,46.483],[13.701,46.52],[13.686,46.464],[13.396,46.307],[13.627,46.182],[13.641,46.171],[13.523,46.075],[13.462,46.006],[13.601,45.985],[13.615,45.946],[13.599,45.912],[13.574,45.819],[13.589,45.806],[13.7,45.771],[13.894,45.634],[13.868,45.602],[13.712,45.593],[13.675,45.545],[13.611,45.538],[13.59,45.489]]]},"properties":{"name":"Slovenia","country_code":"SI"}},
{"type":"Feature","geometry":{"type":"Polygon","coordinates":[[[50.808,24.747],[50.979,24.568],[51.215,24.626],[51.221,24.644],[51.444,24.68],[51.611,25.238],[51.516,25.383],[51.536,25.622],[51.577,25.881],[51.417,25.952],[51.251,26.16],[50.984,25.981],[50.972,25.825],[50.95,25.775],[50.751,25.495],[50.808,24.747]]]},"properties":{"name":"Qatar","country_code":"QA"}},
{"type":"Feature","geometry":{"type":"Polygon","coordinates":[[[51.569,24.256],[51.282,24.303],[51.444,24.555],[51.215,24.626],[50.979,24.568],[50.808,24.747],[50.545,25.119],[50.463,25.447],[50.145,25.733],[50.101,25.989],[50.192,26.404],[50.031,26.495],[49.942,26.858],[49.323,27.206],[49.24,27.545],[48.873,27.612],[48.878,27.837],[48.606,28.126],[48.433,28.54],[47.668,28.534],[47.446,28.976],[46.532,29.096],[46.427,29.076],[44.692,29.202],[43.824,29.814],[42.783,30.551],[42.075,31.08],[40.424,31.921],[39.146,32.118],[38.963,31.994],[37.987,31.753],[37.761,31.696],[36.998,31.501],[37.222,31.247],[37.981,30.499],[37.635,30.313],[37.47,29.995],[36.756,29.866],[36.477,29.495],[36.069,29.2],[35.74,29.232],[34.949,29.352],[34.843,28.885],[34.804,28.527],[34.647,28.099],[35.216,28.054],[35.56,27.456],[36.23,26.626],[36.663,25.856],[36.936,25.646],[37.23,25.194],[37.149,24.851],[37.383,24.54],[37.523,24.268],[37.676,24.291],[38.453,23.784],[38.644,23.419],[39.082,22.547],[38.95,21.922],[39.171,21.404],[39.081,21.315],[39.297,20.924],[39.646,20.462],[40.068,20.287],[40.523,19.972],[40.945,19.506],[41.21,18.698],[41.438,18.464],[41.597,18.121],[41.719,17.909],[42.302,17.454],[42.339,17.174],[42.737,16.671],[42.789,16.371],[43.186,16.685],[43.109,16.927],[43.165,17.326],[43.342,17.482],[43.638,17.439],[43.751,17.346],[44.972,17.43],[45.43,17.312],[46.323,17.224],[46.71,17.275],[46.997,16.949],[47.429,17.093],[47.589,17.463],[48.162,18.149],[49.129,18.612],[51.02,18.867],[51.979,18.996],[53.63,19.546],[54.978,19.995],[55.345,21.097],[55.6,21.866],[55.627,22.024],[55.187,22.704],[55.105,22.621],[52.583,22.931],[51.594,24.078],[51.569,24.256]]]},"properties":{"name":"Saudi Arabia","country_code":"SA"}},
{"type":"Feature","geometry":{"type":"Polygon","coordinates":[[[25.26,-17.794],[24.953,-17.788],[24.506,-18.06],[24.183,-18.029],[23.592,-18.478],[23.311,-18.01],[22.981,-18.02],[21.476,-18.3],[20.993,-18.319],[20.976,-19.172],[20.979,-20.351],[20.981,-21],[20.972,-22.001],[19.978,-22.001],[19.98,-23.309],[19.98,-23.864],[19.981,-24.752],[20.365,-25.033],[20.612,-25.431],[20.841,-26.131],[20.623,-26.428],[20.691,-26.892],[21.687,-26.855],[21.781,-26.678],[22.058,-26.618],[22.257,-26.341],[22.621,-26.112],[22.845,-25.481],[23.007,-25.311],[23.459,-25.282],[23.925,-25.629],[24.501,-25.758],[24.799,-25.829],[25.386,-25.744],[25.653,-25.463],[25.868,-24.748],[26.166,-24.661],[26.404,-24.633],[26.85,-24.248],[26.965,-23.747],[27.127,-23.525],[27.754,-23.221],[28.339,-22.585],[28.913,-22.454],[29.048,-22.22],[29.35,-22.187],[29.071,-22.051],[29.039,-21.798],[28.63,-21.651],[27.99,-21.552],[27.675,-21.09],[27.698,-20.509],[27.268,-20.496],[27.215,-20.11],[26.677,-19.887],[26.13,-19.501],[25.967,-19],[25.762,-18.63],[25.508,-18.399],[25.226,-17.932],[25.26,-17.794]]]},"properties":{"name":"Botswana","country_code":"BW"}},
{"type":"Feature","geometry":{"type":"Polygon","coordinates":[[[25.967,-19],[26.13,-19.501],[26.677,-19.887],[27.215,-20.11],[27.268,-20.496],[27.698,-20.509],[27.675,-21.09],[27.99,-21.552],[28.63,-21.651],[29.039,-21.798],[29.071,-22.051],[29.35,-22.187],[29.759,-22.131],[30.301,-22.337],[30.838,-22.282],[31.097,-22.335],[31.289,-22.397],[31.434,-22.302],[32.409,-21.29],[32.446,-21.309],[32.34,-21.134],[32.497,-20.898],[32.513,-20.565],[32.646,-20.558],[33.007,-20.032],[33.033,-19.784],[32.831,-19.685],[32.763,-19.464],[32.862,-19.118],[32.691,-18.834],[32.885,-18.788],[32.871,-18.536],[33.035,-18.333],[32.937,-17.875],[33.012,-17.384],[32.969,-17.266],[32.829,-16.935],[32.969,-16.682],[32.731,-16.709],[32.29,-16.452],[31.91,-16.429],[31.686,-16.207],[31.26,-16.023],[30.403,-16.001],[30.396,-15.636],[30.296,-15.639],[29.837,-15.615],[29.407,-15.714],[28.947,-15.957],[28.857,-16.388],[28.733,-16.558],[28.023,-16.865],[27.777,-17.001],[27.577,-17.363],[27.048,-17.944],[26.712,-18.066],[26.203,-17.887],[25.979,-17.999],[25.681,-17.811],[25.26,-17.794],[25.226,-17.932],[25.508,-18.399],[25.762,-18.63],[25.967,-19]]]},"properties":{"name":"Zimbabwe","country_code":"ZW"}},
{"type":"Feature","geometry":{"type":"Polygon","coordinates":[[[77.049,35.11],[76.777,35.646],[76.537,35.903],[76.166,35.806],[75.894,36.097],[75.977,36.463],[75.791,36.688],[75.411,36.747],[75.351,36.916],[74.542,37.022],[74.094,36.831],[73.712,36.894],[72.565,36.821],[72.214,36.726],[71.736,36.396],[71.629,36.46],[71.17,36.031],[71.342,35.947],[71.593,35.464],[71.634,35.203],[71.445,34.938],[70.983,34.555],[71.122,34.357],[71.063,34.054],[70.522,33.939],[69.905,34.036],[69.996,33.742],[70.17,33.639],[70.294,33.319],[69.881,33.089],[69.478,33.011],[69.429,32.667],[69.228,32.421],[69.301,31.941],[69.004,31.651],[68.676,31.775],[68.098,31.759],[67.748,31.544],[67.749,31.328],[67.346,31.208],[66.943,31.315],[66.366,30.923],[66.196,29.835],[65.036,29.54],[64.499,29.57],[64.086,29.387],[63.569,29.497],[62.603,29.418],[62.374,29.425],[60.844,29.858],[61.279,29.407],[61.567,28.871],[61.893,28.543],[62.739,28.258],[62.801,27.225],[63.167,27.259],[63.32,27.117],[63.141,26.625],[62.754,26.644],[62.292,26.501],[62.243,26.351],[61.857,26.242],[61.66,25.769],[61.588,25.202],[61.72,25.037],[62.343,25.155],[62.477,25.259],[63.5,25.194],[63.573,25.365],[64.518,25.276],[65.672,25.347],[66.252,25.473],[66.437,25.598],[66.718,25.231],[66.704,24.892],[67.253,24.74],[67.157,24.663],[67.354,24.071],[67.632,23.803],[67.869,23.85],[68.157,23.696],[68.183,23.842],[68.724,23.965],[68.726,24.289],[69.563,24.277],[69.972,24.165],[70.11,24.305],[70.521,24.425],[70.755,24.231],[71.083,24.412],[71.057,24.693],[70.647,25.431],[70.632,25.701],[70.265,25.697],[70.065,25.98],[70.158,26.53],[69.816,26.58],[69.465,26.808],[69.576,27.188],[70.017,27.601],[70.189,27.892],[70.456,28.04],[70.832,27.701],[71.311,27.862],[71.861,27.95],[72.382,28.784],[72.902,29.023],[73.233,29.537],[73.37,29.927],[73.947,30.204],[73.842,30.353],[74.33,30.9],[74.659,31.084],[74.506,31.175],[74.612,31.44],[74.489,31.711],[74.829,32.025],[75.174,32.087],[75.298,32.332],[75.024,32.466],[74.725,32.461],[74.685,32.831],[74.317,32.823],[74.322,32.972],[74.002,33.178],[74.142,33.549],[73.977,33.648],[74.272,33.962],[73.946,34.01],[73.998,34.197],[73.775,34.371],[73.919,34.643],[74.286,34.769],[75.225,34.639],[75.348,34.557],[75.777,34.504],[76.023,34.677],[76.553,34.726],[76.921,34.921],[77.049,35.11]]]},"properties":{"name":"Pakistan","country_code":"PK"}},
{"type":"Feature","geometry":{"type":"Polygon","coordinates":[[[27.884,42.848],[28.087,43.355],[28.473,43.367],[28.578,43.741],[27.981,43.849],[27.683,43.987],[27.253,44.122],[27.027,44.177],[26.416,44.064],[26.332,44.055],[25.733,43.719],[25.482,43.67],[25.285,43.69],[24.662,43.756],[24.337,43.759],[24.15,43.755],[23.621,43.834],[23.053,43.843],[22.851,43.897],[23.008,44.1],[22.692,44.228],[22.466,44.018],[22.349,43.808],[22.659,43.401],[22.724,43.386],[22.983,43.187],[22.74,42.899],[22.545,42.872],[22.43,42.817],[22.441,42.633],[22.345,42.313],[22.507,42.149],[22.627,42.079],[22.846,42.007],[22.882,41.872],[22.985,41.677],[22.944,41.523],[22.917,41.336],[23.625,41.377],[24.198,41.548],[24.51,41.562],[24.774,41.348],[25.154,41.308],[25.286,41.239],[25.882,41.304],[26.174,41.446],[26.059,41.644],[26.333,41.713],[26.553,41.882],[26.838,41.975],[27.048,42.083],[27.546,41.901],[28.017,41.973],[27.629,42.459],[27.453,42.465],[27.884,42.848]]]},"properties":{"name":"Bulgaria","country_code":"BG"}},
{"type":"Feature","geometry":{"type":"MultiPolygon","coordinates":[[[[104.045,14.357],[104.046,14.357],[104.459,14.357],[104.916,14.393],[105.047,14.214],[105.184,14.346],[105.416,14.428],[105.593,14.991],[105.452,15.095],[105.592,15.428],[105.613,15.721],[105.412,15.8],[105.423,16.005],[105.107,16.096],[104.988,16.294],[104.755,16.529],[104.758,16.819],[104.746,16.944],[104.816,17.373],[104.282,17.861],[104.203,18.019],[104,18.318],[103.387,18.441],[103.296,18.295],[103.088,18.139],[102.668,17.85],[102.107,18.212],[102.056,18.192],[101.546,17.814],[101.132,17.462],[100.938,17.555],[100.956,17.708],[101.165,18.053],[101.074,18.372],[101.24,18.674],[101.318,19.05],[101.229,19.144],[101.246,19.57],[100.875,19.613],[100.575,19.508],[100.39,19.724],[100.408,19.794],[100.549,20.158],[100.307,20.4],[100.099,20.318],[99.942,20.444],[99.652,20.307],[99.421,20.376],[99.509,20.153],[99.117,20.118],[99.009,19.846],[98.478,19.706],[98.238,19.665],[98.025,19.803],[97.869,19.57],[97.767,19.398],[97.811,19.112],[97.658,18.926],[97.746,18.571],[97.373,18.549],[97.754,17.969],[97.676,17.83],[97.908,17.555],[98.436,17.012],[98.457,16.723],[98.682,16.273],[98.903,16.363],[98.835,16.145],[98.659,16.116],[98.544,15.675],[98.534,15.326],[98.208,15.219],[98.191,14.993],[98.548,14.378],[98.945,14.069],[99.147,13.724],[99.186,13.212],[99.102,13.171],[99.214,12.735],[99.405,12.567],[99.466,12.126],[99.63,11.816],[99.141,11.039],[98.879,10.788],[98.767,10.689],[98.747,10.351],[98.513,9.837],[98.39,9.345],[98.382,9.072],[98.199,8.534],[98.391,8.137],[98.446,8.325],[98.649,8.369],[98.747,8.068],[99.257,7.655],[99.337,7.384],[99.508,7.385],[99.746,7.13],[99.686,6.877],[100.127,6.442],[100.199,6.699],[100.378,6.527],[100.806,6.415],[100.824,6.299],[101.082,6.246],[100.972,5.773],[101.105,5.638],[101.5,5.893],[101.698,5.767],[101.8,5.74],[102.06,6.095],[102.073,6.258],[101.723,6.574],[101.566,6.832],[101.321,6.949],[101.068,6.858],[100.765,6.983],[100.379,7.31],[100.185,7.514],[100.201,7.772],[100.307,7.758],[100.439,7.294],[100.342,7.939],[100.271,8.317],[99.959,8.638],[99.916,9.102],[99.772,9.312],[99.255,9.232],[99.324,9.392],[99.145,9.791],[99.302,10.631],[99.503,10.997],[99.569,11.334],[99.855,11.968],[100.02,12.193],[99.961,12.636],[100.104,13.057],[99.961,13.292],[100.089,13.426],[100.401,13.491],[100.467,13.496],[100.841,13.478],[100.981,13.463],[100.878,13.098],[100.978,12.64],[101.443,12.625],[101.789,12.698],[102.228,12.324],[102.356,12.358],[102.296,12.19],[102.75,12.04],[102.914,11.646],[102.765,12.045],[102.764,12.425],[102.496,12.654],[102.495,12.746],[102.49,12.995],[102.329,13.273],[102.33,13.485],[102.699,13.762],[102.914,14.165],[103.017,14.239],[103.243,14.342],[103.671,14.43],[104.045,14.357]]],[[[98.419,7.904],[98.281,8.192],[98.309,7.768],[98.419,7.904]]]]},"properties":{"name":"Thailand","country_code":"TH"}},
{"type":"Feature","geometry":{"type":"Polygon","coordinates":[[[12.427,43.969],[12.417,43.964],[12.386,43.925],[12.39,43.918],[12.421,43.895],[12.441,43.893],[12.464,43.9],[12.478,43.923],[12.483,43.929],[12.492,43.949],[12.491,43.965],[12.427,43.969]]]},"properties":{"name":"San Marino","country_code":"SM"}},
{"type":"Feature","geometry":{"type":"MultiPolygon","coordinates":[[[[-71.757,19.71],[-72.048,19.712],[-72.565,19.876],[-73.167,19.938],[-73.432,19.779],[-73.409,19.636],[-73.121,19.629],[-72.699,19.446],[-72.818,19.079],[-72.706,18.944],[-72.325,18.671],[-72.371,18.526],[-72.755,18.429],[-73.056,18.458],[-73.739,18.544],[-74.16,18.659],[-74.426,18.608],[-74.453,18.361],[-74.183,18.293],[-73.873,18.026],[-73.646,18.259],[-73.008,18.181],[-72.072,18.238],[-71.776,18.039],[-71.722,18.293],[-71.721,18.294],[-72.01,18.599],[-71.792,18.681],[-71.785,18.685],[-71.784,18.996],[-71.652,19.218],[-71.75,19.28],[-71.746,19.649],[-71.757,19.71]]],[[[-73.259,18.878],[-72.809,18.72],[-73.201,18.969],[-73.259,18.878]]]]},"properties":{"name":"Haiti","country_code":"HT"}},
{"type":"Feature","geometry":{"type":"Polygon","coordinates":[[[-71.746,19.649],[-71.75,19.28],[-71.652,19.218],[-71.784,18.996],[-71.785,18.685],[-71.792,18.681],[-72.01,18.599],[-71.721,18.294],[-71.722,18.293],[-71.776,18.039],[-71.679,17.765],[-71.417,17.605],[-71.281,17.853],[-70.966,18.262],[-70.601,18.412],[-70.579,18.272],[-70.18,18.234],[-70.004,18.417],[-69.981,18.426],[-69.879,18.471],[-69.528,18.41],[-69.085,18.396],[-68.901,18.404],[-68.76,18.21],[-68.456,18.358],[-68.356,18.657],[-68.785,18.98],[-69.212,19.021],[-69.621,19.102],[-69.603,19.229],[-69.254,19.184],[-69.164,19.307],[-69.771,19.303],[-69.898,19.636],[-70.094,19.637],[-70.373,19.714],[-71.018,19.935],[-71.222,19.835],[-71.667,19.886],[-71.757,19.71],[-71.746,19.649]]]},"properties":{"name":"Dominican Republic","country_code":"DO"}},
{"type":"Feature","geometry":{"type":"Polygon","coordinates":[[[14.065,13.078],[14.481,13.001],[14.585,12.746],[14.819,12.639],[14.905,12.249],[15.012,12.109],[15.041,12.056],[15.136,11.531],[15.029,11.08],[15.066,10.793],[15.301,10.312],[15.681,9.991],[14.732,9.924],[14.196,9.979],[13.948,9.638],[14.35,9.168],[15.211,8.422],[15.441,7.839],[15.563,7.792],[15.481,7.523],[15.794,7.458],[16.371,7.673],[16.549,7.87],[16.815,7.55],[17.234,7.811],[17.68,7.985],[18.175,8.022],[18.589,8.048],[19.072,8.632],[18.87,8.864],[19.101,9.015],[19.932,9.063],[20.435,9.138],[20.542,9.322],[20.814,9.419],[21.017,9.744],[21.34,9.96],[21.751,10.412],[21.723,10.637],[22.365,10.954],[22.861,10.919],[22.915,11.396],[22.628,11.51],[22.537,11.681],[22.612,12.073],[22.373,12.463],[22.446,12.611],[22.205,12.743],[21.936,12.64],[21.809,12.794],[21.935,13.059],[22.268,13.335],[22.074,13.771],[22.181,13.921],[22.531,14.123],[22.364,14.544],[22.666,14.682],[22.739,14.98],[22.966,15.224],[22.926,15.564],[23.119,15.707],[23.984,15.722],[23.983,17.87],[23.981,19.496],[22.252,20.35],[20.893,21.021],[19.186,21.864],[18.917,21.997],[17.435,22.729],[15.985,23.445],[14.98,22.996],[15.172,21.993],[15.18,21.507],[15.609,20.951],[15.544,20.799],[15.954,20.375],[15.736,19.904],[15.568,18],[15.49,17.125],[15.469,16.905],[14.369,15.75],[13.834,15.02],[13.608,14.518],[13.449,14.38],[13.607,13.704],[14.065,13.078]]]},"properties":{"name":"Chad","country_code":"TD"}},
{"type":"Feature","geometry":{"type":"MultiPolygon","coordinates":[[[[47.446,28.976],[47.668,28.534],[48.433,28.54],[48.106,29.214],[48.094,29.31],[48.008,29.369],[47.858,29.323],[47.705,29.364],[47.966,29.576],[48.181,29.562],[48.022,29.78],[47.948,29.994],[47.358,30.092],[47.11,29.961],[46.853,29.445],[46.561,29.124],[46.532,29.096],[47.446,28.976]]],[[[48.353,29.71],[48.189,29.984],[48.046,29.8],[48.229,29.6],[48.353,29.71]]]]},"properties":{"name":"Kuwait","country_code":"KW"}},
{"type":"Feature","geometry":{"type":"Polygon","coordinates":[[[-90.098,13.731],[-89.953,13.665],[-89.609,13.513],[-89.136,13.414],[-88.832,13.266],[-88.817,13.259],[-88.113,13.171],[-88.091,13.173],[-87.798,13.266],[-87.817,13.407],[-87.75,13.846],[-87.953,13.892],[-88.218,13.991],[-88.274,13.919],[-88.497,13.851],[-88.497,13.969],[-88.691,14.012],[-88.97,14.21],[-89.107,14.396],[-89.346,14.413],[-89.362,14.415],[-89.496,14.423],[-89.531,14.226],[-89.748,14.045],[-90.099,13.859],[-90.098,13.731]]]},"properties":{"name":"El Salvador","country_code":"SV"}},
{"type":"Feature","geometry":{"type":"Polygon","coordinates":[[[-89.748,14.045],[-89.531,14.226],[-89.496,14.423],[-89.362,14.415],[-89.146,14.711],[-89.189,14.913],[-89.147,15.071],[-88.761,15.3],[-88.467,15.521],[-88.221,15.726],[-88.62,15.953],[-88.598,15.706],[-88.914,15.894],[-89.236,15.906],[-89.193,16.393],[-89.151,17.321],[-89.16,17.814],[-90.991,17.802],[-90.992,17.252],[-91.433,17.255],[-91.067,16.918],[-90.735,16.747],[-90.38,16.367],[-90.448,16.08],[-90.448,16.079],[-90.995,16.07],[-91.724,16.069],[-92.106,15.454],[-92.203,15.237],[-92.074,15.074],[-92.246,14.546],[-92.162,14.487],[-91.659,14.117],[-91.552,14.057],[-91.316,13.956],[-90.627,13.921],[-90.241,13.789],[-90.098,13.731],[-90.099,13.859],[-89.748,14.045]]]},"properties":{"name":"Guatemala","country_code":"GT"}},
{"type":"Feature","geometry":{"type":"MultiPolygon","coordinates":[[[[124.451,-9.18],[124.03,-9.342],[124.258,-9.501],[124.451,-9.18]]],[[[125.153,-9.171],[124.954,-9.242],[125.062,-9.486],[125.488,-9.241],[125.67,-9.193],[126.048,-9.057],[126.138,-9],[126.43,-8.955],[126.728,-8.761],[127.009,-8.677],[127.313,-8.415],[126.967,-8.309],[126.688,-8.431],[126.142,-8.503],[125.829,-8.491],[125.49,-8.568],[125.144,-8.631],[125.103,-8.74],[124.92,-8.962],[125.153,-9.171]]]]},"properties":{"name":"East Timor","country_code":"TL"}},
{"type":"Feature","geometry":{"type":"MultiPolygon","coordinates":[[[[115.146,4.909],[115.03,4.821],[115.113,4.382],[115.361,4.33],[115.146,4.909]]],[[[114.982,4.889],[115.058,5.054],[114.76,4.899],[114.494,4.681],[113.999,4.601],[114.246,4.481],[114.587,4.021],[114.794,4.3],[114.743,4.731],[114.982,4.889]]]]},"properties":{"name":"Brunei","country_code":"BN"}},
{"type":"Feature","geometry":{"type":"Polygon","coordinates":[[[7.366,43.723],[7.437,43.743],[7.407,43.764],[7.366,43.723]]]},"properties":{"name":"Monaco","country_code":"MC"}},
{"type":"Feature","geometry":{"type":"Polygon","coordinates":[[[0.004,21.849],[1.147,21.102],[1.169,20.733],[1.644,20.523],[1.891,20.232],[2.182,20.279],[2.4,20.057],[2.946,19.942],[3.217,19.794],[3.251,19.365],[3.103,19.154],[3.308,18.982],[3.79,19.061],[4.229,19.142],[5.749,19.434],[5.838,19.479],[7.483,20.873],[8.634,21.552],[9.723,22.193],[11.969,23.517],[11.71,24],[11.467,24.326],[10.721,24.552],[10.392,24.48],[10.032,24.856],[9.97,25.395],[9.401,26.113],[9.483,26.353],[9.836,26.504],[9.911,26.843],[9.721,27.292],[9.931,27.819],[9.777,28.268],[9.827,28.619],[9.826,29.129],[9.668,29.608],[9.369,30.023],[9.52,30.229],[9.063,32],[9.02,32.105],[8.333,32.526],[8.283,32.836],[8.087,33.094],[7.751,33.208],[7.708,33.411],[7.48,33.894],[7.539,34.114],[7.832,34.414],[8.102,34.536],[8.259,34.741],[8.327,35.621],[8.268,35.97],[8.355,36.356],[8.168,36.492],[8.603,36.94],[7.774,36.89],[7.799,36.994],[7.263,37.076],[6.909,36.893],[6.462,37.094],[6.248,36.935],[5.759,36.833],[5.428,36.664],[4.591,36.895],[4.039,36.897],[3.827,36.913],[3.173,36.743],[2.985,36.815],[2.633,36.605],[1.701,36.547],[1.045,36.487],[0.74,36.338],[0.127,36.051],[-0.114,35.789],[-0.349,35.907],[-0.683,35.717],[-1.106,35.623],[-1.362,35.32],[-1.761,35.13],[-2.223,35.089],[-1.77,34.741],[-1.871,34.597],[-1.672,34.092],[-1.741,33.687],[-1.613,33.521],[-1.674,33.238],[-1.5,33.06],[-1.423,32.742],[-1.048,32.517],[-1.273,32.229],[-1.25,32.082],[-2.516,32.132],[-2.939,32.049],[-2.828,31.795],[-3.162,31.733],[-3.66,31.648],[-3.819,31.319],[-3.555,30.956],[-3.646,30.711],[-4.372,30.509],[-4.771,30.229],[-5.176,29.977],[-5.54,29.523],[-6.001,29.579],[-6.344,29.572],[-6.784,29.446],[-7.147,29.509],[-7.619,29.389],[-8.682,28.666],[-8.682,27.661],[-8.682,27.285],[-7.297,26.471],[-5.662,25.509],[-4.822,24.995],[-3.449,24.106],[-2.523,23.501],[-0.964,22.481],[0.004,21.849]]]},"properties":{"name":"Algeria","country_code":"DZ"}},
{"type":"Feature","geometry":{"type":"Polygon","coordinates":[[[32.114,-26.84],[32.893,-26.846],[32.954,-26.079],[32.842,-26.289],[32.517,-25.95],[32.659,-25.911],[32.873,-25.544],[33.132,-25.379],[33.729,-25.105],[34.48,-24.852],[35.106,-24.598],[35.494,-24.111],[35.543,-23.863],[35.395,-23.842],[35.521,-22.908],[35.542,-22.41],[35.477,-22.091],[35.312,-22.413],[35.271,-21.644],[35.025,-21.085],[35.112,-20.953],[34.993,-20.73],[34.665,-20.428],[34.777,-20.135],[34.743,-19.89],[35.127,-19.705],[35.662,-19.133],[36.133,-18.809],[36.416,-18.775],[36.48,-18.576],[36.887,-18.189],[37.086,-17.869],[37.909,-17.355],[38.595,-17.094],[39.091,-16.984],[39.129,-16.872],[39.698,-16.532],[39.783,-16.302],[39.992,-16.222],[40.165,-15.916],[40.588,-15.478],[40.61,-15.161],[40.835,-14.802],[40.843,-14.464],[40.657,-14.449],[40.696,-14.183],[40.527,-13.511],[40.589,-12.958],[40.492,-12.25],[40.537,-11.997],[40.429,-11.642],[40.62,-10.841],[40.437,-10.475],[40.008,-10.811],[39.483,-10.999],[39.287,-11.154],[38.896,-11.168],[38.492,-11.413],[38.093,-11.256],[37.875,-11.319],[37.784,-11.559],[37.428,-11.723],[36.82,-11.574],[36.563,-11.731],[36.2,-11.702],[36.168,-11.579],[35.826,-11.413],[35.576,-11.605],[34.965,-11.574],[34.607,-11.591],[34.356,-12.205],[34.494,-12.687],[34.583,-13.404],[34.864,-13.516],[35.084,-13.704],[35.751,-14.543],[35.904,-14.887],[35.789,-15.211],[35.838,-15.458],[35.838,-15.459],[35.797,-15.933],[35.698,-16.107],[35.299,-16.209],[35.237,-16.399],[35.132,-16.538],[35.278,-16.701],[35.292,-17.129],[35.081,-17.124],[35.096,-16.817],[34.887,-16.701],[34.385,-16.186],[34.233,-15.89],[34.342,-15.73],[34.419,-15.575],[34.559,-15.2],[34.502,-14.576],[34.38,-14.414],[33.618,-14.562],[33.357,-14.231],[33.203,-14.014],[31.658,-14.52],[30.214,-14.982],[30.396,-15.636],[30.403,-16.001],[31.26,-16.023],[31.686,-16.207],[31.91,-16.429],[32.29,-16.452],[32.731,-16.709],[32.969,-16.682],[32.829,-16.935],[32.969,-17.266],[33.012,-17.384],[32.937,-17.875],[33.035,-18.333],[32.871,-18.536],[32.885,-18.788],[32.691,-18.834],[32.862,-19.118],[32.763,-19.464],[32.831,-19.685],[33.033,-19.784],[33.007,-20.032],[32.646,-20.558],[32.513,-20.565],[32.497,-20.898],[32.34,-21.134],[32.446,-21.309],[32.409,-21.29],[31.434,-22.302],[31.289,-22.397],[31.536,-23.157],[31.521,-23.416],[31.856,-23.963],[31.926,-24.277],[31.987,-24.423],[31.992,-25.65],[31.949,-25.958],[32.114,-26.84]],[[34.694,-12],[34.732,-12.109],[34.656,-12.097],[34.694,-12]]]},"properties":{"name":"Mozambique","country_code":"MZ"}},
{"type":"Feature","geometry":{"type":"Polygon","coordinates":[[[31.949,-25.958],[31.747,-25.931],[31.427,-25.744],[31.12,-25.91],[30.897,-26.292],[30.783,-26.472],[30.885,-26.786],[30.976,-27.035],[31.245,-27.233],[31.968,-27.316],[31.944,-27.162],[31.99,-26.808],[32.114,-26.84],[31.949,-25.958]]]},"properties":{"name":"Eswatini","country_code":"SZ"}},
{"type":"Feature","geometry":{"type":"Polygon","coordinates":[[[30.555,-2.401],[30.349,-2.322],[30.139,-2.431],[29.957,-2.327],[29.904,-2.638],[29.637,-2.792],[29.445,-2.807],[29.309,-2.69],[29.015,-2.721],[29.242,-3.104],[29.236,-3.271],[29.212,-3.407],[29.224,-3.571],[29.217,-3.709],[29.367,-4.189],[29.404,-4.45],[29.733,-4.463],[30.176,-4.04],[30.373,-3.704],[30.61,-3.376],[30.8,-3.275],[30.819,-2.99],[30.488,-2.943],[30.416,-2.852],[30.555,-2.401]]]},"properties":{"name":"Burundi","country_code":"BI"}},
{"type":"Feature","geometry":{"type":"Polygon","coordinates":[[[30.555,-2.401],[30.834,-2.345],[30.831,-1.594],[30.555,-1.318],[30.472,-1.067],[30.461,-1.063],[30.291,-1.153],[30.066,-1.387],[29.825,-1.324],[29.578,-1.388],[29.445,-1.497],[29.187,-1.74],[29.151,-2.15],[28.859,-2.418],[29.015,-2.721],[29.309,-2.69],[29.445,-2.807],[29.637,-2.792],[29.904,-2.638],[29.957,-2.327],[30.139,-2.431],[30.349,-2.322],[30.555,-2.401]]]},"properties":{"name":"Rwanda","country_code":"RW"}},
{"type":"Feature","geometry":{"type":"MultiPolygon","coordinates":[[[[94.568,17.463],[94.465,16.95],[94.273,16.538],[94.215,16.015],[94.34,15.996],[94.644,16.284],[94.684,16.364],[94.67,16.51],[94.722,16.378],[94.665,16.258],[94.679,16.121],[94.562,15.962],[94.847,15.791],[95.297,15.903],[95.432,15.734],[95.732,16.127],[96.017,16.378],[96.119,16.322],[96.616,16.518],[96.827,16.89],[96.91,17.067],[96.883,17.457],[97.199,16.997],[97.37,16.484],[97.704,16.574],[97.74,16.559],[97.627,16.438],[97.582,16.009],[97.712,15.888],[97.807,15.175],[97.795,14.88],[98.16,13.69],[98.245,13.714],[98.578,13.187],[98.689,12.728],[98.552,12.28],[98.696,12.242],[98.768,11.762],[98.658,11.132],[98.712,10.924],[98.459,10.715],[98.543,9.987],[98.747,10.351],[98.767,10.689],[98.879,10.788],[99.141,11.039],[99.63,11.816],[99.466,12.126],[99.405,12.567],[99.214,12.735],[99.102,13.171],[99.186,13.212],[99.147,13.724],[98.945,14.069],[98.548,14.378],[98.191,14.993],[98.208,15.219],[98.534,15.326],[98.544,15.675],[98.659,16.116],[98.835,16.145],[98.903,16.363],[98.682,16.273],[98.457,16.723],[98.436,17.012],[97.908,17.555],[97.676,17.83],[97.754,17.969],[97.373,18.549],[97.746,18.571],[97.658,18.926],[97.811,19.112],[97.767,19.398],[97.869,19.57],[98.025,19.803],[98.238,19.665],[98.478,19.706],[99.009,19.846],[99.117,20.118],[99.509,20.153],[99.421,20.376],[99.652,20.307],[99.942,20.444],[100.099,20.318],[100.211,20.697],[100.608,20.84],[100.516,20.886],[100.725,21.312],[101.159,21.553],[101.119,21.76],[100.704,21.516],[100.187,21.428],[100.146,21.649],[99.95,21.721],[99.942,22.046],[99.144,22.154],[99.358,22.495],[99.308,22.745],[99.493,23.057],[98.859,23.179],[98.857,23.604],[98.585,24.076],[98.182,24.119],[97.647,23.869],[97.516,23.943],[97.708,24.125],[97.64,24.439],[97.52,24.431],[97.536,24.745],[97.824,25.262],[98.108,25.389],[98.14,25.611],[98.333,25.567],[98.509,25.838],[98.692,25.879],[98.546,26.106],[98.756,26.625],[98.679,27.577],[98.41,27.684],[98.295,27.537],[98.115,28.144],[97.546,28.538],[97.323,28.217],[97.334,27.894],[96.87,27.619],[97.059,27.092],[96.759,27.342],[96.143,27.258],[95.393,26.692],[95.247,26.649],[95.041,26.476],[95.151,26.05],[95.009,25.737],[94.65,25.447],[94.55,25.245],[94.709,25.026],[94.29,24.317],[94.129,23.854],[93.303,24.036],[93.432,23.647],[93.375,23.13],[93.138,23.005],[93.08,22.773],[93.166,22.387],[92.979,21.995],[92.684,22.154],[92.576,21.978],[92.641,21.309],[92.323,21.462],[92.184,21.317],[92.265,21.061],[92.381,20.7],[92.731,20.259],[92.751,20.499],[93.135,19.834],[93.13,20.075],[93.745,19.917],[93.601,19.783],[93.761,19.675],[93.731,19.633],[93.924,19.462],[93.984,19.464],[93.987,19.387],[93.93,19.3],[93.834,19.238],[93.498,19.314],[93.679,19.02],[93.93,18.859],[94.053,19.221],[94.038,18.859],[94.153,18.821],[94.417,18.314],[94.568,17.463]]],[[[93.745,18.8],[93.484,18.875],[93.645,18.679],[93.745,18.8]]],[[[93.971,19.417],[93.82,19.472],[93.688,19.559],[93.803,19.277],[93.966,19.363],[93.971,19.417]]],[[[98.535,11.804],[98.391,11.663],[98.535,11.529],[98.535,11.804]]],[[[98.466,12.584],[98.316,12.687],[98.302,12.338],[98.466,12.584]]],[[[94.662,16.222],[94.39,16.001],[94.417,15.872],[94.63,16.075],[94.662,16.222]]]]},"properties":{"name":"Myanmar","country_code":"MM"}},
{"type":"Feature","geometry":{"type":"MultiPolygon","coordinates":[[[[92.641,21.309],[92.576,21.978],[92.496,22.696],[92.352,22.96],[92.26,23.703],[92.004,23.647],[91.744,23.272],[91.796,23.089],[91.586,22.944],[91.372,23.262],[91.301,23.142],[91.141,23.612],[91.308,23.993],[91.922,24.345],[92.15,24.542],[92.385,25.005],[92.002,25.183],[91.471,25.134],[90.935,25.156],[90.365,25.15],[89.799,25.403],[89.809,25.44],[89.834,25.932],[89.658,26.187],[89.549,25.969],[89.351,25.997],[89.04,26.247],[88.808,26.233],[88.461,26.454],[88.164,26.14],[88.074,25.908],[88.53,25.5],[88.772,25.502],[88.975,25.303],[88.924,25.168],[88.431,25.173],[88.314,24.868],[88.202,24.945],[88.022,24.646],[88.139,24.495],[88.731,24.19],[88.714,23.925],[88.54,23.65],[88.768,23.467],[88.71,23.241],[88.955,23.184],[88.843,22.965],[89.06,22.13],[89.229,21.644],[89.887,21.9],[89.839,22.268],[89.98,22.47],[89.88,22.288],[90.024,21.862],[90.273,21.857],[90.613,22.315],[90.45,23.049],[90.599,23.117],[90.552,23.385],[90.702,23.555],[90.627,23.087],[90.955,22.576],[91.242,22.575],[91.182,22.726],[91.456,22.785],[91.676,22.535],[91.99,21.795],[91.96,21.424],[92.301,20.762],[92.265,21.061],[92.184,21.317],[92.323,21.462],[92.641,21.309]]],[[[90.791,22.495],[90.651,22.787],[90.559,22.603],[90.688,22.378],[90.608,22.072],[90.836,22.178],[90.791,22.495]]]]},"properties":{"name":"Bangladesh","country_code":"BD"}},
{"type":"Feature","geometry":{"type":"Polygon","coordinates":[[[1.451,42.602],[1.429,42.595],[1.45,42.504],[1.573,42.453],[1.657,42.498],[1.707,42.503],[1.717,42.54],[1.761,42.568],[1.597,42.622],[1.451,42.602]]]},"properties":{"name":"Andorra","country_code":"AD"}},
{"type":"Feature","geometry":{"type":"Polygon","coordinates":[[[74.892,37.231],[74.66,37.394],[73.618,37.233],[73.753,37.428],[73.276,37.459],[72.761,37.187],[72.658,37.029],[72.26,36.967],[71.837,36.699],[71.611,36.705],[71.431,37.067],[71.598,37.898],[71.258,37.926],[71.334,38.281],[70.974,38.474],[70.596,38.338],[70.299,37.998],[70.283,37.705],[70.004,37.551],[69.529,37.586],[69.309,37.117],[68.965,37.329],[68.307,37.114],[68.025,36.926],[67.781,37.189],[67.482,37.277],[67.237,37.192],[67.006,37.384],[66.52,37.364],[66.251,37.36],[65.669,37.521],[65.488,37.242],[65.063,37.233],[64.76,37.093],[64.729,36.851],[64.445,36.25],[63.906,36.032],[63.343,35.856],[63.08,35.437],[62.823,35.328],[62.302,35.148],[62.034,35.424],[61.539,35.452],[61.419,35.546],[61.27,35.618],[61.108,35.278],[61.065,34.815],[60.7,34.516],[60.89,34.319],[60.644,34.307],[60.488,34.081],[60.512,33.638],[60.92,33.513],[60.568,33.151],[60.83,32.249],[60.822,31.495],[61.125,31.449],[61.606,31.389],[61.826,31.035],[61.785,30.831],[60.844,29.858],[62.374,29.425],[62.603,29.418],[63.569,29.497],[64.086,29.387],[64.499,29.57],[65.036,29.54],[66.196,29.835],[66.366,30.923],[66.943,31.315],[67.346,31.208],[67.749,31.328],[67.748,31.544],[68.098,31.759],[68.676,31.775],[69.004,31.651],[69.301,31.941],[69.228,32.421],[69.429,32.667],[69.478,33.011],[69.881,33.089],[70.294,33.319],[70.17,33.639],[69.996,33.742],[69.905,34.036],[70.522,33.939],[71.063,34.054],[71.122,34.357],[70.983,34.555],[71.445,34.938],[71.634,35.203],[71.593,35.464],[71.342,35.947],[71.17,36.031],[71.629,36.46],[71.736,36.396],[72.214,36.726],[72.565,36.821],[73.712,36.894],[74.094,36.831],[74.542,37.022],[74.383,37.127],[74.721,37.298],[74.892,37.231]]]},"properties":{"name":"Afghanistan","country_code":"AF"}},
{"type":"Feature","geometry":{"type":"Polygon","coordinates":[[[18.496,42.416],[18.654,42.452],[18.686,42.477],[18.645,42.418],[18.659,42.387],[18.694,42.358],[18.789,42.276],[18.971,42.183],[19.141,42.02],[19.365,41.852],[19.37,42.107],[19.283,42.198],[19.658,42.635],[19.747,42.589],[19.829,42.469],[20.065,42.547],[20.104,42.653],[20.037,42.707],[20.056,42.764],[20.319,42.824],[20.345,42.827],[20.129,42.974],[20.056,43.021],[20.054,43.022],[19.548,43.219],[19.195,43.533],[18.906,43.491],[19.023,43.297],[18.99,43.272],[18.664,43.233],[18.621,43.125],[18.453,42.993],[18.543,42.626],[18.507,42.598],[18.437,42.559],[18.496,42.416]]]},"properties":{"name":"Montenegro","country_code":"ME"}},
{"type":"Feature","geometry":{"type":"Polygon","coordinates":[[[18.37,42.574],[18.437,42.559],[18.507,42.598],[18.543,42.626],[18.453,42.993],[18.621,43.125],[18.664,43.233],[18.99,43.272],[19.023,43.297],[18.906,43.491],[19.195,43.533],[19.482,43.561],[19.241,43.952],[19.516,44.091],[19.107,44.383],[19.18,44.538],[19.357,44.896],[19.016,44.866],[18.975,44.863],[18.842,44.876],[18.535,45.088],[18.482,45.067],[18.452,45.085],[18.144,45.098],[17.766,45.111],[17.125,45.169],[16.924,45.285],[16.482,45.2],[16.346,45.02],[15.803,45.196],[15.734,44.934],[15.717,44.786],[16.206,44.351],[16.527,43.968],[17.062,43.528],[17.239,43.478],[17.451,43.148],[17.598,43.073],[17.581,42.942],[17.653,42.891],[18.37,42.574]]]},"properties":{"name":"Bosnia and Herzegovina","country_code":"BA"}},
{"type":"Feature","geometry":{"type":"Polygon","coordinates":[[[30.461,-1.063],[30.472,-1.067],[31.28,-1.003],[31.986,-1.003],[32.722,-1.003],[32.847,-1.003],[33.426,-1.003],[33.632,-1.003],[33.904,-1.003],[33.952,-0.116],[33.96,0.199],[34.132,0.569],[34.296,0.747],[34.463,1],[34.507,1.103],[34.56,1.093],[34.567,1.103],[34.798,1.232],[34.781,1.372],[34.979,1.676],[34.922,2.211],[34.924,2.477],[34.546,3.098],[34.384,3.388],[34.44,3.668],[34.165,3.771],[33.977,4.22],[33.528,3.771],[33.264,3.754],[33.017,3.877],[32.372,3.731],[32.176,3.527],[32.054,3.56],[32.022,3.586],[31.801,3.806],[31.614,3.697],[31.069,3.732],[30.84,3.49],[30.905,3.386],[30.763,3.123],[30.855,2.893],[30.771,2.676],[30.708,2.462],[30.968,2.405],[31.28,2.151],[31.076,1.841],[30.554,1.336],[30.239,1.136],[30.183,0.955],[29.982,0.849],[29.904,0.438],[29.833,0.337],[29.681,-0.138],[29.644,-0.358],[29.629,-0.442],[29.552,-0.99],[29.578,-1.388],[29.825,-1.324],[30.066,-1.387],[30.291,-1.153],[30.461,-1.063]]]},"properties":{"name":"Uganda","country_code":"UG"}},
{"type":"Feature","geometry":{"type":"Polygon","coordinates":[[[-75.095,19.897],[-75.137,19.972],[-75.164,19.914],[-75.095,19.897]]]},"properties":{"name":"US Naval Base Guantanamo Bay"}},
{"type":"Feature","geometry":{"type":"MultiPolygon","coordinates":[[[[-75.095,19.897],[-74.813,20.037],[-74.267,20.068],[-74.214,20.311],[-74.401,20.307],[-74.715,20.556],[-74.998,20.701],[-75.709,20.691],[-75.744,20.902],[-75.578,21.013],[-76.002,21.078],[-76.314,21.252],[-76.945,21.458],[-77.508,21.862],[-77.337,21.65],[-77.761,21.813],[-78.082,22.083],[-78.782,22.391],[-78.927,22.399],[-79.417,22.472],[-79.652,22.759],[-80.025,22.947],[-80.28,22.912],[-80.593,23.068],[-81.121,23.039],[-81.286,23.145],[-81.684,23.157],[-82.1,23.188],[-82.539,23.074],[-82.944,22.985],[-84.078,22.666],[-84.446,22.205],[-84.308,22.037],[-84.521,21.787],[-84.042,21.918],[-83.925,22.172],[-83.415,22.186],[-82.825,22.611],[-82.392,22.688],[-81.878,22.68],[-81.651,22.575],[-81.684,22.464],[-82.119,22.432],[-81.824,22.189],[-81.239,22.151],[-80.992,22.054],[-80.593,22.054],[-80.538,22.164],[-80.101,21.825],[-80.022,21.729],[-79.169,21.552],[-78.96,21.6],[-78.642,21.534],[-78.495,21.048],[-78.066,20.712],[-77.831,20.726],[-77.337,20.716],[-77.082,20.465],[-77.737,19.856],[-77.035,19.888],[-76.248,19.991],[-75.382,19.883],[-75.233,19.9],[-75.16,19.971],[-75.137,19.972],[-75.095,19.897]]],[[[-77.634,22.054],[-77.947,22.073],[-77.709,21.912],[-77.634,22.054]]],[[[-82.568,21.637],[-82.69,21.882],[-83.075,21.843],[-83.079,21.469],[-82.836,21.445],[-82.568,21.637]]]]},"properties":{"name":"Cuba","country_code":"CU"}},
{"type":"Feature","geometry":{"type":"MultiPolygon","coordinates":[[[[-89.346,14.413],[-89.107,14.396],[-88.97,14.21],[-88.691,14.012],[-88.497,13.969],[-88.497,13.851],[-88.274,13.919],[-88.218,13.991],[-87.953,13.892],[-87.75,13.846],[-87.817,13.407],[-87.379,13.393],[-87.512,13.287],[-87.314,12.982],[-87.035,12.98],[-86.911,13.24],[-86.733,13.268],[-86.764,13.637],[-86.771,13.708],[-86.41,13.749],[-86.097,14.044],[-85.743,13.824],[-85.563,14.042],[-85.158,14.338],[-85.024,14.603],[-85,14.742],[-84.77,14.805],[-84.483,14.619],[-83.616,14.873],[-83.39,15.031],[-83.13,14.997],[-83.356,15.23],[-83.769,15.219],[-84.083,15.36],[-83.894,15.485],[-84.295,15.811],[-85,15.988],[-85.489,15.87],[-85.919,16.004],[-85.995,15.901],[-86.438,15.791],[-86.879,15.764],[-87.728,15.921],[-88.221,15.726],[-88.467,15.521],[-88.761,15.3],[-89.147,15.071],[-89.189,14.913],[-89.146,14.711],[-89.362,14.415],[-89.346,14.413]]],[[[-86.607,16.285],[-86.312,16.413],[-86.531,16.356],[-86.607,16.285]]]]},"properties":{"name":"Honduras","country_code":"HN"}},
{"type":"Feature","geometry":{"type":"MultiPolygon","coordinates":[[[[-78.829,1.434],[-78.992,1.12],[-79.457,1.072],[-80.046,0.84],[-80,0.345],[-80.066,0.052],[-80.496,-0.381],[-80.547,-0.888],[-80.916,-1.066],[-80.744,-1.344],[-80.818,-1.677],[-80.745,-2.103],[-80.914,-2.319],[-80.543,-2.53],[-80.321,-2.711],[-80.076,-2.458],[-79.984,-2.605],[-79.839,-2.377],[-79.725,-2.57],[-79.896,-3.045],[-80.04,-3.28],[-80.341,-3.393],[-80.165,-3.881],[-80.512,-4.065],[-80.345,-4.198],[-80.408,-4.478],[-80.14,-4.283],[-79.833,-4.479],[-79.507,-4.532],[-79.461,-4.77],[-79.234,-4.966],[-79.064,-5.011],[-78.929,-4.747],[-78.709,-4.585],[-78.682,-4.327],[-78.414,-3.772],[-78.376,-3.529],[-77.81,-2.967],[-76.67,-2.565],[-76.091,-2.129],[-75.581,-1.547],[-75.413,-0.924],[-75.227,-0.97],[-75.267,-0.643],[-75.638,-0.111],[-75.283,-0.107],[-75.79,0.084],[-76.053,0.364],[-76.312,0.459],[-76.408,0.255],[-76.897,0.245],[-77.104,0.354],[-77.424,0.408],[-77.514,0.661],[-77.728,0.843],[-78.12,0.921],[-78.478,1.187],[-78.829,1.434]]],[[[-80.06,-2.663],[-80.211,-2.725],[-80.266,-3.018],[-80.131,-3.021],[-79.903,-2.717],[-80.06,-2.663]]],[[[-89.308,-0.686],[-89.63,-0.926],[-89.435,-0.929],[-89.308,-0.686]]],[[[-90.192,-0.538],[-90.488,-0.525],[-90.545,-0.682],[-90.337,-0.777],[-90.192,-0.538]]],[[[-91.401,-0.453],[-91.474,-0.249],[-91.669,-0.285],[-91.607,-0.456],[-91.401,-0.453]]],[[[-90.565,-0.285],[-90.81,-0.151],[-90.818,-0.34],[-90.565,-0.285]]],[[[-90.811,-0.731],[-90.956,-0.422],[-91.185,-0.211],[-91.324,0.139],[-91.423,-0.029],[-91.352,-0.307],[-91.094,-0.569],[-91.436,-0.778],[-91.4,-1.018],[-90.929,-0.97],[-90.811,-0.731]]]]},"properties":{"name":"Ecuador","country_code":"EC"}},
{"type":"Feature","geometry":{"type":"MultiPolygon","coordinates":[[[[-78.478,1.187],[-78.12,0.921],[-77.728,0.843],[-77.514,0.661],[-77.424,0.408],[-77.104,0.354],[-76.897,0.245],[-76.408,0.255],[-76.312,0.459],[-76.053,0.364],[-75.79,0.084],[-75.283,-0.107],[-75.222,-0.032],[-74.825,-0.17],[-74.415,-0.564],[-74.344,-0.859],[-73.881,-1.191],[-73.637,-1.255],[-73.497,-1.478],[-73.531,-1.674],[-73.186,-1.8],[-73.111,-2.073],[-73.198,-2.214],[-72.943,-2.419],[-72.644,-2.334],[-72.397,-2.447],[-71.966,-2.328],[-71.738,-2.138],[-71.421,-2.376],[-70.993,-2.197],[-70.358,-2.487],[-70.051,-2.715],[-70.734,-3.782],[-70.311,-3.829],[-69.965,-4.236],[-69.771,-3.234],[-69.421,-1.239],[-69.45,-0.997],[-69.628,-0.733],[-69.632,-0.507],[-70.074,-0.125],[-70.054,0.588],[-69.504,0.73],[-69.137,0.65],[-69.152,0.868],[-69.371,1.063],[-69.852,1.059],[-69.841,1.708],[-68.163,1.721],[-68.201,2.008],[-67.998,1.75],[-67.79,1.813],[-67.593,2.055],[-67.341,2.09],[-67.117,1.71],[-67.065,1.173],[-66.875,1.223],[-67.198,2.402],[-67.627,2.813],[-67.839,2.886],[-67.305,3.426],[-67.632,3.762],[-67.717,4.04],[-67.865,4.512],[-67.793,5.063],[-67.844,5.297],[-67.647,5.483],[-67.456,6.193],[-67.451,6.198],[-67.839,6.308],[-67.924,6.235],[-68.635,6.136],[-69.061,6.218],[-69.432,6.122],[-70.097,6.944],[-70.579,7.086],[-71.184,6.963],[-71.62,7.052],[-71.964,7.006],[-71.994,7.013],[-72.206,7.382],[-72.396,7.407],[-72.482,7.508],[-72.488,7.949],[-72.336,8.104],[-72.416,8.383],[-72.675,8.652],[-72.827,9.142],[-73.01,9.295],[-73.364,9.165],[-72.978,9.838],[-72.915,10.428],[-72.499,11.121],[-72.257,11.168],[-71.971,11.662],[-71.328,11.85],[-71.114,12.094],[-71.242,12.328],[-71.697,12.464],[-71.803,12.324],[-72.171,12.234],[-72.263,11.886],[-72.76,11.697],[-73.292,11.294],[-73.566,11.277],[-74.187,11.317],[-74.362,10.776],[-74.523,10.996],[-74.847,11.088],[-75.229,10.811],[-75.23,10.763],[-75.256,10.709],[-75.51,10.586],[-75.582,10.092],[-75.698,9.417],[-76.078,9.344],[-76.256,9.007],[-76.445,8.87],[-76.947,8.545],[-76.77,8.398],[-76.757,7.924],[-76.985,8.256],[-77.374,8.665],[-77.469,8.538],[-77.269,8.168],[-77.169,7.935],[-77.613,7.537],[-77.74,7.719],[-77.896,7.235],[-77.689,7.055],[-77.683,6.876],[-77.343,6.544],[-77.484,6.189],[-77.246,5.787],[-77.408,5.465],[-77.254,4.242],[-77.285,4.211],[-77.435,4.153],[-77.195,3.758],[-77.465,3.302],[-77.722,2.982],[-77.778,2.578],[-78.074,2.647],[-78.087,2.511],[-78.334,2.647],[-78.703,2.19],[-78.571,1.782],[-78.846,1.822],[-79.022,1.638],[-78.829,1.434],[-78.478,1.187]]],[[[-81.711,12.523],[-81.686,12.58],[-81.717,12.563],[-81.711,12.523]]]]},"properties":{"name":"Colombia","country_code":"CO"}},
{"type":"Feature","geometry":{"type":"Polygon","coordinates":[[[-62.341,-22.472],[-61.956,-23.034],[-61.492,-23.413],[-61.11,-23.607],[-60.788,-23.873],[-60.328,-24.018],[-60.034,-24.007],[-59.341,-24.488],[-58.809,-24.777],[-57.89,-25.079],[-57.672,-25.29],[-57.598,-25.403],[-57.82,-25.85],[-58.17,-26.27],[-58.248,-26.758],[-58.351,-26.886],[-58.653,-27.156],[-58.604,-27.316],[-58.022,-27.26],[-57.31,-27.429],[-56.638,-27.453],[-56.368,-27.581],[-56.28,-27.39],[-55.966,-27.332],[-55.755,-27.444],[-55.431,-26.996],[-55.138,-26.954],[-54.793,-26.645],[-54.665,-26.239],[-54.6,-25.575],[-54.358,-24.731],[-54.246,-24.05],[-54.639,-23.804],[-54.944,-23.969],[-55.398,-23.977],[-55.534,-23.53],[-55.638,-23.001],[-55.631,-22.627],[-55.874,-22.317],[-56.197,-22.279],[-56.422,-22.074],[-56.843,-22.289],[-57.214,-22.188],[-57.973,-22.081],[-57.818,-20.954],[-57.981,-20.693],[-57.989,-20.433],[-58.159,-20.165],[-58.175,-19.821],[-59.09,-19.287],[-60.006,-19.298],[-61.761,-19.658],[-61.925,-20.065],[-62.211,-20.471],[-62.272,-21],[-62.65,-22.234],[-62.341,-22.472]]]},"properties":{"name":"Paraguay","country_code":"PY"}},
{"type":"Feature","geometry":{"type":"MultiPolygon","coordinates":[[[[-7.226,38.766],[-6.973,39.014],[-7.251,39.271],[-7.556,39.677],[-7.036,39.689],[-6.88,40.009],[-6.942,40.255],[-6.875,40.279],[-6.814,40.647],[-6.927,41.048],[-6.482,41.303],[-6.206,41.57],[-6.577,41.74],[-6.568,41.926],[-6.983,41.963],[-7.209,41.889],[-8.05,41.816],[-8.179,41.813],[-8.222,42.154],[-8.751,41.969],[-8.82,41.618],[-8.775,41.468],[-8.655,41.017],[-8.642,40.694],[-8.788,40.523],[-8.902,40.047],[-9.09,39.579],[-9.348,39.292],[-9.492,38.708],[-9.113,38.714],[-9.107,38.814],[-8.923,39.049],[-8.792,39.082],[-8.79,39.071],[-8.943,38.776],[-9.052,38.694],[-9.253,38.665],[-9.2,38.412],[-8.955,38.505],[-8.774,38.187],[-8.801,37.827],[-8.808,37.449],[-8.998,37.021],[-8.627,37.121],[-7.82,36.999],[-7.414,37.193],[-7.515,37.528],[-7.273,37.977],[-6.951,38.198],[-7.117,38.184],[-7.359,38.446],[-7.226,38.766]]],[[[-16.789,32.687],[-16.92,32.841],[-17.252,32.815],[-16.977,32.647],[-16.789,32.687]]],[[[-25.198,37.864],[-25.859,37.854],[-25.506,37.707],[-25.198,37.864]]],[[[-28.109,38.447],[-28.375,38.55],[-28.46,38.406],[-28.109,38.447]]]]},"properties":{"name":"Portugal","country_code":"PT"}},
{"type":"Feature","geometry":{"type":"Polygon","coordinates":[[[27.048,48.121],[27.178,47.942],[27.288,47.751],[27.429,47.578],[27.431,47.573],[27.589,47.367],[28.038,47.015],[28.105,46.92],[28.123,46.842],[28.245,46.631],[28.227,46.396],[28.111,46.101],[28.108,46.096],[28.199,45.462],[28.27,45.521],[28.504,45.566],[28.564,45.735],[28.957,46.001],[28.984,46.221],[29.056,46.499],[29.183,46.538],[29.457,46.484],[30.081,46.374],[29.899,46.553],[29.928,46.81],[29.561,46.961],[29.557,47.324],[29.371,47.304],[29.137,47.484],[29.236,47.871],[28.936,47.942],[28.862,48.001],[28.5,48.109],[28.003,48.326],[27.885,48.378],[27.504,48.472],[27.252,48.378],[26.843,48.394],[26.618,48.259],[27.048,48.121]]]},"properties":{"name":"Moldova","country_code":"MD"}},
{"type":"Feature","geometry":{"type":"Polygon","coordinates":[[[64.368,38.94],[64.121,38.962],[63.478,39.403],[62.453,40.009],[62.353,40.43],[62.187,40.506],[61.878,41.125],[61.47,41.297],[61.281,41.157],[61.004,41.23],[60.415,41.235],[60.094,41.39],[60.141,41.874],[59.932,41.948],[60.028,42.2],[59.478,42.286],[59.122,42.538],[58.894,42.548],[58.612,42.781],[58.493,42.645],[58.131,42.639],[58.494,42.306],[57.998,42.493],[57.85,42.191],[57.382,42.164],[56.95,41.866],[57.01,41.254],[56.534,41.299],[55.978,41.322],[55.43,41.291],[54.907,41.932],[54.195,42.318],[53.412,42.258],[52.979,42.127],[52.438,41.749],[52.816,41.389],[52.821,41.765],[53.164,42.104],[53.897,42.079],[54.089,41.475],[54.716,41.115],[54.76,40.965],[54.331,40.72],[53.721,40.626],[53.542,40.762],[53.107,40.774],[52.931,40.976],[52.737,40.485],[52.738,40.054],[53.567,39.95],[53.415,39.782],[53.712,39.543],[53.095,39.42],[53.581,39.33],[53.684,39.083],[53.978,38.902],[53.827,38.525],[53.825,37.745],[53.914,37.343],[54.187,37.324],[54.784,37.517],[54.857,37.761],[55.423,38.076],[56.167,38.081],[56.436,38.255],[57.038,38.187],[57.138,38.262],[57.352,37.968],[57.735,37.898],[58.372,37.63],[58.801,37.695],[59.352,37.494],[59.37,37.319],[60.019,37.026],[60.342,36.637],[61.075,36.648],[61.223,36.118],[61.27,35.618],[61.419,35.546],[61.539,35.452],[62.034,35.424],[62.302,35.148],[62.823,35.328],[63.08,35.437],[63.343,35.856],[63.906,36.032],[64.445,36.25],[64.729,36.851],[64.76,37.093],[65.063,37.233],[65.488,37.242],[65.669,37.521],[66.251,37.36],[66.52,37.364],[66.519,37.783],[66.637,37.967],[65.877,38.273],[65.604,38.237],[64.368,38.94]]]},"properties":{"name":"Turkmenistan","country_code":"TM"}},
{"type":"Feature","geometry":{"type":"Polygon","coordinates":[[[35.561,32.385],[35.56,32.19],[35.502,31.685],[35.458,31.492],[35.457,31.434],[35.347,30.923],[35.264,30.72],[34.956,29.559],[34.949,29.352],[35.74,29.232],[36.069,29.2],[36.477,29.495],[36.756,29.866],[37.47,29.995],[37.635,30.313],[37.981,30.499],[37.222,31.247],[36.998,31.501],[37.761,31.696],[37.987,31.753],[38.963,31.994],[39.146,32.118],[39.236,32.353],[39.057,32.497],[38.775,33.372],[38.316,33.131],[37.495,32.69],[36.819,32.317],[36.517,32.357],[36.082,32.516],[35.77,32.748],[35.758,32.744],[35.563,32.644],[35.561,32.385]]]},"properties":{"name":"Jordan","country_code":"JO"}},
{"type":"Feature","geometry":{"type":"Polygon","coordinates":[[[81.268,30.072],[81.084,30.028],[80.996,30.197],[80.884,30.21],[80.476,29.806],[80.214,29.417],[80.28,29.31],[80.073,28.821],[80.493,28.576],[80.534,28.68],[81.047,28.389],[81.307,28.124],[81.883,27.849],[82.05,27.906],[82.402,27.677],[82.674,27.696],[82.752,27.495],[83.361,27.462],[83.853,27.346],[83.922,27.45],[84.08,27.51],[84.577,27.329],[84.64,27.028],[85.355,26.76],[85.599,26.854],[85.822,26.572],[86.146,26.601],[86.714,26.415],[86.935,26.52],[87.326,26.353],[87.649,26.41],[87.975,26.367],[88.087,26.539],[88.169,26.744],[87.971,27.103],[88.005,27.249],[88.118,27.861],[87.679,27.813],[87.156,27.826],[86.982,27.951],[86.544,28.093],[86.517,27.971],[86.203,28.003],[86.055,27.888],[85.693,28.335],[85.612,28.251],[85.082,28.332],[85.168,28.583],[84.678,28.604],[84.225,28.914],[84.099,29.247],[83.655,29.16],[83.517,29.192],[83.162,29.625],[82.837,29.66],[82.542,29.923],[82.145,30.069],[82.089,30.33],[81.388,30.374],[81.268,30.072]]]},"properties":{"name":"Nepal","country_code":"NP"}},
{"type":"Feature","geometry":{"type":"Polygon","coordinates":[[[28.859,-28.773],[28.828,-28.76],[28.634,-28.571],[28.218,-28.701],[27.747,-28.909],[27.634,-29.091],[27.511,-29.271],[27.3,-29.52],[27.015,-29.626],[27.171,-29.921],[27.378,-30.312],[27.533,-30.393],[27.744,-30.6],[28.079,-30.659],[28.216,-30.267],[28.356,-30.173],[29.016,-29.979],[29.114,-29.753],[29.275,-29.528],[29.436,-29.342],[29.312,-29.09],[28.859,-28.773]]]},"properties":{"name":"Lesotho","country_code":"LS"}},
{"type":"Feature","geometry":{"type":"Polygon","coordinates":[[[11.322,2.166],[11.352,2.301],[12.334,2.31],[12.75,2.237],[13.243,2.271],[13.295,2.161],[13.662,2.158],[14.433,2.132],[14.562,2.209],[14.892,2.006],[15.234,2.031],[15.765,1.909],[16.159,1.735],[16.065,1.979],[16.197,2.236],[16.09,2.51],[16.092,2.863],[15.786,3.108],[15.262,3.663],[15.026,4.026],[15.001,4.403],[14.717,4.622],[14.66,5.011],[14.631,5.738],[14.433,6.079],[14.719,6.258],[14.922,6.686],[15.042,6.791],[15.247,7.267],[15.481,7.523],[15.563,7.792],[15.441,7.839],[15.211,8.422],[14.35,9.168],[13.948,9.638],[14.196,9.979],[14.732,9.924],[15.681,9.991],[15.301,10.312],[15.066,10.793],[15.029,11.08],[15.136,11.531],[15.041,12.056],[15.012,12.109],[14.905,12.249],[14.819,12.639],[14.585,12.746],[14.481,13.001],[14.065,13.078],[14.18,12.386],[14.514,12.324],[14.67,12.167],[14.547,11.719],[14.594,11.496],[14.165,11.238],[13.982,11.276],[13.75,10.942],[13.566,10.679],[13.393,10.117],[13.248,10.079],[13.195,9.542],[12.862,9.383],[12.806,8.832],[12.227,8.386],[12.234,8.188],[12.198,7.975],[11.904,7.454],[11.737,7.263],[11.881,7.102],[11.562,6.876],[11.51,6.612],[11.202,6.437],[10.832,6.945],[10.603,7.058],[10.496,6.875],[10.119,6.994],[9.77,6.774],[9.694,6.534],[9.645,6.521],[9.489,6.418],[8.856,5.847],[8.894,5.622],[8.799,5.16],[8.594,4.815],[8.51,4.527],[8.936,4.553],[8.971,4.101],[9.332,3.922],[9.453,4.077],[9.503,4.102],[9.619,3.96],[9.642,3.539],[9.929,3.269],[9.8,2.342],[9.991,2.166],[10.19,2.166],[10.41,2.166],[11.322,2.166]]]},"properties":{"name":"Cameroon","country_code":"CM"}},
{"type":"Feature","geometry":{"type":"Polygon","coordinates":[[[11.322,2.166],[11.332,1.733],[11.336,0.999],[10.964,1],[10.415,1.002],[10,1],[9.804,0.998],[9.562,0.963],[9.642,0.599],[9.316,0.626],[9.498,0.291],[9.82,0.119],[9.498,0.109],[9.307,0.319],[9.306,-0.272],[9.005,-0.805],[8.696,-0.587],[9.03,-1.299],[9.355,-1.351],[9.271,-1.877],[9.962,-2.745],[10.635,-3.314],[10.646,-3.452],[10.985,-3.715],[11.114,-3.937],[11.213,-3.697],[11.483,-3.509],[11.841,-3.71],[11.944,-3.303],[11.688,-3.171],[11.778,-3.027],[11.536,-2.805],[11.558,-2.349],[12.062,-2.415],[12.459,-2.33],[12.45,-1.899],[12.741,-1.891],[12.994,-2.36],[13.469,-2.435],[13.743,-2.097],[13.885,-2.488],[14.101,-2.478],[14.252,-1.968],[14.369,-1.922],[14.463,-1.549],[14.439,-1.186],[14.392,-1.023],[14.499,-0.631],[14.121,-0.302],[13.831,-0.205],[13.888,-0.092],[13.871,0.196],[14.076,0.539],[14.232,0.543],[14.468,0.913],[14.22,1.355],[13.795,1.434],[13.543,1.283],[13.185,1.223],[13.162,1.9],[13.295,2.161],[13.243,2.271],[12.75,2.237],[12.334,2.31],[11.352,2.301],[11.322,2.166]]]},"properties":{"name":"Gabon","country_code":"GA"}},
{"type":"Feature","geometry":{"type":"Polygon","coordinates":[[[6.284,13.668],[6.754,13.175],[7.063,12.995],[7.756,13.327],[8.247,13.211],[8.679,12.924],[8.978,12.843],[9.648,12.831],[9.93,13.146],[10.648,13.369],[11.44,13.364],[12.058,13.117],[12.387,13.079],[13.029,13.539],[13.36,13.714],[13.607,13.704],[13.449,14.38],[13.608,14.518],[13.834,15.02],[14.369,15.75],[15.469,16.905],[15.49,17.125],[15.568,18],[15.736,19.904],[15.954,20.375],[15.544,20.799],[15.609,20.951],[15.18,21.507],[15.172,21.993],[14.98,22.996],[14.232,22.618],[13.482,23.18],[11.969,23.517],[9.723,22.193],[8.634,21.552],[7.483,20.873],[5.838,19.479],[5.749,19.434],[4.229,19.142],[4.23,18.645],[4.232,17.975],[4.236,16.996],[4.184,16.416],[4.061,16.298],[3.874,15.721],[3.527,15.496],[3.507,15.354],[3.073,15.427],[3,15.339],[1.332,15.284],[0.974,14.991],[0.67,14.94],[0.221,14.996],[0.218,14.911],[0.202,14.436],[0.5,13.851],[0.621,13.68],[0.951,13.583],[1.168,13.313],[0.984,13.368],[0.972,13.086],[1.305,12.839],[1.536,12.647],[1.826,12.604],[2.109,12.706],[2.245,12.424],[2.071,12.307],[2.39,11.897],[2.361,12.219],[2.844,12.399],[3.596,11.696],[3.646,12.529],[3.929,12.75],[4.12,13.211],[4.126,13.473],[4.626,13.723],[5.274,13.753],[5.554,13.873],[6.12,13.654],[6.284,13.668]]]},"properties":{"name":"Niger","country_code":"NE"}},
{"type":"Feature","geometry":{"type":"Polygon","coordinates":[[[2.39,11.897],[2.071,12.307],[2.245,12.424],[2.109,12.706],[1.826,12.604],[1.536,12.647],[1.305,12.839],[0.972,13.086],[0.984,13.368],[1.168,13.313],[0.951,13.583],[0.621,13.68],[0.5,13.851],[0.202,14.436],[0.218,14.911],[-0.5,15.08],[-0.771,15.057],[-1.043,14.818],[-1.697,14.496],[-1.967,14.484],[-2.085,14.16],[-2.462,14.281],[-2.676,14.142],[-2.841,14.043],[-2.93,13.639],[-3.267,13.717],[-3.249,13.293],[-3.474,13.168],[-3.984,13.396],[-3.965,13.489],[-4.351,13.118],[-4.245,12.729],[-4.464,12.717],[-4.387,12.53],[-4.653,12.072],[-4.732,12.037],[-5.168,11.944],[-5.282,11.836],[-5.218,11.422],[-5.322,11.136],[-5.506,11.048],[-5.431,10.845],[-5.523,10.425],[-5.12,10.294],[-4.966,9.901],[-4.681,9.682],[-4.322,9.609],[-4.253,9.75],[-3.892,9.894],[-3.203,9.908],[-2.764,9.392],[-2.689,9.489],[-2.743,9.653],[-2.788,10.092],[-2.92,10.711],[-2.729,10.986],[-1.424,11.018],[-1.414,11.014],[-0.703,10.994],[-0.635,10.908],[-0.302,11.163],[-0.166,11.135],[-0.115,11.125],[0.375,11.026],[0.488,10.933],[0.901,10.993],[1.119,11.048],[1.423,11.454],[2.015,11.432],[2.291,11.675],[2.39,11.897]]]},"properties":{"name":"Burkina Faso","country_code":"BF"}},
{"type":"Feature","geometry":{"type":"Polygon","coordinates":[[[0.901,10.993],[0.488,10.933],[0.375,11.026],[-0.115,11.125],[-0.166,11.135],[0.016,11.063],[-0.092,10.7],[0.177,10.398],[0.397,10.283],[0.395,10.036],[0.23,9.576],[0.531,9.401],[0.431,9.028],[0.484,8.835],[0.368,8.761],[0.705,8.283],[0.574,8.204],[0.603,7.893],[0.499,7.562],[0.646,7.324],[0.519,6.832],[0.713,6.534],[1.185,6.1],[1.62,6.214],[1.782,6.277],[1.589,6.72],[1.564,6.903],[1.623,7.536],[1.623,7.622],[1.604,8.367],[1.607,8.589],[1.601,9.05],[1.42,9.292],[1.344,9.955],[0.997,10.217],[0.769,10.367],[0.781,10.693],[0.901,10.993]]]},"properties":{"name":"Togo","country_code":"TG"}},
{"type":"Feature","geometry":{"type":"Polygon","coordinates":[[[-0.166,11.135],[-0.302,11.163],[-0.635,10.908],[-0.703,10.994],[-1.414,11.014],[-1.424,11.018],[-2.729,10.986],[-2.92,10.711],[-2.788,10.092],[-2.743,9.653],[-2.689,9.489],[-2.775,9.055],[-2.603,8.785],[-2.506,8.209],[-2.84,7.82],[-3.097,7.054],[-3.263,6.617],[-3.172,6.25],[-2.97,5.621],[-2.782,5.579],[-2.757,5.18],[-2.844,5.149],[-3.115,5.108],[-3.12,5.091],[-2.357,4.92],[-2.091,4.737],[-1.569,5.019],[-0.997,5.217],[-0.8,5.215],[-0.359,5.499],[0.322,5.779],[0.674,5.759],[0.914,5.777],[1.185,6.1],[0.713,6.534],[0.519,6.832],[0.646,7.324],[0.499,7.562],[0.603,7.893],[0.574,8.204],[0.705,8.283],[0.368,8.761],[0.484,8.835],[0.431,9.028],[0.531,9.401],[0.23,9.576],[0.395,10.036],[0.397,10.283],[0.177,10.398],[-0.092,10.7],[0.016,11.063],[-0.166,11.135]]]},"properties":{"name":"Ghana","country_code":"GH"}},
{"type":"Feature","geometry":{"type":"MultiPolygon","coordinates":[[[[-13.728,12.673],[-14.343,12.676],[-14.872,12.678],[-15.146,12.679],[-15.422,12.557],[-15.884,12.442],[-16.233,12.453],[-16.728,12.333],[-16.134,11.889],[-15.706,12.008],[-15.959,11.735],[-15.677,11.805],[-15.546,11.898],[-14.994,11.958],[-14.925,11.769],[-15.439,11.885],[-15.428,11.68],[-15.341,11.683],[-15.507,11.358],[-15.273,11.42],[-15.41,11.19],[-15.23,10.995],[-15.021,10.967],[-14.687,11.511],[-14.432,11.561],[-14.015,11.637],[-13.73,11.71],[-13.724,12.003],[-13.973,12.152],[-13.695,12.292],[-13.728,12.673]]],[[[-16.049,11.118],[-16.138,11.187],[-16.213,11.056],[-16.049,11.118]]]]},"properties":{"name":"Guinea-Bissau","country_code":"GW"}},
{"type":"Feature","geometry":{"type":"Polygon","coordinates":[[[-5.358,36.141],[-5.342,36.111],[-5.339,36.141],[-5.358,36.141]]]},"properties":{"name":"Gibraltar","country_code":"GI"}},
{"type":"Feature","geometry":{"type":"MultiPolygon","coordinates":[[[[-122.753,48.993],[-122.44,48.581],[-122.647,48.404],[-122.213,47.987],[-122.406,47.778],[-122.325,47.391],[-122.722,47.089],[-123.029,47.122],[-122.846,47.316],[-122.569,47.264],[-122.468,47.757],[-122.868,48.119],[-124.05,48.177],[-124.575,48.37],[-124.735,48.17],[-124.423,47.742],[-124.172,47.042],[-123.813,46.959],[-124.13,46.886],[-123.9,46.747],[-124.064,46.356],[-123.873,46.24],[-123.18,46.179],[-123.99,46.201],[-123.896,45.56],[-124.065,44.823],[-124.151,43.882],[-124.548,42.845],[-124.415,42.662],[-124.433,42.329],[-124.215,42],[-124.062,41.436],[-124.111,41.042],[-124.409,40.444],[-124.364,40.261],[-123.854,39.834],[-123.726,38.919],[-123.129,38.449],[-122.907,38.032],[-122.528,37.816],[-122.502,38.114],[-122.039,37.451],[-122.515,37.781],[-122.404,37.195],[-121.79,36.806],[-121.978,36.575],[-121.288,35.665],[-120.645,35.139],[-120.648,34.586],[-120.473,34.45],[-119.617,34.421],[-119.21,34.152],[-118.807,33.999],[-118.544,34.039],[-118.412,33.742],[-118.091,33.731],[-117.509,33.335],[-117.322,33.109],[-117.257,32.702],[-117.125,32.532],[-114.724,32.713],[-114.819,32.499],[-112.325,31.728],[-111.067,31.334],[-109.047,31.327],[-108.968,31.327],[-108.215,31.327],[-108.215,31.778],[-106.506,31.77],[-105.364,30.85],[-105.008,30.677],[-104.682,30.193],[-104.531,29.668],[-104.057,29.339],[-103.312,29.026],[-103.148,28.985],[-102.899,29.276],[-102.683,29.744],[-102.321,29.894],[-102.109,29.802],[-101.405,29.778],[-100.669,29.116],[-100.284,28.297],[-100.075,28.154],[-99.807,27.771],[-99.711,27.67],[-99.507,27.574],[-99.462,27.057],[-99.248,26.827],[-99.085,26.408],[-98.796,26.368],[-98.223,26.075],[-97.802,26.064],[-97.425,25.855],[-97.139,25.966],[-97.311,26.123],[-97.55,27.009],[-97.184,27.837],[-97.025,28.041],[-97.218,28.075],[-96.404,28.435],[-96.445,28.597],[-95.602,28.764],[-95.159,29.046],[-94.889,29.376],[-94.986,29.675],[-94.704,29.751],[-94.654,29.452],[-94.06,29.682],[-93.798,29.986],[-93.831,29.7],[-93.2,29.773],[-92.276,29.534],[-92.135,29.736],[-91.848,29.831],[-91.534,29.534],[-91.267,29.496],[-91.328,29.295],[-90.884,29.134],[-90.641,29.141],[-90.426,29.35],[-90.229,29.087],[-90.051,29.229],[-90.182,29.579],[-89.75,29.392],[-89.818,29.316],[-89.151,29.048],[-89.032,29.217],[-89.545,29.408],[-89.702,29.71],[-89.332,29.88],[-89.479,30.08],[-89.62,29.88],[-89.811,29.947],[-89.64,30.141],[-90.037,30.04],[-90.433,30.143],[-90.222,30.388],[-89.526,30.193],[-88.859,30.408],[-88.402,30.388],[-88.12,30.338],[-88.023,30.724],[-87.941,30.483],[-87.655,30.252],[-87.42,30.48],[-87.447,30.313],[-87.446,30.298],[-87.157,30.475],[-87.045,30.39],[-86.207,30.505],[-86.365,30.381],[-85.671,30.123],[-85.302,29.798],[-85.346,29.678],[-84.887,29.73],[-84.384,30.032],[-84.024,30.107],[-83.681,29.921],[-83.405,29.532],[-83.024,29.175],[-82.801,29.175],[-82.631,28.873],[-82.664,28.448],[-82.829,27.805],[-82.398,27.796],[-82.698,27.455],[-82.314,26.849],[-82.057,26.866],[-82.039,26.528],[-81.844,26.414],[-81.718,25.908],[-81.322,25.783],[-81.087,25.121],[-80.506,25.201],[-80.141,25.901],[-80.054,26.557],[-80.076,26.973],[-80.738,28.373],[-80.609,28.61],[-80.922,29.068],[-81.239,29.737],[-81.5,30.712],[-81.522,30.854],[-81.27,31.275],[-81.333,31.544],[-80.89,32.033],[-80.331,32.486],[-79.183,33.184],[-78.938,33.642],[-78.573,33.883],[-78.032,33.892],[-77.668,34.376],[-77.137,34.682],[-76.523,34.732],[-76.336,34.899],[-76.94,34.98],[-76.561,35.124],[-76.575,35.497],[-76.065,35.384],[-75.722,35.829],[-75.853,35.98],[-76.73,35.945],[-76.057,36.169],[-75.786,36.082],[-76.032,36.55],[-76.013,36.55],[-75.901,36.496],[-75.909,36.549],[-75.943,36.55],[-75.967,36.55],[-75.963,36.709],[-75.881,36.549],[-75.853,36.549],[-75.989,36.912],[-76.476,36.908],[-76.296,37.014],[-76.443,37.372],[-76.245,37.45],[-76.923,37.981],[-76.321,37.624],[-76.248,37.903],[-76.615,38.15],[-76.882,38.177],[-77.041,38.396],[-77.35,38.41],[-77.068,38.902],[-77.023,38.803],[-77.267,38.494],[-77.032,38.481],[-76.839,38.257],[-76.321,38.139],[-76.512,38.528],[-76.537,38.892],[-76.325,39.408],[-75.935,39.604],[-76.273,39.152],[-76.106,38.878],[-76.31,38.761],[-76.012,38.566],[-76.319,38.474],[-75.78,38.155],[-75.858,37.931],[-75.648,37.966],[-75.935,37.576],[-75.887,37.357],[-75.377,38.015],[-75.084,38.454],[-75.058,38.453],[-75.044,38.454],[-75.084,38.796],[-75.394,39.056],[-75.605,39.617],[-75.424,39.807],[-75.024,40.016],[-75.44,39.777],[-75.532,39.478],[-75.146,39.187],[-74.887,39.147],[-74.875,38.945],[-74.093,39.776],[-73.972,40.328],[-74.283,40.497],[-73.907,40.991],[-73.927,40.805],[-73.643,41.001],[-72.892,41.245],[-71.86,41.321],[-71.498,41.366],[-71.356,41.746],[-71.237,41.71],[-71.194,41.677],[-71.122,41.513],[-70.658,41.722],[-70.686,41.531],[-69.939,41.674],[-70.533,41.816],[-70.716,42.212],[-71.038,42.308],[-70.878,42.538],[-70.597,42.634],[-70.814,42.877],[-70.744,43.084],[-69.951,43.849],[-69.828,43.698],[-69.513,43.835],[-69.364,44.061],[-69.076,44.053],[-68.987,44.421],[-68.541,44.237],[-68.574,44.411],[-67.196,44.644],[-66.977,44.816],[-67.176,45.179],[-67.475,45.282],[-67.45,45.611],[-67.8,45.7],[-67.805,47.036],[-68.197,47.341],[-68.906,47.19],[-69.064,47.291],[-69.268,47.44],[-70.008,46.704],[-70.407,45.732],[-70.687,45.573],[-70.907,45.246],[-71.085,45.304],[-71.334,45.289],[-71.506,45.014],[-73.351,45.005],[-74.713,44.999],[-75.27,44.864],[-76.455,44.084],[-76.842,43.626],[-78.688,43.632],[-79.174,43.465],[-79.054,43.26],[-79.019,42.803],[-79.763,42.538],[-80.52,42.324],[-81.277,42.209],[-82.425,41.677],[-82.711,41.68],[-83.131,41.938],[-83.129,42.24],[-82.511,42.647],[-82.411,43.051],[-82.154,43.55],[-82.532,45.294],[-83.484,45.772],[-83.614,46.116],[-83.965,46.063],[-84.11,46.526],[-84.589,46.475],[-84.879,46.898],[-86.637,47.624],[-88.347,48.299],[-89.34,47.984],[-89.499,47.995],[-90.179,48.116],[-90.786,48.1],[-90.923,48.227],[-91.428,48.036],[-92.043,48.335],[-92.385,48.232],[-92.649,48.536],[-93.258,48.63],[-93.757,48.517],[-94.711,48.808],[-94.827,49.293],[-95.161,49.369],[-95.177,48.993],[-97.226,48.993],[-99.793,48.993],[-101.364,48.993],[-104.048,48.993],[-106.607,48.993],[-108.146,48.993],[-109.999,48.993],[-111.443,48.993],[-114.064,48.993],[-116.048,48.993],[-117.038,48.993],[-119.796,48.993],[-122.753,48.993]]],[[[-71.919,41.065],[-73.486,40.946],[-73.909,40.789],[-73.988,40.569],[-72.879,40.746],[-71.919,41.065]]],[[[-139.06,60],[-139.102,60.347],[-139.628,60.334],[-140.016,60.187],[-141.001,60.321],[-141.002,61.633],[-141.003,63.382],[-141.003,64.549],[-141.004,66.59],[-141.005,67.756],[-141.006,69.651],[-141.413,69.65],[-142.601,70.013],[-143.3,70.117],[-144.59,69.983],[-145.301,70],[-145.88,70.175],[-147.124,70.168],[-149.489,70.523],[-151.98,70.449],[-152.63,70.559],[-152.219,70.818],[-153.302,70.929],[-154.131,70.791],[-155.21,71.123],[-155.577,70.846],[-156.072,70.974],[-155.625,71.184],[-156.817,71.306],[-158.043,70.837],[-159.668,70.805],[-160.861,70.347],[-161.906,70.321],[-162.95,69.79],[-163.126,69.39],[-163.623,69.119],[-164.346,68.929],[-166.237,68.875],[-166.24,68.564],[-166.548,68.359],[-164.151,67.62],[-163.688,67.103],[-162.435,66.991],[-161.835,67.055],[-161.868,66.706],[-161.482,66.534],[-160.881,66.672],[-160.219,66.532],[-160.785,66.374],[-161.193,66.536],[-161.607,66.454],[-162.081,66.666],[-162.327,66.96],[-162.639,66.9],[-161.867,66.481],[-160.997,66.241],[-161.571,66.258],[-161.895,65.979],[-162.179,66.076],[-163.68,66.079],[-163.903,66.207],[-163.736,66.603],[-164.718,66.556],[-167.346,65.899],[-168.081,65.591],[-167.399,65.401],[-166.14,65.286],[-166.962,65.154],[-166.39,64.899],[-166.19,64.585],[-165.036,64.448],[-164.389,64.57],[-163.537,64.565],[-163.135,64.413],[-162.081,64.721],[-161.422,64.774],[-161.183,64.94],[-160.803,64.643],[-161.429,64.433],[-160.973,64.25],[-160.792,63.747],[-161.186,63.506],[-162.169,63.431],[-163.351,63.031],[-164.145,63.262],[-164.595,63.13],[-164.883,62.842],[-164.779,62.619],[-165.133,62.516],[-165.706,62.117],[-165.609,61.851],[-166.103,61.821],[-165.782,61.684],[-166.2,61.595],[-165.129,60.923],[-163.958,60.868],[-163.424,60.765],[-163.644,60.602],[-163.956,60.78],[-164.669,60.826],[-165.431,60.553],[-164.674,60.295],[-164.115,60.005],[-164.098,59.834],[-163.615,59.801],[-162.526,59.998],[-162.317,60.113],[-161.714,59.501],[-162.052,59.27],[-161.717,58.755],[-162.176,58.645],[-161.364,58.66],[-160.352,59.071],[-159.906,58.765],[-159.587,58.907],[-159.051,58.425],[-158.77,58.518],[-158.915,58.775],[-158.457,59.076],[-158.566,58.819],[-158.154,58.614],[-157.084,58.887],[-157.062,58.726],[-157.503,58.464],[-157.681,57.572],[-158.312,57.315],[-158.682,57.022],[-158.64,56.764],[-158.945,56.843],[-159.746,56.579],[-160.369,56.277],[-160.58,55.99],[-160.237,55.838],[-161.053,55.941],[-161.826,55.88],[-162.653,55.362],[-163.335,55.12],[-163.321,54.814],[-163.041,55.099],[-162.783,54.936],[-162.583,55.301],[-162.202,55.04],[-161.957,55.126],[-161.621,55.613],[-161.518,55.383],[-160.925,55.519],[-160.683,55.465],[-159.83,55.853],[-159.625,55.813],[-158.668,55.969],[-158.208,56.284],[-158.51,56.345],[-157.773,56.684],[-157.455,56.643],[-156.795,57.035],[-156.55,56.983],[-156.02,57.577],[-155.742,57.552],[-155.04,58.017],[-154.583,58.025],[-154.082,58.495],[-153.289,58.844],[-153.712,59.071],[-154.187,59.035],[-154.145,59.381],[-153.725,59.466],[-153.706,59.632],[-153.055,59.71],[-152.59,60.092],[-152.34,60.476],[-151.567,60.995],[-151.155,61.064],[-150.54,61.369],[-150.451,61.253],[-149.126,60.884],[-150.453,61.034],[-151.417,60.718],[-151.283,60.537],[-151.465,60.188],[-151.883,59.787],[-151.273,59.56],[-151.986,59.313],[-151.742,59.167],[-151.162,59.208],[-149.193,60.014],[-148.435,59.959],[-148.443,60.184],[-147.942,60.443],[-148.277,60.495],[-148.375,60.78],[-148.146,61.118],[-147.87,60.838],[-147.047,61.01],[-146.263,60.654],[-145.629,60.679],[-145.939,60.456],[-145.236,60.368],[-144.746,60.677],[-144.942,60.307],[-143.919,59.997],[-142.798,60.112],[-140.323,59.701],[-139.621,59.89],[-139.473,59.718],[-139.857,59.546],[-138.288,59.081],[-137.671,58.633],[-136.691,58.23],[-136.027,58.388],[-136.588,58.848],[-136.995,58.893],[-137.032,59.067],[-136.21,58.751],[-136.098,58.877],[-135.841,58.528],[-135.468,58.467],[-135.31,58.252],[-135.057,58.352],[-135.377,58.936],[-135.362,59.271],[-134.767,58.4],[-134.242,58.214],[-134.005,58.409],[-134.06,58.072],[-133.34,57.412],[-133.552,57.181],[-133.226,57.175],[-132.537,56.758],[-132.477,56.604],[-132.161,56.38],[-131.971,56.356],[-131.877,56.223],[-132.059,55.805],[-132.266,55.756],[-131.961,55.501],[-131.736,55.887],[-131.414,56.01],[-131.196,55.971],[-130.89,55.715],[-130.873,55.342],[-131.058,55.199],[-130.918,54.803],[-130.365,54.907],[-129.989,55.284],[-130.174,55.749],[-130.02,55.908],[-130.117,56.106],[-131.586,56.595],[-132.107,56.859],[-132.032,57.028],[-132.552,57.499],[-133.392,58.404],[-134.398,59.052],[-135.096,59.419],[-135.016,59.543],[-135.483,59.792],[-136.35,59.592],[-136.613,59.154],[-136.841,59.148],[-137.423,58.908],[-137.611,59.239],[-139.06,60]]],[[[-132.703,54.701],[-133.121,55.251],[-133.217,55.099],[-132.843,54.694],[-132.703,54.701]]],[[[-130.962,55.585],[-131.28,55.965],[-131.671,55.84],[-131.82,55.464],[-131.192,55.186],[-130.962,55.585]]],[[[-132.548,56.304],[-132.705,56.117],[-132.303,55.915],[-132.092,56.106],[-132.548,56.304]]],[[[-131.977,54.832],[-131.969,55.205],[-132.736,55.997],[-133.063,56.052],[-133.182,56.332],[-133.615,56.353],[-133.286,56.167],[-133.218,55.884],[-133.379,55.63],[-132.97,55.64],[-133.213,55.279],[-132.799,55.27],[-132.403,55.015],[-132.36,54.804],[-131.977,54.832]]],[[[-132.613,56.401],[-132.924,56.452],[-132.869,56.243],[-132.613,56.401]]],[[[-132.004,56.339],[-132.124,56.343],[-132.362,56.495],[-132.072,56.119],[-131.928,56.195],[-132.004,56.339]]],[[[-132.96,56.788],[-132.937,56.518],[-132.533,56.6],[-132.96,56.788]]],[[[-133.885,56.49],[-133.706,56.604],[-134.013,56.885],[-134.409,56.843],[-134.211,56.063],[-133.896,56.22],[-133.885,56.49]]],[[[-133.913,57.083],[-134.018,57.018],[-133.741,56.809],[-133.659,56.464],[-133.079,56.53],[-132.98,56.935],[-133.913,57.083]]],[[[-152.908,57.165],[-153.26,57.206],[-153.343,57.004],[-152.908,57.165]]],[[[-134.621,56.744],[-134.909,57.332],[-135.381,57.554],[-135.675,57.359],[-135.165,57.042],[-135.368,56.829],[-134.656,56.175],[-134.621,56.744]]],[[[-152.161,57.627],[-152.357,57.799],[-153.284,58.01],[-153.211,57.786],[-153.665,57.895],[-153.925,57.81],[-153.811,57.412],[-154.22,57.676],[-154.727,57.429],[-154.529,56.992],[-154.238,56.9],[-154.121,57.124],[-153.806,57.154],[-154.123,56.741],[-153.144,57.319],[-152.663,57.3],[-152.973,57.518],[-152.339,57.433],[-152.161,57.627]]],[[[-135.848,57.394],[-135.556,57.454],[-135.768,57.76],[-135.057,57.467],[-134.82,57.486],[-134.925,58.027],[-135.814,58.274],[-136.417,57.835],[-135.95,57.621],[-135.848,57.394]]],[[[-134.354,57.093],[-133.939,57.309],[-133.888,57.798],[-134.204,58.127],[-134.798,58.113],[-134.457,57.312],[-134.615,57.01],[-134.354,57.093]]],[[[-151.966,58.333],[-152.651,58.484],[-152.752,58.273],[-153.167,58.111],[-152.805,57.992],[-152.117,58.148],[-151.966,58.333]]],[[[-147.107,60.286],[-147.703,59.998],[-147.49,59.939],[-147.107,60.286]]],[[[-146.189,60.402],[-146.634,60.465],[-146.6,60.245],[-146.189,60.402]]],[[[-176.437,51.788],[-176.782,51.936],[-176.917,51.602],[-176.437,51.788]]],[[[-173.123,52.108],[-174.059,52.125],[-173.484,52.025],[-173.123,52.108]]],[[[-174.052,52.241],[-174.228,52.268],[-174.888,52.043],[-174.099,52.113],[-174.052,52.241]]],[[[-167.857,53.393],[-168.008,53.57],[-168.374,53.46],[-169.04,52.854],[-168.49,53.042],[-167.857,53.393]]],[[[-166.294,53.728],[-166.37,54.008],[-167.022,53.961],[-167.159,53.477],[-167.85,53.31],[-166.752,53.451],[-166.294,53.728]]],[[[173.377,52.83],[173.127,52.995],[172.66,53.009],[172.944,52.75],[173.377,52.83]]],[[[-163.074,54.688],[-163.373,54.793],[-163.572,55.057],[-164.547,54.883],[-164.958,54.585],[-164.845,54.423],[-164.406,54.436],[-164.133,54.623],[-163.623,54.612],[-163.369,54.765],[-163.074,54.688]]],[[[-160.497,55.195],[-160.854,55.332],[-160.819,55.12],[-160.497,55.195]]],[[[-165.582,59.951],[-165.684,60.3],[-166.131,60.431],[-166.874,60.211],[-167.436,60.195],[-166.613,59.856],[-166.157,59.827],[-165.582,59.951]]],[[[-168.741,63.281],[-170.085,63.486],[-170.297,63.696],[-170.937,63.572],[-171.616,63.694],[-171.853,63.521],[-171.439,63.32],[-170.856,63.46],[-169.867,63.144],[-169.756,62.966],[-169.287,63.193],[-168.741,63.281]]],[[[-154.9,19.567],[-155.087,19.86],[-155.332,20.047],[-155.867,20.263],[-155.824,20.02],[-156.06,19.731],[-155.886,19.334],[-155.878,19.029],[-155.675,18.906],[-155.503,19.138],[-154.982,19.339],[-154.9,19.567]]],[[[-156.002,20.8],[-156.298,20.953],[-156.666,21.003],[-156.408,20.587],[-156.003,20.686],[-156.002,20.8]]],[[[-156.749,21.171],[-157.26,21.222],[-157.273,21.087],[-156.87,21.053],[-156.749,21.171]]],[[[-157.707,21.352],[-157.962,21.705],[-158.279,21.575],[-158.094,21.294],[-157.707,21.352]]],[[[-159.301,22.151],[-159.717,22.158],[-159.76,21.979],[-159.437,21.869],[-159.301,22.151]]]]},"properties":{"name":"United States of America","country_code":"US"}},
{"type":"Feature","geometry":{"type":"MultiPolygon","coordinates":[[[[-117.038,48.993],[-116.048,48.993],[-114.064,48.993],[-111.443,48.993],[-109.999,48.993],[-108.146,48.993],[-106.607,48.993],[-104.048,48.993],[-101.364,48.993],[-99.793,48.993],[-97.226,48.993],[-95.177,48.993],[-95.161,49.369],[-94.827,49.293],[-94.711,48.808],[-93.757,48.517],[-93.258,48.63],[-92.649,48.536],[-92.385,48.232],[-92.043,48.335],[-91.428,48.036],[-90.923,48.227],[-90.786,48.1],[-90.179,48.116],[-89.499,47.995],[-89.34,47.984],[-88.347,48.299],[-86.637,47.624],[-84.879,46.898],[-84.589,46.475],[-84.11,46.526],[-83.965,46.063],[-83.614,46.116],[-83.484,45.772],[-82.532,45.294],[-82.154,43.55],[-82.411,43.051],[-82.511,42.647],[-83.129,42.24],[-83.131,41.938],[-82.711,41.68],[-82.425,41.677],[-81.277,42.209],[-80.52,42.324],[-79.763,42.538],[-79.019,42.803],[-79.054,43.26],[-79.174,43.465],[-78.688,43.632],[-76.842,43.626],[-76.455,44.084],[-75.27,44.864],[-74.713,44.999],[-74.346,45.221],[-73.962,45.354],[-74.043,45.484],[-73.495,45.728],[-72.994,46.211],[-72.603,46.301],[-71.881,46.691],[-71.354,46.739],[-70.957,47.021],[-70.715,47.118],[-70.487,47.445],[-70.237,47.496],[-69.932,47.773],[-69.736,48.123],[-69.447,48.296],[-69.07,48.756],[-68.595,49.055],[-68.181,49.124],[-68.055,49.294],[-67.376,49.339],[-67.131,49.831],[-66.413,50.264],[-66.088,50.192],[-65.258,50.322],[-64.888,50.274],[-63.722,50.304],[-61.863,50.23],[-61.718,50.1],[-60.836,50.256],[-60.135,50.213],[-59.827,50.328],[-59.098,50.812],[-58.964,51.008],[-58.454,51.317],[-57.978,51.33],[-57.686,51.48],[-57.1,51.419],[-55.934,51.925],[-55.685,52.112],[-55.648,52.443],[-56.218,52.54],[-55.802,52.598],[-56.162,52.818],[-55.812,52.83],[-55.956,53.022],[-55.812,53.33],[-56.606,53.679],[-56.983,53.727],[-57.377,53.434],[-57.518,53.626],[-57.124,53.742],[-57.466,54.2],[-58.375,54.2],[-58.128,54.098],[-58.853,53.942],[-59.022,53.714],[-59.873,53.488],[-60.302,53.272],[-60.083,53.764],[-59.475,53.828],[-58.604,54.056],[-58.186,54.359],[-57.678,54.377],[-57.353,54.567],[-57.847,54.739],[-58.92,54.855],[-59.027,55.162],[-59.8,55.113],[-59.776,55.332],[-60.14,55.284],[-60.67,55.01],[-60.202,55.421],[-60.494,55.66],[-60.331,55.76],[-61.403,55.96],[-61.345,56.222],[-62.081,56.43],[-61.668,56.503],[-61.869,56.637],[-61.382,57.121],[-62.024,57.257],[-61.817,57.377],[-62.244,57.545],[-61.89,57.625],[-62.066,57.899],[-62.661,58.176],[-62.579,58.504],[-63.264,58.47],[-62.847,58.669],[-63.387,59.102],[-63.864,59.611],[-64.148,59.683],[-64.148,59.984],[-64.531,60.304],[-64.849,60.366],[-65.067,59.978],[-65.546,59.731],[-65.372,59.28],[-65.743,59.268],[-65.642,59.073],[-66.109,58.779],[-66.382,58.854],[-66.635,58.491],[-66.947,58.498],[-67.662,58.116],[-67.675,58.423],[-68.191,58.546],[-68.362,58.784],[-68.787,58.922],[-69.256,58.899],[-69.796,58.598],[-69.921,58.779],[-69.452,58.895],[-69.627,59.307],[-69.562,59.865],[-69.77,59.971],[-69.602,60.225],[-69.829,60.526],[-69.381,60.8],[-69.537,61.08],[-69.939,60.84],[-70.11,61.06],[-70.458,61.03],[-71.371,61.15],[-71.892,61.437],[-71.652,61.65],[-71.995,61.677],[-73.671,62.482],[-74.77,62.158],[-75.592,62.267],[-77.491,62.588],[-78.155,62.297],[-78.085,61.888],[-77.545,61.485],[-77.785,61.455],[-77.812,61.088],[-78.166,60.868],[-77.547,60.547],[-77.742,60.426],[-77.236,60.005],[-77.292,59.8],[-77.799,59.683],[-77.819,59.293],[-78.545,58.902],[-78.573,58.675],[-77.601,58.271],[-77.079,57.961],[-76.589,57.271],[-76.504,56.784],[-76.659,56.073],[-77.113,55.675],[-77.782,55.274],[-78.392,55.028],[-79.766,54.653],[-79.382,54.194],[-78.98,54.019],[-79.115,53.509],[-78.943,53.382],[-78.984,53.028],[-78.5,52.356],[-78.591,52.106],[-79.039,51.769],[-78.792,51.611],[-78.92,51.233],[-79.323,51.667],[-79.521,51.467],[-79.747,51.196],[-79.521,50.965],[-79.521,50.943],[-80.108,51.296],[-80.43,51.357],[-80.595,51.711],[-80.979,52.002],[-81.391,52.128],[-81.564,52.456],[-82.301,52.968],[-82.119,53.277],[-82.126,53.812],[-82.431,54.228],[-82.201,54.834],[-82.252,55.118],[-83.658,55.249],[-83.929,55.327],[-84.613,55.245],[-85.439,55.428],[-85.696,55.604],[-87.579,56.046],[-87.98,56.443],[-88.947,56.853],[-89.827,56.976],[-90.586,57.23],[-91.031,57.265],[-92.705,56.955],[-92.424,57.354],[-93.128,58.528],[-93.156,58.744],[-93.717,58.792],[-94.437,58.724],[-94.807,59.018],[-94.723,59.342],[-94.803,60],[-94.352,60.858],[-93.834,61.328],[-93.985,61.458],[-93.246,61.784],[-93.337,61.897],[-92.709,62.276],[-92.718,62.465],[-91.983,62.532],[-92.454,62.794],[-92.135,62.877],[-91.442,62.787],[-90.644,63.069],[-90.785,63.398],[-92.1,63.699],[-93.766,63.993],[-93.479,64.034],[-92.374,63.779],[-90.975,63.579],[-90.259,63.608],[-89.813,63.96],[-89.786,64.25],[-88.735,63.972],[-87.982,64.192],[-86.938,65.142],[-87.047,65.238],[-89.04,65.328],[-89.958,65.794],[-91.07,65.928],[-89.688,65.947],[-87.927,65.333],[-87.381,65.33],[-86.475,65.734],[-85.857,66.163],[-86.791,66.429],[-86.327,66.553],[-85.416,66.567],[-85.268,66.287],[-84.382,66.19],[-84.637,66.344],[-83.691,66.199],[-84.411,66.886],[-83.369,66.35],[-82.633,66.563],[-81.955,66.977],[-81.527,66.996],[-81.238,67.461],[-82.088,67.9],[-82.47,68.485],[-82.017,68.434],[-81.267,68.639],[-81.815,68.914],[-81.345,69.195],[-82.143,69.298],[-82.616,69.647],[-83.754,69.712],[-84.34,69.86],[-85.32,69.847],[-85.544,69.654],[-85.347,69.201],[-84.528,69.024],[-85.668,68.727],[-85.902,68.054],[-86.529,67.687],[-86.502,67.379],[-87.373,67.242],[-88.249,67.776],[-88.407,68.277],[-87.792,68.331],[-88.023,68.809],[-88.942,69.234],[-89.672,69.045],[-89.716,68.646],[-90.271,68.242],[-90.604,68.441],[-90.441,68.87],[-91.254,69.299],[-90.437,69.493],[-91.11,69.513],[-91.426,69.668],[-91.798,69.49],[-92.868,69.702],[-91.943,70.024],[-92.531,70.078],[-91.959,70.258],[-92.416,70.668],[-92.946,70.817],[-92.991,71.357],[-94.211,71.792],[-94.403,71.665],[-94.549,72.002],[-95.225,71.95],[-95.302,71.721],[-95.944,71.552],[-95.465,71.484],[-96.447,71.299],[-96.616,70.826],[-96.19,70.625],[-96.562,70.315],[-96.206,69.866],[-94.322,69.453],[-94.15,69.065],[-94.636,68.756],[-94.11,68.759],[-93.909,68.996],[-93.546,68.564],[-94.203,68.374],[-94.861,68.031],[-95.45,68.072],[-95.696,67.711],[-95.175,67.29],[-95.295,66.904],[-95.735,67.376],[-96.46,67.475],[-95.897,68.297],[-97.081,68.266],[-97.26,68.469],[-97.98,68.547],[-97.748,68.369],[-98.718,68.368],[-98.059,67.917],[-97.693,68.023],[-97.12,67.779],[-97.558,67.595],[-98.361,67.811],[-100.717,67.847],[-101.529,67.68],[-102.306,67.723],[-103.544,68.071],[-104.484,68.034],[-104.602,68.235],[-105.527,68.41],[-105.47,68.722],[-106.272,68.907],[-107.753,68.646],[-108.281,68.622],[-108.815,68.274],[-107.641,68.166],[-106.522,68.527],[-105.648,68.639],[-105.748,68.421],[-106.446,68.351],[-106.758,68.105],[-107.88,68.093],[-107.687,67.911],[-107.99,67.693],[-107.586,67.501],[-107.759,67.009],[-107.564,66.595],[-108.527,67.041],[-107.885,67.048],[-107.993,67.282],[-108.824,67.357],[-109.075,67.722],[-110.343,67.968],[-110.822,67.817],[-112.421,67.682],[-113.859,67.696],[-115.534,67.934],[-115.112,68.016],[-114.969,68.283],[-114.015,68.253],[-113.905,68.4],[-115.035,68.875],[-115.941,69.003],[-115.971,68.809],[-118.041,69.025],[-118.666,69.225],[-120.279,69.408],[-120.681,69.557],[-121.428,69.767],[-122.951,69.839],[-123.178,69.496],[-123.677,69.361],[-124.438,69.37],[-124.075,69.729],[-124.48,69.721],[-124.408,70.155],[-125.006,70.02],[-125.032,69.747],[-125.939,69.414],[-126.702,69.767],[-127.136,70.253],[-127.992,70.593],[-128.178,70.38],[-127.582,70.251],[-128.37,70.097],[-128.994,69.679],[-129.123,69.856],[-130.338,69.702],[-130.955,69.263],[-131.649,69.473],[-131.88,69.285],[-132.874,69.058],[-132.726,68.791],[-133.388,68.845],[-131.984,69.537],[-131.048,69.644],[-129.6,69.991],[-130.647,70.142],[-131.188,69.825],[-131.408,69.961],[-131.84,69.77],[-132.887,69.661],[-133.216,69.402],[-134.263,69.241],[-133.788,69.491],[-134.32,69.724],[-134.476,69.444],[-134.806,69.503],[-135.838,69.309],[-135.954,69.048],[-135.379,68.674],[-136.445,68.91],[-137.191,68.948],[-138.096,69.14],[-139.144,69.514],[-141.006,69.651],[-141.005,67.756],[-141.004,66.59],[-141.003,64.549],[-141.003,63.382],[-141.002,61.633],[-141.001,60.321],[-140.016,60.187],[-139.628,60.334],[-139.102,60.347],[-139.06,60],[-137.611,59.239],[-137.423,58.908],[-136.841,59.148],[-136.613,59.154],[-136.35,59.592],[-135.483,59.792],[-135.016,59.543],[-135.096,59.419],[-134.398,59.052],[-133.392,58.404],[-132.552,57.499],[-132.032,57.028],[-132.107,56.859],[-131.586,56.595],[-130.117,56.106],[-130.02,55.908],[-130.1,55.587],[-129.958,55.274],[-130.458,54.349],[-130.05,54.156],[-130.105,53.947],[-129.335,53.397],[-129.228,53.633],[-128.622,54.032],[-128.875,53.306],[-128.547,53.136],[-128.497,52.895],[-128.138,52.927],[-128.235,52.326],[-128.092,52.513],[-127.861,52.216],[-127.286,52.459],[-127.043,52.31],[-127.85,51.92],[-127.728,51.46],[-127.79,51.233],[-127.531,51.004],[-127.022,50.822],[-126.484,50.965],[-126.184,50.868],[-126.242,50.501],[-125.644,50.448],[-125.357,50.543],[-124.605,50.233],[-124.732,49.954],[-124.404,49.767],[-123.882,49.847],[-124.061,49.631],[-123.555,49.39],[-123.249,49.598],[-123.27,49.335],[-123.091,48.993],[-123.035,48.992],[-122.753,48.993],[-119.796,48.993],[-117.038,48.993]]],[[[-127.241,52.426],[-127.751,52.25],[-127.888,51.953],[-127.207,52.351],[-127.241,52.426]]],[[[-128.93,52.614],[-129.257,52.828],[-128.981,52.454],[-128.93,52.614]]],[[[-131.113,52.172],[-131.881,52.841],[-131.619,52.92],[-131.794,53.252],[-132.065,53.161],[-132.566,53.146],[-131.263,52.125],[-131.113,52.172]]],[[[-128.804,52.701],[-128.606,52.611],[-128.635,53.163],[-129.078,53.303],[-129.19,53.023],[-129.057,52.741],[-128.804,52.701]]],[[[-129.743,53.235],[-129.883,53.398],[-130.531,53.56],[-129.939,53.169],[-129.743,53.235]]],[[[-129.166,53.385],[-128.842,53.716],[-129.16,53.627],[-129.166,53.385]]],[[[-130.253,53.892],[-130.05,53.588],[-129.499,53.216],[-129.337,53.361],[-129.831,53.735],[-130.253,53.892]]],[[[-132.579,53.207],[-132.228,53.157],[-131.908,53.358],[-131.871,53.783],[-131.668,54.153],[-132.13,54.011],[-132.079,53.892],[-132.202,53.655],[-132.525,53.704],[-132.114,53.881],[-132.297,54.112],[-133.041,54.165],[-133.144,53.897],[-132.929,53.523],[-132.518,53.413],[-132.579,53.207]]],[[[-124.664,49.747],[-124.123,49.5],[-124.348,49.704],[-124.664,49.747]]],[[[-126.659,49.788],[-126.987,49.815],[-126.807,49.627],[-126.659,49.788]]],[[[-126.618,50.672],[-126.288,50.655],[-126.272,50.83],[-126.618,50.672]]],[[[-123.321,48.496],[-123.399,48.682],[-123.835,49],[-123.955,49.229],[-124.838,49.517],[-125.436,50.314],[-127.199,50.621],[-127.505,50.773],[-128.077,50.87],[-128.417,50.772],[-128.32,50.61],[-127.122,49.858],[-126.783,49.942],[-126.288,49.363],[-126.055,49.445],[-125.872,49.09],[-125.461,48.921],[-124.847,49.02],[-125.185,48.801],[-124.665,48.573],[-123.551,48.313],[-123.321,48.496]]],[[[-73.351,45.005],[-71.506,45.014],[-71.334,45.289],[-71.085,45.304],[-70.907,45.246],[-70.687,45.573],[-70.407,45.732],[-70.008,46.704],[-69.268,47.44],[-69.064,47.291],[-68.906,47.19],[-68.197,47.341],[-67.805,47.036],[-67.8,45.7],[-67.45,45.611],[-67.475,45.282],[-67.176,45.179],[-66.889,45.061],[-65.909,45.21],[-64.756,45.628],[-64.572,45.861],[-64.273,45.836],[-64.902,45.43],[-63.593,45.395],[-64.368,45.108],[-64.349,45.319],[-64.863,45.14],[-65.999,44.58],[-66.21,44.086],[-66.028,43.702],[-65.909,43.819],[-65.719,43.509],[-65.475,43.471],[-65.327,43.696],[-64.839,43.83],[-64.333,44.299],[-64.306,44.566],[-63.549,44.473],[-63.588,44.664],[-63.059,44.675],[-62.476,44.901],[-62.058,44.975],[-61.702,45.169],[-61.12,45.213],[-60.999,45.333],[-61.451,45.349],[-61.267,45.443],[-61.471,45.683],[-61.894,45.704],[-61.924,45.889],[-62.47,45.614],[-63.101,45.811],[-64.043,45.992],[-63.771,46.115],[-64.514,46.239],[-64.906,46.887],[-64.825,47.089],[-65.368,47.088],[-64.868,47.486],[-64.826,47.815],[-65.209,47.82],[-65.629,47.671],[-65.818,47.907],[-66.386,48.075],[-66.843,47.997],[-66.515,48.108],[-66.096,48.097],[-65.896,48.226],[-65.432,48.003],[-64.779,48.204],[-64.36,48.413],[-64.169,48.762],[-64.553,49.097],[-64.963,49.219],[-65.566,49.266],[-66.622,49.123],[-68.206,48.642],[-69.054,48.232],[-70.031,47.47],[-70.535,47.011],[-71.158,46.841],[-71.302,46.745],[-71.714,46.632],[-71.846,46.668],[-72.731,46.177],[-73.14,46.058],[-73.557,45.414],[-74.713,44.999],[-73.351,45.005]]],[[[-73.499,45.71],[-73.974,45.445],[-73.541,45.483],[-73.499,45.71]]],[[[-64.319,49.791],[-63.925,49.675],[-63.587,49.39],[-63.093,49.233],[-62.248,49.068],[-61.707,49.098],[-61.883,49.354],[-62.534,49.605],[-63.375,49.829],[-64.133,49.95],[-64.319,49.791]]],[[[-101.694,68.77],[-102.352,68.687],[-101.866,68.572],[-101.694,68.77]]],[[[-100.207,68.804],[-100.404,69.03],[-100.631,68.797],[-100.207,68.804]]],[[[-95.215,68.862],[-95.846,68.891],[-96.068,69.235],[-97.925,69.896],[-98.608,69.443],[-98.393,69.318],[-99.591,69.015],[-97.464,68.535],[-96.52,68.448],[-95.215,68.862]]],[[[-110.004,72.71],[-110.004,72.627],[-110.004,72.524],[-110.004,72.497],[-110.004,72.458],[-110.729,72.571],[-111.665,72.292],[-111.855,72.381],[-111.22,72.724],[-113.015,73.016],[-113.734,72.614],[-114.604,72.607],[-114.023,72.798],[-113.962,73.123],[-114.584,73.385],[-117.369,72.918],[-118.593,72.429],[-118.128,72.227],[-119.054,71.935],[-119.051,71.627],[-118.076,71.665],[-118.308,71.47],[-117.551,71.374],[-115.824,71.548],[-116.103,71.377],[-118.386,71.022],[-117.585,70.606],[-115.581,70.58],[-113.491,70.682],[-112.144,70.494],[-111.549,70.27],[-112.586,70.2],[-114.185,70.316],[-116.965,70.129],[-117.442,69.989],[-116.856,69.648],[-115.975,69.3],[-114.397,69.288],[-113.693,69.195],[-113.656,68.8],[-113.35,68.592],[-112.583,68.51],[-110.98,68.548],[-108.952,68.742],[-108.539,68.947],[-107.335,69.026],[-106.584,69.504],[-106.412,69.188],[-104.917,69.048],[-103.447,68.789],[-101.965,68.97],[-101.772,69.194],[-102.055,69.484],[-102.837,69.387],[-103.51,69.619],[-102.784,69.537],[-102.179,69.902],[-101.673,69.647],[-100.872,69.808],[-101.061,70.196],[-101.529,70.113],[-102.851,70.516],[-103.97,70.751],[-104.648,71.12],[-104.282,71.364],[-105.039,72.114],[-105.367,72.792],[-106.873,73.316],[-107.172,73.195],[-108.088,73.354],[-107.985,72.518],[-107.779,72.141],[-107.272,71.909],[-107.725,71.635],[-108.663,72.361],[-108.633,72.566],[-110.004,72.985],[-110.704,73.009],[-110.004,72.755],[-110.004,72.71]]],[[[-72.949,66.735],[-74.472,66.149],[-73.653,65.72],[-73.474,65.46],[-74.051,65.537],[-75.215,65.254],[-75.949,65.322],[-75.452,65.079],[-76.677,65.411],[-77.436,65.46],[-77.313,65.2],[-78.144,64.957],[-78.197,64.651],[-77.854,64.37],[-77.351,64.241],[-76.188,64.301],[-75.793,64.617],[-74.681,64.378],[-74.05,64.726],[-73.933,64.603],[-73.18,64.576],[-73.482,64.405],[-72.906,64.166],[-72.666,63.856],[-72.242,63.959],[-72.023,63.676],[-71.55,63.712],[-71.277,63.566],[-71.686,63.424],[-71.713,63.178],[-70.24,62.754],[-69.391,62.752],[-69.587,62.658],[-68.554,62.25],[-67.338,62.14],[-66.274,61.858],[-65.93,62.198],[-67.537,63.045],[-68.147,63.161],[-68.99,63.74],[-68.731,63.777],[-67.82,63.592],[-66.773,63.099],[-65.245,62.78],[-65.285,62.984],[-64.628,62.911],[-65.099,63.55],[-64.95,63.639],[-64.537,63.255],[-64.505,63.644],[-64.93,63.778],[-64.647,63.975],[-65.526,64.329],[-65.094,64.42],[-65.691,64.488],[-65.583,64.757],[-66.682,65.044],[-66.684,64.81],[-67.273,65.645],[-67.869,65.645],[-68.205,65.796],[-68.524,66.207],[-67.973,66.083],[-67.923,65.903],[-67.17,65.933],[-67.877,66.464],[-67.129,66.317],[-67.379,66.549],[-66.862,66.543],[-65.959,66.115],[-65.393,65.982],[-65.454,65.679],[-64.557,65.093],[-63.802,65.164],[-63.524,64.903],[-63.324,65.222],[-63.655,65.467],[-63.196,65.634],[-62.747,65.59],[-62.792,65.867],[-61.954,66.02],[-62.539,66.227],[-61.462,66.371],[-61.301,66.678],[-62.004,67.037],[-63.349,66.891],[-63.164,67.338],[-64.021,67.213],[-63.997,67.454],[-64.379,67.772],[-65.107,67.845],[-64.72,67.985],[-65.447,67.994],[-66.693,68.145],[-67.357,68.357],[-66.894,68.422],[-68.379,68.601],[-68.048,68.687],[-69.151,68.831],[-67.773,68.784],[-67.735,69.04],[-69.014,69.359],[-67.678,69.177],[-66.669,69.185],[-67.228,69.464],[-68.005,69.462],[-68.726,69.647],[-68.013,69.776],[-67.115,69.729],[-67.25,69.963],[-68.055,70.325],[-68.191,70.127],[-69.48,69.819],[-68.644,70.147],[-69.683,70.14],[-68.487,70.369],[-68.362,70.584],[-69.59,70.773],[-70.041,70.597],[-69.915,70.88],[-70.985,70.634],[-70.516,70.937],[-70.787,71.115],[-71.323,70.887],[-72.337,70.758],[-72.045,71.085],[-71.445,71.073],[-71.117,71.27],[-71.582,71.515],[-72.473,71.647],[-73.05,71.27],[-73.596,71.764],[-74.635,71.655],[-74.237,72.076],[-75.282,72.124],[-74.942,72.257],[-75.198,72.498],[-77.601,72.756],[-78.443,72.587],[-78.875,72.231],[-78.719,71.923],[-79.231,71.976],[-78.951,72.276],[-79.819,72.506],[-80.483,72.181],[-80.245,72.738],[-80.643,73.17],[-81.134,73.247],[-81.528,73.716],[-82.831,73.737],[-85.193,73.231],[-85.702,72.635],[-85.036,72.255],[-85.987,72.031],[-85.258,71.668],[-84.713,71.682],[-84.528,71.473],[-84.857,71.16],[-85.975,71.175],[-84.858,71.276],[-86.128,71.794],[-86.46,72.203],[-86.253,72.395],[-86.699,72.816],[-86.03,73.302],[-84.952,73.668],[-85.106,73.812],[-86.714,73.847],[-87.764,73.717],[-88.687,73.423],[-89.312,73.046],[-89.963,72.257],[-89.578,72.162],[-90.105,71.916],[-89.798,71.765],[-89.813,71.329],[-88.067,71.213],[-87.282,71.009],[-88.325,70.958],[-89.558,71.093],[-88.694,70.465],[-87.879,70.318],[-86.858,70.325],[-85.783,69.995],[-85.8,70.1],[-83.673,69.946],[-83.052,70.01],[-82.144,69.825],[-81.6,69.977],[-80.929,69.715],[-81.193,70.001],[-81.762,70.123],[-79.906,69.983],[-79.681,69.849],[-78.665,70.014],[-78.971,70.325],[-79.565,70.39],[-79.08,70.538],[-78.389,70.216],[-77.683,70.184],[-77.683,69.825],[-76.889,69.802],[-77.203,69.647],[-75.687,69.287],[-75.621,69.088],[-76.638,69.016],[-76.625,68.682],[-75.607,68.886],[-75.486,69.022],[-74.685,68.88],[-74.523,68.611],[-72.995,68.236],[-72.944,67.932],[-72.619,67.795],[-72.351,67.119],[-72.803,67.043],[-72.949,66.735]]],[[[-67.881,60.497],[-68.241,60.586],[-68.439,60.259],[-67.973,60.29],[-67.881,60.497]]],[[[-64.841,61.352],[-64.717,61.663],[-65.486,61.599],[-64.841,61.352]]],[[[-79.282,62.27],[-79.831,62.411],[-80.215,62.138],[-80.18,61.774],[-79.75,61.586],[-79.326,61.988],[-79.282,62.27]]],[[[-70.241,62.616],[-70.492,62.767],[-71.208,62.889],[-70.741,62.558],[-70.241,62.616]]],[[[-82.191,62.986],[-83.119,62.847],[-83.296,62.931],[-83.907,62.491],[-83.673,62.145],[-83.135,62.177],[-81.957,62.698],[-81.862,62.925],[-82.191,62.986]]],[[[-77.538,63.288],[-78.186,63.493],[-78.532,63.39],[-77.941,63.087],[-77.538,63.288]]],[[[-76.689,63.486],[-77.12,63.685],[-77.418,63.591],[-76.982,63.407],[-76.689,63.486]]],[[[-80.183,63.768],[-80.522,63.97],[-81.627,64.124],[-81.771,64.512],[-82.366,64.768],[-83.208,64.948],[-83.398,65.137],[-84.098,65.21],[-84.577,65.489],[-84.848,65.214],[-85.316,65.541],[-85.052,65.614],[-85.487,65.924],[-85.939,65.763],[-86.174,65.287],[-86.159,64.939],[-86.419,64.597],[-86.193,64.103],[-86.896,63.93],[-87.175,63.585],[-85.617,63.675],[-85.635,63.243],[-85.274,63.123],[-84.59,63.315],[-84.284,63.627],[-83.649,63.765],[-83.685,64.014],[-83.014,64.192],[-83.059,63.954],[-82.534,63.973],[-82.482,63.685],[-82.075,63.692],[-81.019,63.45],[-80.183,63.768]]],[[[-85.001,66.008],[-85.113,65.762],[-84.574,65.636],[-85.001,66.008]]],[[[-84.474,66.09],[-84.143,65.767],[-83.693,65.926],[-84.474,66.09]]],[[[-73.358,67.838],[-73.522,68.01],[-74.756,68.063],[-74.402,67.779],[-73.358,67.838]]],[[[-86.577,68.291],[-86.986,68.067],[-86.837,67.792],[-86.413,67.845],[-86.577,68.291]]],[[[-75.034,68.173],[-75.911,68.345],[-76.689,68.263],[-77.323,67.708],[-76.982,67.243],[-75.889,67.258],[-75.065,67.552],[-75.034,68.173]]],[[[-74.838,68.42],[-75.239,68.725],[-75.411,68.523],[-74.838,68.42]]],[[[-79.08,68.879],[-78.457,69.229],[-78.607,69.373],[-79.423,68.927],[-79.08,68.879]]],[[[-76.692,69.411],[-77.327,69.417],[-76.922,69.127],[-76.692,69.411]]],[[[-79.971,69.633],[-79.672,69.82],[-80.718,69.756],[-80.334,69.558],[-79.971,69.633]]],[[[-71.508,71.017],[-72.012,71.052],[-72.118,70.825],[-71.508,71.017]]],[[[-104.681,73.63],[-105.167,73.757],[-106.6,73.711],[-107.039,73.484],[-106.509,73.414],[-105.298,72.853],[-104.573,73.332],[-104.681,73.63]]],[[[-80.903,73.607],[-80.771,73.279],[-80.164,73.233],[-79.949,72.847],[-79.175,72.755],[-78.171,72.899],[-76.319,72.817],[-76.243,73.093],[-77.213,73.511],[-78.139,73.669],[-79.45,73.635],[-80.446,73.774],[-80.903,73.607]]],[[[-96.321,72.467],[-96.616,72.752],[-97.069,72.614],[-97.256,72.962],[-98.349,73.044],[-97.15,73.395],[-97.26,73.861],[-99.218,73.739],[-99.803,73.937],[-100.029,73.766],[-100.886,73.832],[-100.919,73.603],[-101.626,73.491],[-100.05,72.964],[-100.448,72.738],[-101.296,72.719],[-102.046,73.08],[-102.485,73.041],[-102.614,72.661],[-101.84,72.326],[-101.229,72.335],[-99.864,71.859],[-99.235,71.35],[-98.718,71.272],[-98.042,71.531],[-96.56,71.84],[-96.321,72.467]]],[[[-99.247,73.855],[-98.143,73.878],[-97.725,74.122],[-98.753,74.034],[-99.247,73.855]]],[[[-90.291,73.923],[-91.572,74.033],[-92.271,73.992],[-93.668,74.173],[-95.249,74.01],[-95.725,73.642],[-95.669,72.802],[-95.198,72.523],[-95.145,71.966],[-94.75,72.015],[-94.129,72.025],[-93.464,72.463],[-94.156,72.771],[-92.385,72.71],[-91.858,72.848],[-90.373,73.792],[-90.291,73.923]]],[[[-103.638,75.2],[-104.403,75.433],[-104.906,75.124],[-104.229,75.019],[-103.638,75.2]]],[[[-93.437,74.944],[-93.499,75.268],[-94.394,75.604],[-95.791,75.501],[-96.469,75.194],[-95.898,74.826],[-94.724,74.632],[-93.608,74.654],[-93.437,74.944]]],[[[-102.873,75.766],[-101.981,75.952],[-103.045,75.906],[-102.873,75.766]]],[[[-103.811,76.034],[-102.531,76.157],[-102.727,76.316],[-104.312,76.212],[-103.811,76.034]]],[[[-104.398,76.469],[-104.378,76.325],[-103.07,76.465],[-104.025,76.67],[-104.398,76.469]]],[[[-97.425,75.52],[-97.665,76.486],[-99.641,76.637],[-100.988,76.507],[-100.022,76.308],[-100.479,76.234],[-99.866,75.908],[-101.811,76.459],[-102.103,76.221],[-101.833,75.906],[-102.688,75.678],[-102.633,75.498],[-99.823,75.656],[-100.721,75.438],[-100.33,75.014],[-98.035,75.026],[-97.569,75.15],[-98.165,75.334],[-97.425,75.52]]],[[[-89.675,76.733],[-90.568,76.716],[-90.065,76.486],[-89.675,76.733]]],[[[-110.004,75.911],[-110.004,75.879],[-109.102,75.75],[-108.896,75.492],[-110.004,75.545],[-111.251,75.522],[-111.459,75.842],[-112.994,76.273],[-113.963,76.191],[-114.206,76.471],[-115.512,76.456],[-115.779,76.237],[-116.706,76.058],[-116.708,75.9],[-114.875,75.867],[-116.885,75.789],[-117.51,75.201],[-115.715,74.97],[-115.233,75.174],[-114.958,74.971],[-114.046,75.366],[-113.958,75.074],[-112.346,75.122],[-110.951,75.252],[-111.555,75.013],[-112.798,74.985],[-114.44,74.684],[-113.024,74.396],[-111.658,74.501],[-110.004,74.853],[-108.824,75.072],[-108.417,74.917],[-106.009,75.057],[-105.39,75.66],[-105.76,75.99],[-106.607,76.062],[-107.046,75.889],[-108.499,76.04],[-108.081,76.287],[-109.184,76.822],[-110.004,76.486],[-110.004,76.226],[-109.308,76.103],[-110.004,75.911]]],[[[-79.56,74.992],[-80.443,75.04],[-79.628,75.18],[-79.65,75.47],[-81.113,75.779],[-83.736,75.827],[-86.395,75.431],[-87.366,75.616],[-88.213,75.474],[-88.58,75.659],[-88.917,75.43],[-89.198,75.796],[-90.188,76.068],[-91.244,76.164],[-89.38,76.184],[-89.298,76.301],[-90.99,76.451],[-90.572,76.564],[-91.441,76.694],[-92.693,76.596],[-93.919,76.939],[-95.771,77.077],[-96.802,76.987],[-95.823,76.399],[-94.068,76.259],[-93.128,76.37],[-92.185,75.895],[-92.004,75.602],[-92.472,75.215],[-92.018,74.777],[-89.949,74.533],[-88.869,74.663],[-88.528,74.899],[-88.518,74.501],[-87.644,74.458],[-84.258,74.506],[-83.494,74.578],[-83.128,74.832],[-82.92,74.552],[-81.789,74.458],[-80.162,74.624],[-79.56,74.992]]],[[[-89.661,77.356],[-90.304,77.629],[-91.169,77.617],[-91.2,77.408],[-90.094,77.204],[-89.661,77.356]]],[[[-104.395,77.193],[-105.503,77.721],[-106.077,77.739],[-105.536,77.304],[-104.395,77.193]]],[[[-93.252,77.644],[-93.608,77.781],[-95.444,77.811],[-96.235,77.706],[-95.988,77.479],[-93.502,77.464],[-93.252,77.644]]],[[[-102.449,77.74],[-100.961,77.729],[-101.645,77.89],[-102.449,77.74]]],[[[-110.004,78.687],[-110.427,78.766],[-113.214,78.407],[-110.004,78.329],[-109.26,78.459],[-110.004,78.687]]],[[[-96.91,77.795],[-95.061,77.973],[-95.37,78.247],[-94.828,78.364],[-97.451,78.797],[-98.149,78.819],[-98.411,78.494],[-97.83,78.227],[-96.869,78.137],[-97.774,78.042],[-96.91,77.795]]],[[[-105.607,79.104],[-104.078,78.986],[-103.497,78.507],[-104.641,78.583],[-104.82,78.362],[-103.947,78.243],[-101.092,78.206],[-100.61,77.864],[-99.017,77.894],[-99.872,78.439],[-99.558,78.599],[-101.648,79.081],[-102.421,79.014],[-103.722,79.363],[-105.157,79.3],[-105.607,79.104]]],[[[-100.152,79.998],[-98.803,79.676],[-98.706,79.967],[-99.779,80.151],[-100.152,79.998]]],[[[-96.623,80.044],[-95.854,79.652],[-94.293,79.759],[-95.755,79.406],[-93.93,79.259],[-92.606,79.451],[-92.29,79.153],[-93.229,79.171],[-94.272,78.968],[-92.004,78.213],[-89.455,78.164],[-90.006,78.614],[-89.05,78.182],[-88.229,78.464],[-88.217,78.953],[-87.537,78.672],[-86.504,79.069],[-84.919,79.296],[-85.564,79.58],[-87.159,79.577],[-86.962,79.909],[-87.701,80.413],[-89.04,80.194],[-89.325,80.537],[-90.71,80.703],[-92.237,81.256],[-93.258,81.373],[-94.396,81.262],[-93.156,81.098],[-94.863,81.065],[-95.5,80.808],[-94.521,80.605],[-96.027,80.584],[-96.568,80.276],[-94.846,80.045],[-96.623,80.044]]],[[[-61.085,82.331],[-62.841,82.518],[-64.697,82.91],[-67.442,82.658],[-66.403,82.943],[-69.617,82.99],[-69.688,83.117],[-74.2,83.002],[-76.135,83.054],[-77.139,82.867],[-81.576,82.791],[-82.712,82.381],[-80.021,81.968],[-82.97,82.298],[-85.762,82.467],[-85.351,82.29],[-87.999,82.105],[-89.37,81.82],[-91.014,81.842],[-91.949,81.632],[-89.586,81.632],[-90.492,81.371],[-88.404,81.587],[-90.353,81.174],[-89.826,81.013],[-86.522,81.125],[-86.699,81.005],[-89.386,80.879],[-87.276,80.632],[-86.112,80.993],[-86.749,80.604],[-84.397,80.51],[-81.217,80.628],[-79.614,80.828],[-78.192,81.305],[-76.854,81.455],[-78.886,81.012],[-78.848,80.858],[-76.589,80.902],[-79.964,80.611],[-78.018,80.597],[-83.206,80.317],[-81.662,79.908],[-82.171,79.869],[-83.788,80.251],[-86.438,80.32],[-86.49,79.77],[-85.021,79.618],[-84.279,78.955],[-81.772,78.866],[-83.746,78.839],[-85.246,78.917],[-86.61,78.809],[-87.482,78.452],[-87.488,78.127],[-85.488,78.117],[-85.661,77.95],[-84.761,77.52],[-83.423,77.607],[-82.513,77.96],[-83.466,77.349],[-85.782,77.504],[-86.216,77.793],[-87.192,77.905],[-88.181,77.801],[-87.681,77.353],[-86.913,77.267],[-88.294,77.136],[-89.537,76.857],[-89.681,76.575],[-88.911,76.41],[-88.539,76.816],[-88.404,76.394],[-87.401,76.456],[-84.41,76.309],[-84.197,76.618],[-83.695,76.431],[-82.282,76.4],[-80.969,76.48],[-80.667,76.164],[-79.348,76.297],[-78.774,76.577],[-77.771,76.664],[-77.915,76.966],[-79.376,76.926],[-79.006,77.105],[-80.78,77.336],[-79.133,77.291],[-77.737,77.601],[-78.183,77.966],[-76.881,77.905],[-75.582,78.113],[-75.108,78.375],[-76.501,78.547],[-74.802,78.589],[-74.774,78.835],[-76.441,78.871],[-75.781,78.982],[-77.915,79.056],[-76.133,79.124],[-74.492,79.037],[-74.469,79.227],[-77.326,79.267],[-77.402,79.453],[-75.914,79.347],[-73.174,79.539],[-73.383,79.776],[-72.232,79.663],[-71.142,79.789],[-70.648,80.143],[-68.279,80.76],[-64.692,81.391],[-64.546,81.55],[-70.071,81.162],[-66.654,81.5],[-65.375,81.763],[-64.373,81.725],[-62.258,82.024],[-61.085,82.331]]],[[[-80.759,52.919],[-81.123,53.202],[-81.883,53.18],[-82.063,53.023],[-80.7,52.7],[-80.759,52.919]]],[[[-79.546,56.044],[-79.469,55.879],[-79.058,56.437],[-79.235,56.551],[-80.026,55.9],[-79.546,56.044]]],[[[-52.629,47.527],[-52.704,47.756],[-53.122,47.437],[-53.252,47.625],[-52.903,48.095],[-53.276,48.016],[-53.554,47.539],[-53.847,47.707],[-53.609,48.054],[-53.905,48.085],[-53.187,48.355],[-52.983,48.604],[-53.547,48.492],[-53.903,48.568],[-53.896,48.981],[-53.454,49.242],[-54.041,49.481],[-54.545,49.529],[-54.817,49.276],[-55.273,49.21],[-55.236,49.39],[-55.774,49.513],[-56.131,49.429],[-55.836,49.692],[-56.069,49.698],[-55.495,49.919],[-56.149,50.156],[-56.838,49.556],[-56.739,50.027],[-55.743,51.07],[-56.035,51.384],[-55.617,51.304],[-55.409,51.579],[-55.823,51.624],[-56.72,51.319],[-57.069,50.802],[-57.329,50.713],[-57.61,50.166],[-57.94,49.705],[-57.871,49.527],[-58.186,49.443],[-58.069,48.979],[-58.398,49.137],[-58.685,48.602],[-58.947,48.651],[-59.262,48.473],[-58.703,48.555],[-58.406,48.497],[-59.399,47.88],[-59.112,47.561],[-58.042,47.699],[-56.851,47.532],[-56.158,47.643],[-55.86,47.791],[-55.917,47.457],[-55.131,47.584],[-55.487,47.14],[-55.87,47.075],[-55.95,46.904],[-55.251,46.919],[-54.838,47.419],[-54.506,47.403],[-54.179,47.879],[-54.013,47.807],[-53.893,47.393],[-54.198,46.886],[-54.05,46.808],[-53.573,47.162],[-53.555,46.618],[-52.941,46.791],[-52.814,47.273],[-52.629,47.527]]],[[[-60.081,45.792],[-59.811,46.17],[-60.284,46.328],[-60.782,45.954],[-60.4,45.998],[-60.73,45.691],[-60.914,45.854],[-60.35,46.616],[-60.383,47.017],[-60.603,47.034],[-61.095,46.454],[-61.541,46.04],[-61.335,45.566],[-60.727,45.566],[-60.081,45.792]]],[[[-110.004,78.099],[-113.241,77.905],[-113.2,77.528],[-112.109,77.326],[-110.235,77.504],[-110.004,77.931],[-110.004,78.099]]],[[[-115.324,73.509],[-116.867,74.088],[-118.066,74.281],[-119.144,74.209],[-120.157,74.279],[-121.581,74.556],[-124.756,74.349],[-124.145,73.851],[-123.774,73.766],[-125.068,72.884],[-124.952,72.57],[-125.651,72.257],[-125.79,71.949],[-125.253,71.956],[-124.065,71.7],[-123.1,71.085],[-120.635,71.491],[-120.383,71.701],[-120.261,72.242],[-119.34,72.347],[-119.164,72.63],[-115.754,73.357],[-115.324,73.509]]],[[[-117.785,75.896],[-117.66,76.126],[-119.409,75.602],[-118.614,75.504],[-117.785,75.896]]],[[[-114.837,76.76],[-113.673,76.704],[-113.846,76.899],[-114.837,76.76]]],[[[-119.317,76.2],[-118.569,76.345],[-118.976,76.492],[-117.736,76.78],[-118.007,76.402],[-117.352,76.26],[-117.075,76.526],[-115.893,76.698],[-115.754,76.965],[-116.379,77.128],[-115.393,77.308],[-116.407,77.562],[-118.821,77.361],[-121.554,76.437],[-122.832,76.237],[-122.426,75.933],[-121.3,75.911],[-120.88,76.199],[-120.489,75.847],[-119.863,75.859],[-119.317,76.2]]],[[[-113.686,77.867],[-114.327,78.081],[-115.118,77.96],[-114.301,77.713],[-113.686,77.867]]],[[[-62.004,46.464],[-63.238,46.407],[-63.639,46.567],[-63.697,46.457],[-64.093,46.78],[-63.997,47.067],[-64.417,46.683],[-64.131,46.599],[-64.125,46.41],[-63.737,46.396],[-63.628,46.224],[-62.866,46.136],[-62.545,45.972],[-62.36,46.361],[-62.004,46.464]]]]},"properties":{"name":"Canada","country_code":"CA"}},
{"type":"Feature","geometry":{"type":"MultiPolygon","coordinates":[[[[-114.819,32.499],[-114.724,32.713],[-117.125,32.532],[-116.842,31.987],[-116.62,31.858],[-116.676,31.553],[-116.309,31.149],[-116.335,30.956],[-116.068,30.813],[-116.049,30.48],[-115.837,30.346],[-115.698,29.756],[-115.187,29.429],[-114.972,29.378],[-114.043,28.458],[-114.063,28],[-114.071,28],[-114.098,28],[-114.147,28],[-114.207,28],[-114.103,27.602],[-114.325,27.875],[-114.499,27.774],[-115.056,27.86],[-114.488,27.238],[-113.816,26.949],[-113.637,26.726],[-113.164,26.789],[-113.061,26.599],[-112.343,26.178],[-112.063,25.625],[-112.145,24.874],[-111.803,24.546],[-111.04,24.104],[-110.577,23.682],[-110.307,23.541],[-110.098,23.018],[-109.895,22.874],[-109.532,23.108],[-109.426,23.297],[-109.476,23.56],[-109.68,23.648],[-109.828,24.063],[-110.233,24.343],[-110.35,24.114],[-110.562,24.213],[-110.739,24.555],[-110.657,24.807],[-111.025,25.447],[-111.307,25.779],[-111.318,26.074],[-111.56,26.696],[-112.017,26.979],[-112.373,27.564],[-112.598,27.654],[-112.764,27.999],[-112.846,28.441],[-113.103,28.505],[-113.26,28.84],[-113.525,28.892],[-113.623,29.253],[-114.208,29.745],[-114.392,29.783],[-114.66,30.183],[-114.72,30.941],[-114.889,31.163],[-114.781,31.656],[-114.934,31.909],[-114.159,31.495],[-113.94,31.6],[-113.66,31.498],[-113.549,31.296],[-113.049,31.157],[-113.129,30.812],[-112.871,30.429],[-112.686,29.908],[-112.239,29.315],[-112.152,28.987],[-111.708,28.46],[-111.473,28.381],[-111.251,28.052],[-110.886,27.839],[-110.616,27.812],[-110.524,27.3],[-110.288,27.148],[-109.982,27.115],[-109.768,26.707],[-109.529,26.751],[-109.139,26.332],[-109.156,26.308],[-109.231,26.263],[-109.284,26.241],[-109.293,26.237],[-109.441,25.793],[-109.131,25.583],[-108.901,25.701],[-109.035,25.465],[-108.78,25.433],[-108.284,25.107],[-107.995,24.648],[-107.624,24.458],[-107.036,23.981],[-106.43,23.23],[-105.724,22.51],[-105.632,21.956],[-105.414,21.601],[-105.2,21.493],[-105.234,21.061],[-105.478,20.751],[-105.291,20.685],[-105.329,20.514],[-105.699,20.407],[-105.526,20.032],[-105.017,19.368],[-104.593,19.15],[-103.98,18.875],[-103.742,18.69],[-103.498,18.333],[-102.742,18.067],[-102.169,17.921],[-101.811,17.89],[-101.644,17.668],[-101.182,17.413],[-101.059,17.264],[-99.992,16.91],[-99.741,16.731],[-98.857,16.528],[-98.555,16.318],[-98.172,16.209],[-97.773,15.979],[-97.266,15.936],[-96.556,15.659],[-96.237,15.683],[-95.434,15.975],[-94.852,16.429],[-94.701,16.196],[-94.115,16.057],[-94.094,16.099],[-94.084,16.149],[-92.84,15.182],[-92.246,14.546],[-92.074,15.074],[-92.203,15.237],[-92.106,15.454],[-91.724,16.069],[-90.995,16.07],[-90.448,16.079],[-90.448,16.08],[-90.38,16.367],[-90.735,16.747],[-91.067,16.918],[-91.433,17.255],[-90.992,17.252],[-90.991,17.802],[-89.16,17.814],[-89.146,17.951],[-88.88,17.888],[-88.614,18.247],[-88.489,18.485],[-88.304,18.481],[-88.036,18.875],[-88.078,18.499],[-87.845,18.197],[-87.723,18.681],[-87.433,19.492],[-87.742,19.615],[-87.475,19.876],[-87.444,20.191],[-86.875,20.855],[-86.742,21.164],[-86.828,21.433],[-87.134,21.619],[-87.238,21.443],[-87.54,21.499],[-88.129,21.616],[-88.448,21.575],[-89.123,21.363],[-89.786,21.285],[-90.332,21.032],[-90.381,20.824],[-90.49,20.534],[-90.478,19.922],[-90.709,19.687],[-90.73,19.376],[-90.936,19.163],[-91.431,18.88],[-91.266,18.736],[-91.593,18.443],[-92.032,18.56],[-92.06,18.702],[-92.486,18.648],[-92.856,18.466],[-93.58,18.416],[-93.767,18.281],[-94.137,18.207],[-94.581,18.19],[-94.808,18.524],[-95.208,18.709],[-95.807,18.752],[-95.977,19.058],[-96.278,19.315],[-96.456,19.869],[-97.151,20.647],[-97.497,21.401],[-97.658,21.637],[-97.61,21.836],[-97.782,22.273],[-97.891,22.596],[-97.742,22.972],[-97.769,23.26],[-97.651,24.516],[-97.459,25.179],[-97.165,25.723],[-97.139,25.966],[-97.425,25.855],[-97.802,26.064],[-98.223,26.075],[-98.796,26.368],[-99.085,26.408],[-99.248,26.827],[-99.462,27.057],[-99.507,27.574],[-99.711,27.67],[-99.807,27.771],[-100.075,28.154],[-100.284,28.297],[-100.669,29.116],[-101.405,29.778],[-102.109,29.802],[-102.321,29.894],[-102.683,29.744],[-102.899,29.276],[-103.148,28.985],[-103.312,29.026],[-104.057,29.339],[-104.531,29.668],[-104.682,30.193],[-105.008,30.677],[-105.364,30.85],[-106.506,31.77],[-108.215,31.778],[-108.215,31.327],[-108.968,31.327],[-109.047,31.327],[-111.067,31.334],[-112.325,31.728],[-114.819,32.499]]],[[[-112.275,28.768],[-112.196,29.021],[-112.439,29.202],[-112.583,28.875],[-112.275,28.768]]],[[[-115.195,28.341],[-115.358,28.083],[-115.182,28.028],[-115.195,28.341]]],[[[-113.138,29.065],[-113.183,29.29],[-113.511,29.549],[-113.589,29.41],[-113.138,29.065]]],[[[-86.749,20.592],[-86.937,20.547],[-86.995,20.261],[-86.749,20.592]]],[[[-112.103,24.617],[-112.206,24.817],[-112.138,25.265],[-112.305,24.792],[-112.103,24.617]]]]},"properties":{"name":"Mexico","country_code":"MX"}},
{"type":"Feature","geometry":{"type":"Polygon","coordinates":[[[-89.193,16.393],[-89.236,15.906],[-88.914,15.894],[-88.928,15.984],[-88.39,16.498],[-88.217,16.955],[-88.289,17.136],[-88.283,17.58],[-88.167,17.96],[-88.092,18.372],[-88.304,18.481],[-88.489,18.485],[-88.614,18.247],[-88.88,17.888],[-89.146,17.951],[-89.16,17.814],[-89.151,17.321],[-89.193,16.393]]]},"properties":{"name":"Belize","country_code":"BZ"}},
{"type":"Feature","geometry":{"type":"MultiPolygon","coordinates":[[[[-82.574,9.576],[-82.829,9.603],[-82.944,9.437],[-82.94,9.071],[-82.72,8.92],[-82.923,8.756],[-82.87,8.438],[-83.053,8.315],[-82.898,8.035],[-82.877,8.219],[-82.659,8.323],[-82.225,8.34],[-81.664,7.997],[-81.526,7.711],[-81.195,7.639],[-81.088,7.842],[-80.848,7.219],[-80.604,7.237],[-79.995,7.503],[-80.376,7.997],[-80.478,8.091],[-80.386,8.311],[-80.041,8.398],[-79.774,8.58],[-79.704,8.87],[-79.482,8.998],[-79.083,8.989],[-78.604,8.665],[-78.41,8.353],[-78.099,8.476],[-78.434,8.046],[-78.292,7.691],[-77.896,7.235],[-77.74,7.719],[-77.613,7.537],[-77.169,7.935],[-77.269,8.168],[-77.469,8.538],[-77.374,8.665],[-77.477,8.67],[-78.025,9.226],[-78.561,9.438],[-79.058,9.458],[-79.075,9.562],[-79.533,9.624],[-80.101,9.222],[-80.637,9.052],[-80.863,8.885],[-81.213,8.792],[-81.539,8.813],[-81.815,9.117],[-81.793,8.932],[-82.007,8.947],[-82.246,9.014],[-82.369,9.415],[-82.574,9.576]]],[[[-81.664,7.397],[-81.739,7.644],[-81.883,7.517],[-81.664,7.397]]]]},"properties":{"name":"Panama","country_code":"PA"}},
{"type":"Feature","geometry":{"type":"MultiPolygon","coordinates":[[[[-60.021,8.558],[-60.372,8.635],[-60.987,8.565],[-61.284,8.397],[-61.652,8.586],[-61.209,8.609],[-60.984,9.167],[-60.784,9.339],[-61.637,9.899],[-61.831,9.792],[-62.196,10.02],[-62.325,9.719],[-62.495,10.152],[-62.777,10.018],[-63.013,10.097],[-62.657,10.082],[-62.675,10.293],[-62.896,10.538],[-62.335,10.53],[-61.962,10.652],[-62.72,10.76],[-64.131,10.62],[-63.73,10.498],[-64.143,10.48],[-64.536,10.252],[-64.748,10.107],[-65.08,10.056],[-65.426,10.143],[-65.828,10.234],[-66.314,10.629],[-67.012,10.611],[-67.392,10.543],[-67.869,10.461],[-68.252,10.595],[-68.274,10.634],[-68.263,10.903],[-68.389,11.128],[-68.863,11.453],[-69.27,11.536],[-69.624,11.468],[-69.835,12.015],[-70.018,12.199],[-70.206,12.112],[-70.302,11.858],[-70.187,11.603],[-69.816,11.694],[-69.747,11.481],[-69.946,11.52],[-70.514,11.253],[-70.87,11.196],[-71.282,10.991],[-71.583,10.809],[-71.542,10.565],[-71.207,9.981],[-71.062,9.617],[-71.059,9.338],[-71.219,9.187],[-71.515,9.049],[-71.759,9.12],[-71.734,9.308],[-72.124,9.826],[-71.982,10.088],[-71.63,10.454],[-71.576,10.721],[-71.939,11.381],[-71.961,11.591],[-71.378,11.758],[-71.328,11.85],[-71.971,11.662],[-72.257,11.168],[-72.499,11.121],[-72.915,10.428],[-72.978,9.838],[-73.364,9.165],[-73.01,9.295],[-72.827,9.142],[-72.675,8.652],[-72.416,8.383],[-72.336,8.104],[-72.488,7.949],[-72.482,7.508],[-72.396,7.407],[-72.206,7.382],[-71.994,7.013],[-71.964,7.006],[-71.62,7.052],[-71.184,6.963],[-70.579,7.086],[-70.097,6.944],[-69.432,6.122],[-69.061,6.218],[-68.635,6.136],[-67.924,6.235],[-67.839,6.308],[-67.451,6.198],[-67.456,6.193],[-67.647,5.483],[-67.844,5.297],[-67.793,5.063],[-67.865,4.512],[-67.717,4.04],[-67.632,3.762],[-67.305,3.426],[-67.839,2.886],[-67.627,2.813],[-67.198,2.402],[-66.875,1.223],[-66.407,0.802],[-66.156,0.733],[-65.745,0.974],[-65.583,0.978],[-65.56,0.656],[-65.137,1.127],[-64.731,1.248],[-64.409,1.508],[-64.395,1.392],[-64.081,1.647],[-63.995,1.958],[-63.763,1.986],[-63.387,2.236],[-63.385,2.421],[-64.048,2.471],[-63.998,2.706],[-64.223,3.124],[-64.203,3.595],[-64.663,3.997],[-64.648,4.208],[-64.125,4.088],[-64.064,3.912],[-63.425,3.968],[-62.931,3.564],[-62.75,3.66],[-62.766,4.021],[-62.384,4.173],[-62.193,4.095],[-61.567,4.249],[-61.297,4.524],[-61.012,4.518],[-60.613,4.901],[-60.74,5.202],[-61.38,5.905],[-61.122,6.187],[-61.21,6.541],[-61.13,6.716],[-60.722,6.76],[-60.377,6.939],[-60.348,7.153],[-60.548,7.126],[-60.731,7.525],[-60.503,7.821],[-60.268,7.921],[-59.816,8.288],[-60.021,8.558]]],[[[-60.951,8.828],[-61.177,8.604],[-60.847,8.638],[-60.686,8.789],[-60.951,8.828]]],[[[-63.847,11.135],[-64.049,10.991],[-64.198,11.088],[-64.409,10.967],[-64.043,10.868],[-63.788,10.974],[-63.847,11.135]]],[[[-65.228,10.954],[-65.412,10.925],[-65.205,10.904],[-65.228,10.954]]]]},"properties":{"name":"Venezuela","country_code":"VE"}},
{"type":"Feature","geometry":{"type":"MultiPolygon","coordinates":[[[[140.977,-4.988],[140.977,-6.335],[140.849,-6.703],[140.977,-6.897],[140.977,-9.106],[141.115,-9.218],[141.422,-9.15],[141.868,-9.22],[142.223,-9.161],[142.653,-9.33],[143.406,-8.962],[143.4,-8.782],[142.98,-8.336],[143.592,-8.242],[143.548,-8.032],[143.943,-7.992],[143.76,-7.583],[144.215,-7.796],[144.344,-7.659],[144.508,-7.798],[144.654,-7.561],[144.88,-7.782],[145.408,-7.932],[145.772,-7.927],[146.079,-8.087],[146.39,-8.584],[146.627,-9.023],[146.909,-9.104],[147.1,-9.482],[147.287,-9.521],[147.621,-9.989],[147.977,-10.166],[148.155,-10.071],[148.402,-10.2],[149.067,-10.235],[149.678,-10.336],[150.082,-10.461],[149.896,-10.544],[150.211,-10.701],[150.693,-10.557],[150.347,-10.365],[150.602,-10.207],[149.939,-10.062],[149.731,-9.809],[150.012,-9.642],[149.461,-9.594],[149.183,-9.368],[149.337,-9.125],[149.142,-8.975],[148.758,-9.104],[148.559,-9.032],[148.437,-8.666],[148.238,-8.569],[148.114,-8.055],[147.977,-8.004],[147.727,-7.932],[147.355,-7.515],[147.188,-7.463],[146.956,-6.955],[146.977,-6.74],[147.854,-6.691],[147.827,-6.335],[147.449,-5.962],[147.042,-5.939],[146.793,-5.816],[146.461,-5.599],[145.727,-5.422],[145.812,-4.861],[145.346,-4.39],[145.051,-4.342],[144.868,-4.099],[144.582,-3.996],[144.513,-3.818],[143.996,-3.793],[143.478,-3.421],[143.085,-3.353],[142.063,-3.06],[142,-2.956],[141.296,-2.676],[140.974,-2.601],[140.977,-4.988]]],[[[148.049,-5.606],[147.847,-5.486],[147.769,-5.612],[148.039,-5.822],[148.049,-5.606]]],[[[153.762,-11.586],[153.206,-11.317],[153.564,-11.636],[153.762,-11.586]]],[[[151.177,-9.955],[151.128,-10.042],[150.764,-9.703],[150.958,-10.105],[151.232,-10.2],[151.177,-9.955]]],[[[150.801,-9.652],[150.759,-9.399],[150.506,-9.338],[150.434,-9.631],[150.801,-9.652]]],[[[150.369,-9.372],[150.215,-9.206],[150.108,-9.361],[150.338,-9.52],[150.369,-9.372]]],[[[152.995,-9.141],[152.794,-9.003],[152.518,-8.996],[152.812,-9.255],[152.995,-9.141]]],[[[155.933,-6.641],[155.813,-6.365],[155.452,-6.137],[155.018,-5.541],[154.77,-5.559],[154.756,-5.948],[155.235,-6.363],[155.187,-6.554],[155.361,-6.746],[155.718,-6.873],[155.933,-6.641]]],[[[154.727,-5.211],[154.536,-5.137],[154.632,-5.459],[154.727,-5.211]]],[[[150.771,-6.13],[151.061,-6.029],[151.533,-5.665],[151.479,-5.53],[151.786,-5.585],[152.099,-5.456],[151.993,-4.972],[152.292,-4.935],[152.412,-4.684],[152.412,-4.329],[152.009,-4.192],[151.54,-4.177],[151.696,-4.819],[151.648,-4.949],[151.369,-4.903],[151.083,-5.164],[151.022,-5.39],[150.634,-5.557],[150.423,-5.457],[150.142,-5.534],[150.032,-5.295],[150.202,-5.062],[150.035,-5.034],[149.98,-5.438],[149.718,-5.569],[149.224,-5.599],[148.978,-5.465],[148.848,-5.541],[148.43,-5.445],[148.386,-5.775],[148.621,-5.808],[149.012,-6.028],[149.053,-6.162],[149.304,-6.059],[149.629,-6.299],[150.465,-6.274],[150.771,-6.13]]],[[[153.137,-4.269],[152.956,-3.999],[152.575,-3.821],[152.493,-3.643],[152.053,-3.247],[151.799,-3.178],[151.437,-2.909],[150.893,-2.675],[150.76,-2.769],[151.091,-2.833],[151.612,-3.166],[151.809,-3.361],[152.289,-3.57],[152.688,-4.164],[152.671,-4.452],[152.898,-4.848],[153.075,-4.602],[153.137,-4.269]]],[[[150.465,-2.532],[150.208,-2.375],[149.958,-2.478],[150.187,-2.679],[150.465,-2.532]]],[[[147.433,-1.984],[147.423,-2.046],[147.11,-1.963],[146.87,-1.947],[146.581,-1.995],[146.702,-2.114],[147.216,-2.183],[147.292,-2.064],[147.431,-2.061],[147.433,-1.984]]]]},"properties":{"name":"Papua New Guinea","country_code":"PG"}},
{"type":"Feature","geometry":{"type":"Polygon","coordinates":[[[34.248,31.211],[34.2,31.314],[33.648,31.117],[33.133,31.046],[33.099,31.19],[32.6,31.062],[32.257,31.289],[32.256,31.276],[32.287,31.17],[32.142,31.087],[32.143,31.08],[32.052,31.129],[31.795,31.278],[31.855,31.423],[31.845,31.498],[31.918,31.524],[31.994,31.438],[31.995,31.395],[32.083,31.359],[32.094,31.366],[31.945,31.521],[31.913,31.535],[31.838,31.525],[31.572,31.444],[31.35,31.53],[31.097,31.608],[30.981,31.437],[30.398,31.444],[30.098,31.285],[29.598,31.01],[29.028,30.827],[28.405,31.086],[27.897,31.114],[27.342,31.368],[25.824,31.615],[25.402,31.503],[25.151,31.656],[24.861,31.38],[24.995,30.785],[24.688,30.144],[24.812,29.891],[24.981,29.181],[24.981,28.097],[24.981,27.667],[24.981,27.049],[24.981,24.622],[24.981,22.871],[24.981,21.995],[26.344,21.995],[28.29,21.995],[29.458,21.995],[31.248,21.994],[31.314,22.102],[31.495,21.995],[32.525,21.995],[33.16,21.995],[35.486,21.996],[36.884,21.996],[36.44,22.356],[36.198,22.652],[35.886,22.736],[35.695,22.932],[35.489,23.497],[35.514,23.977],[35.717,23.993],[35.235,24.4],[34.547,25.725],[34.014,26.612],[34.004,26.849],[33.496,27.647],[33.513,27.959],[32.869,28.579],[32.625,28.973],[32.656,29.121],[32.591,29.35],[32.338,29.6],[32.57,29.956],[32.652,29.79],[32.721,29.467],[33.136,29.035],[33.238,28.566],[33.716,28.075],[34.078,27.801],[34.427,27.983],[34.407,28.308],[34.633,28.771],[34.737,29.305],[34.886,29.489],[34.887,29.49],[34.824,29.742],[34.248,31.211]]]},"properties":{"name":"Egypt","country_code":"EG"}},
{"type":"Feature","geometry":{"type":"MultiPolygon","coordinates":[[[[47.429,17.093],[46.997,16.949],[46.71,17.275],[46.323,17.224],[45.43,17.312],[44.972,17.43],[43.751,17.346],[43.638,17.439],[43.342,17.482],[43.165,17.326],[43.109,16.927],[43.186,16.685],[42.789,16.371],[42.835,15.914],[42.699,15.717],[43.029,14.538],[43.096,14.084],[43.284,13.665],[43.249,13.213],[43.531,12.695],[43.946,12.598],[44.415,12.673],[44.543,12.797],[44.694,12.803],[44.881,12.73],[45.059,12.762],[45.093,12.925],[45.099,12.936],[45.403,13.07],[45.666,13.342],[46.235,13.436],[46.701,13.43],[47.324,13.633],[48.017,14.057],[48.189,13.969],[48.681,14.044],[49.004,14.325],[49.078,14.506],[49.578,14.737],[50.18,14.843],[50.805,15.097],[51.368,15.23],[52.228,15.616],[52.156,15.984],[52.293,16.264],[52.598,16.477],[53.09,16.642],[52.73,17.3],[51.986,18.98],[51.979,18.996],[51.02,18.867],[49.129,18.612],[48.162,18.149],[47.589,17.463],[47.429,17.093]]],[[[54.471,12.544],[54.119,12.701],[53.763,12.62],[53.396,12.656],[53.334,12.516],[53.572,12.335],[54.14,12.351],[54.471,12.544]]]]},"properties":{"name":"Yemen","country_code":"YE"}},
{"type":"Feature","geometry":{"type":"Polygon","coordinates":[[[-13.032,21.582],[-13.015,21.333],[-14.296,21.333],[-16.959,21.333],[-17.057,20.767],[-16.918,21.159],[-16.665,20.671],[-16.43,20.644],[-16.2,20.215],[-16.234,19.794],[-16.467,19.464],[-16.323,19.458],[-16.522,19.396],[-16.21,18.996],[-16.06,18.391],[-16.032,17.886],[-16.173,17.262],[-16.459,16.644],[-16.542,15.809],[-16.327,16.475],[-15.672,16.481],[-14.949,16.671],[-14.343,16.637],[-13.811,16.122],[-13.718,16.159],[-13.72,16.136],[-13.485,16.155],[-13.238,15.623],[-12.964,15.509],[-12.747,15.131],[-12.69,15.092],[-12.264,14.775],[-12.07,14.734],[-11.82,14.9],[-11.846,15.179],[-11.702,15.537],[-11.41,15.602],[-10.915,15.103],[-10.736,15.423],[-10.585,15.428],[-9.836,15.371],[-9.141,15.496],[-9.003,15.496],[-8.018,15.495],[-6.32,15.495],[-5.509,15.507],[-5.353,16.312],[-5.623,16.528],[-5.756,17.741],[-5.964,19.621],[-6.219,21.823],[-6.372,23.124],[-6.506,24.276],[-6.593,24.994],[-4.822,24.995],[-5.662,25.509],[-7.297,26.471],[-8.682,27.285],[-8.681,26.013],[-10.202,25.995],[-12.015,25.995],[-12.015,23.495],[-12.619,23.271],[-13.015,23.018],[-13.165,22.753],[-13.093,22.495],[-13.032,21.582]]]},"properties":{"name":"Mauritania","country_code":"MR"}},
{"type":"Feature","geometry":{"type":"MultiPolygon","coordinates":[[[[9.8,2.342],[9.799,1.901],[9.347,1.182],[9.804,0.998],[10,1],[10.415,1.002],[10.964,1],[11.336,0.999],[11.332,1.733],[11.322,2.166],[10.41,2.166],[10.19,2.166],[9.991,2.166],[9.8,2.342]]],[[[5.626,-1.456],[5.646,-1.438],[5.633,-1.416],[5.626,-1.456]]],[[[8.627,3.633],[8.469,3.258],[8.686,3.197],[8.864,3.515],[8.908,3.758],[8.627,3.633]]]]},"properties":{"name":"Equatorial Guinea","country_code":"GQ"}},
{"type":"Feature","geometry":{"type":"Polygon","coordinates":[[[-14.86,13.766],[-15.394,13.772],[-15.498,13.642],[-16.085,13.585],[-16.561,13.587],[-16.522,13.359],[-16.142,13.455],[-15.556,13.528],[-15.302,13.496],[-15.3,13.496],[-16.161,13.429],[-16.151,13.284],[-16.546,13.29],[-16.596,13.385],[-16.679,13.496],[-16.763,13.405],[-16.754,13.065],[-16.674,13.164],[-15.897,13.157],[-15.824,13.249],[-15.807,13.34],[-15.342,13.363],[-15.181,13.56],[-14.552,13.323],[-14.202,13.23],[-13.851,13.336],[-13.883,13.504],[-13.988,13.579],[-14.347,13.452],[-14.462,13.517],[-14.86,13.766]]]},"properties":{"name":"The Gambia","country_code":"GM"}},
{"type":"Feature","geometry":{"type":"MultiPolygon","coordinates":[[[[114.23,22.556],[114.082,22.529],[114.085,22.523],[113.941,22.427],[114.021,22.35],[114.112,22.358],[114.146,22.332],[114.16,22.322],[114.177,22.291],[114.212,22.311],[114.243,22.286],[114.367,22.446],[114.251,22.431],[114.205,22.425],[114.333,22.512],[114.23,22.556]]],[[[113.996,22.316],[113.839,22.234],[113.906,22.204],[114.03,22.316],[113.996,22.316]]],[[[114.251,22.249],[114.179,22.279],[114.166,22.279],[114.113,22.272],[114.208,22.19],[114.251,22.249]]]]},"properties":{"name":"Hong Kong","country_code":"HK"}},
{"type":"Feature","geometry":{"type":"Polygon","coordinates":[[[12.453,41.904],[12.453,41.903],[12.454,41.903],[12.453,41.904]]]},"properties":{"name":"Vatican City","country_code":"VA"}},
{"type":"Feature","geometry":{"type":"Polygon","coordinates":[[[77.8,35.495],[77.413,35.469],[76.777,35.646],[77.049,35.11],[77.8,35.495]]]},"properties":{"name":"Siachen Glacier"}},
{"type":"Feature","geometry":{"type":"Polygon","coordinates":[[[63.384,45.566],[63.868,45.748],[63.868,46.209],[63.557,46.372],[63.013,46.297],[62.813,46.061],[62.9,45.748],[63.384,45.566]]]},"properties":{"name":"Baykonur Cosmodrome"}},
{"type":"Feature","geometry":{"type":"Polygon","coordinates":[[[33.016,34.634],[32.832,34.701],[32.761,34.653],[33.016,34.634]]]},"properties":{"name":"Akrotiri Sovereign Base Area"}},
{"type":"Feature","geometry":{"type":"MultiPolygon","coordinates":[[[[-51.731,-82.063],[-54.762,-82.3],[-57.699,-82.91],[-59.47,-83.46],[-61.851,-83.368],[-61.658,-83.058],[-62.795,-82.52],[-60.709,-82.161],[-65.073,-82.406],[-66.03,-82.312],[-65.803,-81.888],[-63.479,-81.78],[-65.692,-81.711],[-62.207,-81.693],[-62.414,-81.558],[-65.174,-81.512],[-68.372,-81.11],[-69.976,-80.976],[-71.126,-80.603],[-72.769,-80.969],[-74.047,-80.804],[-75.725,-80.819],[-75.578,-80.403],[-76.274,-80.081],[-77.666,-80.182],[-79.687,-79.983],[-77.419,-80.014],[-76.098,-79.734],[-76.533,-79.313],[-80.429,-79.258],[-80.492,-79.578],[-81.743,-79.065],[-83.254,-78.773],[-83.886,-78.419],[-83.768,-77.968],[-82.487,-78.466],[-80.295,-78.847],[-77.754,-78.736],[-77.413,-78.42],[-81.616,-77.862],[-80.227,-77.798],[-77.685,-77.93],[-74.892,-78.168],[-73.627,-78.025],[-72.722,-77.576],[-75.08,-77.437],[-75.527,-77.541],[-77,-77.036],[-77.509,-76.556],[-76.584,-76.52],[-72.406,-76.689],[-71.709,-76.763],[-70.094,-76.675],[-69.475,-76.341],[-68.104,-76.148],[-66.219,-76.011],[-63.162,-75.409],[-64.272,-75.241],[-63.041,-75.147],[-63.293,-74.72],[-62.735,-74.678],[-62.591,-74.951],[-61.782,-74.722],[-62.364,-74.403],[-61.543,-74.544],[-60.682,-74.325],[-61.857,-74.329],[-61.055,-74.103],[-60.8,-73.578],[-61.539,-73.392],[-62.002,-73.104],[-60.703,-73.391],[-60.094,-73.299],[-59.904,-72.993],[-60.552,-72.981],[-60.597,-72.65],[-61.137,-72.783],[-61.465,-72.407],[-60.823,-72.465],[-60.694,-71.998],[-61.167,-72.17],[-62.441,-71.92],[-61.092,-71.871],[-60.778,-71.677],[-61.554,-71.447],[-60.924,-71.339],[-61.554,-70.841],[-62.004,-70.921],[-61.416,-70.502],[-62.09,-70.548],[-62.393,-70.219],[-62.009,-70.076],[-62.53,-69.864],[-62.397,-69.515],[-62.963,-69.379],[-63.813,-68.718],[-63.906,-68.489],[-64.326,-68.642],[-64.085,-68.83],[-65.244,-68.629],[-64.976,-68.408],[-65.481,-68.308],[-64.801,-68.164],[-65.761,-68.166],[-65.38,-68.012],[-65.707,-67.859],[-65.337,-67.658],[-65.616,-67.369],[-64.791,-67.262],[-64.774,-66.846],[-63.831,-66.918],[-64.135,-66.643],[-63.583,-66.394],[-63.812,-66.189],[-63.235,-66.239],[-62.534,-66.719],[-62.668,-66.227],[-61.469,-66.114],[-61.09,-66.352],[-60.578,-65.94],[-61.333,-65.92],[-61.309,-66.087],[-62.023,-66.112],[-62.372,-65.916],[-62.08,-65.596],[-61.75,-65.57],[-62.198,-65.304],[-61.628,-65.241],[-61.729,-64.969],[-61.052,-65.011],[-60.636,-64.697],[-59.958,-64.387],[-59.464,-64.311],[-58.762,-64.459],[-58.733,-64.031],[-58.077,-63.663],[-57.201,-63.473],[-56.776,-63.563],[-57.287,-63.215],[-58.899,-63.54],[-59.489,-63.879],[-60.306,-63.915],[-61.019,-64.082],[-60.969,-64.296],[-61.423,-64.393],[-62.142,-64.785],[-62.574,-64.657],[-63.084,-65.166],[-63.874,-65.046],[-64.09,-65.413],[-63.682,-65.524],[-64.479,-65.631],[-64.496,-65.939],[-65.26,-65.957],[-65.091,-66.15],[-65.596,-66.098],[-65.872,-66.299],[-65.8,-66.716],[-66.512,-66.63],[-66.42,-66.882],[-66.981,-67.276],[-67.119,-66.936],[-67.661,-67.483],[-66.993,-67.469],[-66.874,-67.918],[-67.269,-67.969],[-66.946,-68.223],[-67.01,-69.262],[-67.527,-69.434],[-68.316,-69.289],[-68.825,-69.431],[-68.362,-69.683],[-68.484,-70.053],[-67.949,-70.312],[-67.411,-70.993],[-67.623,-71.433],[-66.748,-72.092],[-67.511,-72.834],[-68.667,-73.088],[-70.293,-73.293],[-73.073,-73.444],[-73.949,-73.71],[-75.268,-73.621],[-76.277,-73.821],[-77.242,-73.812],[-76.699,-73.548],[-77.531,-73.467],[-78.872,-73.583],[-78.744,-73.365],[-79.647,-73.039],[-80.378,-72.95],[-80.651,-73.084],[-80.394,-73.414],[-81.311,-73.273],[-81.234,-73.73],[-82.065,-73.887],[-82.934,-73.71],[-83.797,-73.744],[-83.752,-73.56],[-84.467,-73.569],[-85.543,-73.372],[-85.783,-73.169],[-86.947,-73.384],[-87.394,-73.226],[-88.444,-73.264],[-88.714,-73.12],[-88.223,-72.712],[-89.348,-72.635],[-89.23,-73.111],[-91.115,-73.301],[-91.954,-73.185],[-93.572,-73.175],[-96.475,-73.299],[-97.717,-73.025],[-100.766,-72.976],[-101.96,-73.056],[-102.717,-72.998],[-102.094,-72.772],[-103.041,-72.708],[-103.43,-72.849],[-102.874,-73.308],[-99.768,-73.364],[-99.497,-73.619],[-99.867,-73.733],[-101.164,-73.771],[-101.385,-73.667],[-102.89,-73.586],[-102.923,-73.858],[-101.589,-74],[-101.396,-74.503],[-100.131,-74.473],[-100.105,-74.943],[-98.402,-75.236],[-101.113,-75.432],[-101.564,-75.147],[-103.296,-75.085],[-105.142,-75.181],[-106.715,-75.334],[-109.693,-75.146],[-111.619,-75.197],[-110.294,-74.782],[-110.248,-74.372],[-111.231,-74.197],[-111.887,-74.229],[-111.917,-74.618],[-111.543,-74.802],[-114.27,-75.004],[-113.225,-74.402],[-113.801,-74.452],[-113.422,-74.175],[-113.952,-73.915],[-114.734,-73.927],[-115.125,-74.095],[-114.838,-74.471],[-116.693,-74.558],[-117.844,-74.51],[-117.947,-74.261],[-118.975,-74.404],[-118.867,-74.602],[-121.773,-74.786],[-124.366,-74.707],[-126.939,-74.677],[-129.975,-74.913],[-131.013,-74.817],[-132.791,-74.769],[-133.866,-74.928],[-134.519,-74.643],[-135.342,-74.56],[-135.702,-74.747],[-136.794,-74.75],[-137.01,-75.01],[-136.346,-75.178],[-137.904,-75.106],[-139.567,-75.148],[-140.277,-75.433],[-141.23,-75.492],[-140.913,-75.762],[-141.527,-75.768],[-141.861,-75.521],[-144.357,-75.624],[-144.16,-75.804],[-146.209,-75.915],[-146.5,-76.087],[-145.355,-76.435],[-148.197,-76.087],[-149.483,-76.293],[-149.64,-76.43],[-148.453,-76.506],[-147.082,-76.433],[-145.345,-77.057],[-146.319,-76.99],[-145.275,-77.221],[-145.964,-77.254],[-145.407,-77.479],[-146.397,-77.495],[-146.976,-77.236],[-147.58,-77.385],[-148.77,-77.105],[-149.021,-77.338],[-147.758,-77.462],[-149.975,-77.816],[-151.515,-77.416],[-152.485,-77.319],[-152.575,-77.502],[-153.862,-77.443],[-153.534,-77.254],[-154.894,-77.104],[-156.324,-77.066],[-157.083,-77.351],[-157.925,-77.056],[-158.118,-77.556],[-158.637,-77.865],[-157.2,-78.253],[-154.396,-78.136],[-154.73,-78.455],[-156.053,-78.494],[-156.528,-78.664],[-154.97,-79.035],[-152.564,-79.175],[-150.447,-79.559],[-147.773,-79.779],[-147.155,-79.946],[-149,-79.861],[-148.834,-80.131],[-150.37,-80.075],[-150.891,-80.398],[-149.019,-80.591],[-147.628,-80.92],[-152.529,-81.047],[-156.45,-81.149],[-157.057,-81.351],[-154.997,-81.489],[-153.692,-81.747],[-154.804,-81.966],[-152.543,-82.548],[-155.059,-82.802],[-155.592,-83.046],[-158.497,-83.118],[-156.918,-83.23],[-157.555,-83.39],[-162.169,-83.525],[-163.134,-83.316],[-164.617,-83.507],[-165.086,-83.202],[-170.719,-83.197],[-171.408,-82.954],[-174.028,-82.915],[-169.433,-83.409],[-168.26,-83.744],[-165.514,-83.746],[-163.703,-84.05],[-165.154,-84.138],[-163.001,-84.363],[-163.863,-84.55],[-155.643,-84.828],[-157.581,-84.883],[-155.504,-85.126],[-162.849,-84.883],[-166.911,-84.82],[-168.255,-84.648],[-175.178,-84.415],[-175.881,-84.547],[-178.298,-84.308],[-180,-84.353],[-180,-84.515],[-180,-85.014],[-180,-85.512],[-180,-86.011],[-180,-86.51],[-180,-87.008],[-180,-87.507],[-180,-88.006],[-180,-88.504],[-180,-89.003],[-180,-89.501],[-180,-90],[-179.501,-90],[-179.001,-90],[-178.502,-90],[-178.003,-90],[-177.503,-90],[-177.004,-90],[-176.505,-90],[-176.006,-90],[-175.506,-90],[-175.007,-90],[-174.508,-90],[-174.008,-90],[-173.509,-90],[-173.01,-90],[-172.51,-90],[-172.011,-90],[-171.512,-90],[-171.012,-90],[-170.513,-90],[-170.014,-90],[-169.515,-90],[-169.015,-90],[-168.516,-90],[-168.017,-90],[-167.517,-90],[-167.018,-90],[-166.519,-90],[-166.019,-90],[-165.52,-90],[-165.021,-90],[-164.521,-90],[-164.022,-90],[-163.523,-90],[-163.024,-90],[-162.524,-90],[-162.025,-90],[-161.526,-90],[-161.026,-90],[-160.527,-90],[-160.028,-90],[-159.528,-90],[-159.029,-90],[-158.53,-90],[-158.031,-90],[-157.531,-90],[-157.032,-90],[-156.533,-90],[-156.033,-90],[-155.534,-90],[-155.035,-90],[-154.535,-90],[-154.036,-90],[-153.537,-90],[-153.037,-90],[-152.538,-90],[-152.039,-90],[-151.54,-90],[-151.04,-90],[-150.541,-90],[-150.042,-90],[-149.542,-90],[-149.043,-90],[-148.544,-90],[-148.044,-90],[-147.545,-90],[-147.046,-90],[-146.546,-90],[-146.047,-90],[-145.548,-90],[-145.049,-90],[-144.549,-90],[-144.05,-90],[-143.551,-90],[-143.051,-90],[-142.552,-90],[-142.053,-90],[-141.553,-90],[-141.054,-90],[-140.555,-90],[-140.055,-90],[-139.556,-90],[-139.057,-90],[-138.558,-90],[-138.058,-90],[-137.559,-90],[-137.06,-90],[-136.56,-90],[-136.061,-90],[-135.562,-90],[-135.062,-90],[-134.563,-90],[-134.064,-90],[-133.564,-90],[-133.065,-90],[-132.566,-90],[-132.067,-90],[-131.567,-90],[-131.068,-90],[-130.569,-90],[-130.069,-90],[-129.57,-90],[-129.071,-90],[-128.571,-90],[-128.072,-90],[-127.573,-90],[-127.074,-90],[-126.574,-90],[-126.075,-90],[-125.576,-90],[-125.076,-90],[-124.577,-90],[-124.078,-90],[-123.578,-90],[-123.079,-90],[-122.58,-90],[-122.08,-90],[-121.581,-90],[-121.082,-90],[-120.583,-90],[-120.083,-90],[-119.584,-90],[-119.085,-90],[-118.585,-90],[-118.086,-90],[-117.587,-90],[-117.087,-90],[-116.588,-90],[-116.089,-90],[-115.589,-90],[-115.09,-90],[-114.591,-90],[-114.092,-90],[-113.592,-90],[-113.093,-90],[-112.594,-90],[-112.094,-90],[-111.595,-90],[-111.096,-90],[-110.596,-90],[-110.097,-90],[-109.598,-90],[-109.098,-90],[-108.599,-90],[-108.1,-90],[-107.601,-90],[-107.101,-90],[-106.602,-90],[-106.103,-90],[-105.603,-90],[-105.104,-90],[-104.605,-90],[-104.105,-90],[-103.606,-90],[-103.107,-90],[-102.607,-90],[-102.108,-90],[-101.609,-90],[-101.11,-90],[-100.61,-90],[-100.111,-90],[-99.612,-90],[-99.112,-90],[-98.613,-90],[-98.114,-90],[-97.614,-90],[-97.115,-90],[-96.616,-90],[-96.117,-90],[-95.617,-90],[-95.118,-90],[-94.619,-90],[-94.119,-90],[-93.62,-90],[-93.121,-90],[-92.621,-90],[-92.122,-90],[-91.623,-90],[-91.123,-90],[-90.624,-90],[-90.125,-90],[-89.626,-90],[-89.126,-90],[-88.627,-90],[-88.128,-90],[-87.628,-90],[-87.129,-90],[-86.63,-90],[-86.13,-90],[-85.631,-90],[-85.132,-90],[-84.632,-90],[-84.133,-90],[-83.634,-90],[-83.135,-90],[-82.635,-90],[-82.136,-90],[-81.637,-90],[-81.137,-90],[-80.638,-90],[-80.139,-90],[-79.639,-90],[-79.14,-90],[-78.641,-90],[-78.141,-90],[-77.642,-90],[-77.143,-90],[-76.644,-90],[-76.144,-90],[-75.645,-90],[-75.146,-90],[-74.646,-90],[-74.147,-90],[-73.648,-90],[-73.148,-90],[-72.649,-90],[-72.15,-90],[-71.65,-90],[-71.151,-90],[-70.652,-90],[-70.153,-90],[-69.653,-90],[-69.154,-90],[-68.655,-90],[-68.155,-90],[-67.656,-90],[-67.157,-90],[-66.657,-90],[-66.158,-90],[-65.659,-90],[-65.16,-90],[-64.66,-90],[-64.161,-90],[-63.662,-90],[-63.162,-90],[-62.663,-90],[-62.164,-90],[-61.664,-90],[-61.165,-90],[-60.666,-90],[-60.166,-90],[-59.667,-90],[-59.168,-90],[-58.669,-90],[-58.169,-90],[-57.67,-90],[-57.171,-90],[-56.671,-90],[-56.172,-90],[-55.673,-90],[-55.173,-90],[-54.674,-90],[-54.175,-90],[-53.675,-90],[-53.176,-90],[-52.677,-90],[-52.178,-90],[-51.678,-90],[-51.179,-90],[-50.68,-90],[-50.18,-90],[-49.681,-90],[-49.182,-90],[-48.682,-90],[-48.183,-90],[-47.684,-90],[-47.184,-90],[-46.685,-90],[-46.186,-90],[-45.687,-90],[-45.187,-90],[-44.688,-90],[-44.189,-90],[-43.689,-90],[-43.19,-90],[-42.691,-90],[-42.191,-90],[-41.692,-90],[-41.193,-90],[-40.693,-90],[-40.194,-90],[-39.695,-90],[-39.196,-90],[-38.696,-90],[-38.197,-90],[-37.698,-90],[-37.198,-90],[-36.699,-90],[-36.2,-90],[-35.7,-90],[-35.201,-90],[-34.702,-90],[-34.202,-90],[-33.703,-90],[-33.204,-90],[-32.705,-90],[-32.205,-90],[-31.706,-90],[-31.207,-90],[-30.707,-90],[-30.208,-90],[-29.709,-90],[-29.209,-90],[-28.71,-90],[-28.211,-90],[-27.712,-90],[-27.212,-90],[-26.713,-90],[-26.214,-90],[-25.714,-90],[-25.215,-90],[-24.716,-90],[-24.216,-90],[-23.717,-90],[-23.218,-90],[-22.718,-90],[-22.219,-90],[-21.72,-90],[-21.221,-90],[-20.721,-90],[-20.222,-90],[-19.723,-90],[-19.223,-90],[-18.724,-90],[-18.225,-90],[-17.725,-90],[-17.226,-90],[-16.727,-90],[-16.227,-90],[-15.728,-90],[-15.229,-90],[-14.73,-90],[-14.23,-90],[-13.731,-90],[-13.232,-90],[-12.732,-90],[-12.233,-90],[-11.734,-90],[-11.234,-90],[-10.735,-90],[-10.236,-90],[-9.736,-90],[-9.237,-90],[-8.738,-90],[-8.239,-90],[-7.739,-90],[-7.24,-90],[-6.741,-90],[-6.241,-90],[-5.742,-90],[-5.243,-90],[-4.743,-90],[-4.244,-90],[-3.745,-90],[-3.245,-90],[-2.746,-90],[-2.247,-90],[-1.748,-90],[-1.248,-90],[-0.749,-90],[-0.25,-90],[0.25,-90],[0.749,-90],[1.248,-90],[1.748,-90],[2.247,-90],[2.746,-90],[3.245,-90],[3.745,-90],[4.244,-90],[4.743,-90],[5.243,-90],[5.742,-90],[6.241,-90],[6.741,-90],[7.24,-90],[7.739,-90],[8.239,-90],[8.738,-90],[9.237,-90],[9.736,-90],[10.236,-90],[10.735,-90],[11.234,-90],[11.734,-90],[12.233,-90],[12.732,-90],[13.232,-90],[13.731,-90],[14.23,-90],[14.73,-90],[15.229,-90],[15.728,-90],[16.227,-90],[16.727,-90],[17.226,-90],[17.725,-90],[18.225,-90],[18.724,-90],[19.223,-90],[19.723,-90],[20.222,-90],[20.721,-90],[21.221,-90],[21.72,-90],[22.219,-90],[22.718,-90],[23.218,-90],[23.717,-90],[24.216,-90],[24.716,-90],[25.215,-90],[25.714,-90],[26.214,-90],[26.713,-90],[27.212,-90],[27.712,-90],[28.211,-90],[28.71,-90],[29.209,-90],[29.709,-90],[30.208,-90],[30.707,-90],[31.207,-90],[31.706,-90],[32.205,-90],[32.705,-90],[33.204,-90],[33.703,-90],[34.202,-90],[34.702,-90],[35.201,-90],[35.7,-90],[36.2,-90],[36.699,-90],[37.198,-90],[37.698,-90],[38.197,-90],[38.696,-90],[39.196,-90],[39.695,-90],[40.194,-90],[40.693,-90],[41.193,-90],[41.692,-90],[42.191,-90],[42.691,-90],[43.19,-90],[43.689,-90],[44.189,-90],[44.688,-90],[45.187,-90],[45.687,-90],[46.186,-90],[46.685,-90],[47.184,-90],[47.684,-90],[48.183,-90],[48.682,-90],[49.182,-90],[49.681,-90],[50.18,-90],[50.68,-90],[51.179,-90],[51.678,-90],[52.178,-90],[52.677,-90],[53.176,-90],[53.675,-90],[54.175,-90],[54.674,-90],[55.173,-90],[55.673,-90],[56.172,-90],[56.671,-90],[57.171,-90],[57.67,-90],[58.169,-90],[58.669,-90],[59.168,-90],[59.667,-90],[60.166,-90],[60.666,-90],[61.165,-90],[61.664,-90],[62.164,-90],[62.663,-90],[63.162,-90],[63.662,-90],[64.161,-90],[64.66,-90],[65.16,-90],[65.659,-90],[66.158,-90],[66.657,-90],[67.157,-90],[67.656,-90],[68.155,-90],[68.655,-90],[69.154,-90],[69.653,-90],[70.153,-90],[70.652,-90],[71.151,-90],[71.65,-90],[72.15,-90],[72.649,-90],[73.148,-90],[73.648,-90],[74.147,-90],[74.646,-90],[75.146,-90],[75.645,-90],[76.144,-90],[76.644,-90],[77.143,-90],[77.642,-90],[78.141,-90],[78.641,-90],[79.14,-90],[79.639,-90],[80.139,-90],[80.638,-90],[81.137,-90],[81.637,-90],[82.136,-90],[82.635,-90],[83.135,-90],[83.634,-90],[84.133,-90],[84.632,-90],[85.132,-90],[85.631,-90],[86.13,-90],[86.63,-90],[87.129,-90],[87.628,-90],[88.128,-90],[88.627,-90],[89.126,-90],[89.626,-90],[90.125,-90],[90.624,-90],[91.123,-90],[91.623,-90],[92.122,-90],[92.621,-90],[93.121,-90],[93.62,-90],[94.119,-90],[94.619,-90],[95.118,-90],[95.617,-90],[96.117,-90],[96.616,-90],[97.115,-90],[97.614,-90],[98.114,-90],[98.613,-90],[99.112,-90],[99.612,-90],[100.111,-90],[100.61,-90],[101.11,-90],[101.609,-90],[102.108,-90],[102.607,-90],[103.107,-90],[103.606,-90],[104.105,-90],[104.605,-90],[105.104,-90],[105.603,-90],[106.103,-90],[106.602,-90],[107.101,-90],[107.601,-90],[108.1,-90],[108.599,-90],[109.098,-90],[109.598,-90],[110.097,-90],[110.596,-90],[111.096,-90],[111.595,-90],[112.094,-90],[112.594,-90],[113.093,-90],[113.592,-90],[114.092,-90],[114.591,-90],[115.09,-90],[115.589,-90],[116.089,-90],[116.588,-90],[117.087,-90],[117.587,-90],[118.086,-90],[118.585,-90],[119.085,-90],[119.584,-90],[120.083,-90],[120.583,-90],[121.082,-90],[121.581,-90],[122.08,-90],[122.58,-90],[123.079,-90],[123.578,-90],[124.078,-90],[124.577,-90],[125.076,-90],[125.576,-90],[126.075,-90],[126.574,-90],[127.074,-90],[127.573,-90],[128.072,-90],[128.571,-90],[129.071,-90],[129.57,-90],[130.069,-90],[130.569,-90],[131.068,-90],[131.567,-90],[132.067,-90],[132.566,-90],[133.065,-90],[133.564,-90],[134.064,-90],[134.563,-90],[135.062,-90],[135.562,-90],[136.061,-90],[136.56,-90],[137.06,-90],[137.559,-90],[138.058,-90],[138.558,-90],[139.057,-90],[139.556,-90],[140.055,-90],[140.555,-90],[141.054,-90],[141.553,-90],[142.053,-90],[142.552,-90],[143.051,-90],[143.551,-90],[144.05,-90],[144.549,-90],[145.049,-90],[145.548,-90],[146.047,-90],[146.546,-90],[147.046,-90],[147.545,-90],[148.044,-90],[148.544,-90],[149.043,-90],[149.542,-90],[150.042,-90],[150.541,-90],[151.04,-90],[151.54,-90],[152.039,-90],[152.538,-90],[153.037,-90],[153.537,-90],[154.036,-90],[154.535,-90],[155.035,-90],[155.534,-90],[156.033,-90],[156.533,-90],[157.032,-90],[157.531,-90],[158.031,-90],[158.53,-90],[159.029,-90],[159.528,-90],[160.028,-90],[160.527,-90],[161.026,-90],[161.526,-90],[162.025,-90],[162.524,-90],[163.024,-90],[163.523,-90],[164.022,-90],[164.521,-90],[165.021,-90],[165.52,-90],[166.019,-90],[166.519,-90],[167.018,-90],[167.517,-90],[168.017,-90],[168.516,-90],[169.015,-90],[169.515,-90],[170.014,-90],[170.513,-90],[171.012,-90],[171.512,-90],[172.011,-90],[172.51,-90],[173.01,-90],[173.509,-90],[174.008,-90],[174.508,-90],[175.007,-90],[175.506,-90],[176.006,-90],[176.505,-90],[177.004,-90],[177.503,-90],[178.003,-90],[178.502,-90],[179.001,-90],[179.501,-90],[180,-90],[180,-89.501],[180,-89.003],[180,-88.504],[180,-88.006],[180,-87.507],[180,-87.008],[180,-86.51],[180,-86.011],[180,-85.512],[180,-85.014],[180,-84.515],[180,-84.353],[172.098,-83.718],[171.577,-83.5],[168.661,-83.397],[168.593,-82.999],[165.373,-82.606],[164.673,-82.339],[162.769,-82.487],[160.64,-82.423],[163.839,-82.231],[162.479,-81.689],[161.011,-81.549],[160.132,-81.204],[161.142,-81.244],[160.602,-80.869],[161.241,-80.803],[160.752,-80.38],[158.588,-80.477],[158.782,-80.259],[161.383,-79.947],[159.496,-79.82],[160.688,-79.45],[160.695,-79.038],[162.065,-79.069],[161.362,-78.578],[162.482,-78.779],[164.41,-78.604],[166.09,-78.567],[167.068,-78.707],[167.001,-78.501],[165.787,-78.421],[165.416,-78.025],[165.097,-78.254],[163.883,-78.221],[164.501,-77.854],[163.557,-77.72],[163.716,-77.397],[163.021,-77.014],[162.302,-76.951],[162.931,-76.707],[162.9,-75.823],[162.074,-75.543],[162.191,-75.388],[160.639,-75.398],[161.776,-75.189],[162.543,-75.24],[162.452,-74.921],[163.121,-74.409],[163.535,-74.341],[163.787,-74.624],[165.177,-74.526],[164.591,-73.927],[164.829,-73.438],[165.261,-73.893],[166.294,-73.726],[167.222,-73.418],[167.929,-73.359],[167.095,-73.252],[166.767,-73.065],[168.304,-73.164],[169.631,-73.044],[169.932,-72.736],[168.867,-72.576],[168.707,-72.359],[170.255,-72.603],[169.885,-72.43],[170.334,-71.801],[170.573,-72.006],[170.946,-71.861],[170.282,-71.299],[170.272,-71.651],[167.878,-71.014],[167.701,-70.791],[166.471,-70.766],[165.312,-70.56],[164.24,-70.491],[164.012,-70.791],[163.422,-70.654],[162.708,-70.3],[162.094,-70.314],[161.99,-70.923],[161.307,-70.86],[161.452,-70.686],[160.636,-70.049],[159.761,-69.885],[160.334,-69.796],[159.754,-69.502],[157.873,-69.172],[157.374,-69.355],[157.14,-69.161],[156.35,-69.202],[155.593,-68.947],[154.986,-68.886],[154.719,-68.528],[153.836,-68.274],[153.845,-68.76],[153.251,-68.878],[152.403,-68.699],[151.615,-68.698],[151.567,-68.917],[150.971,-68.717],[150.853,-68.351],[149.785,-68.487],[147.03,-68.416],[146.619,-68.183],[146.873,-67.938],[146.385,-67.915],[146.048,-67.587],[145.644,-67.737],[145.444,-67.515],[143.881,-67.934],[144.092,-67.451],[144.662,-67.117],[144.512,-67.016],[143.751,-67.139],[143.876,-66.94],[143.471,-66.846],[142.477,-67.026],[141.982,-66.8],[141.26,-66.857],[140.376,-66.785],[139.252,-66.567],[138.184,-66.538],[137.721,-66.368],[136.945,-66.328],[136.636,-66.456],[136.16,-66.245],[135.647,-66.278],[135.343,-66.101],[135.178,-66.331],[134.109,-66.505],[134.427,-66.311],[133.792,-66.105],[133.12,-66.097],[131.758,-66.243],[130.73,-66.147],[129.722,-66.438],[129.585,-66.729],[129.065,-67.174],[128.075,-67.022],[127.432,-67.07],[126.704,-66.846],[126.854,-66.449],[126.393,-66.553],[125.898,-66.306],[125.41,-66.418],[124.717,-66.759],[124.015,-66.589],[123.516,-66.754],[122.244,-66.845],[121.515,-67.093],[118.89,-67.42],[118.732,-67.279],[120.341,-67.012],[120.352,-66.935],[118.881,-67.184],[118.368,-67.046],[116.5,-67.124],[115.338,-67.219],[115.212,-67.326],[113.66,-67.452],[114.03,-67.191],[115.16,-67.054],[115.781,-66.788],[115.113,-66.478],[114.322,-66.509],[114.43,-66.226],[113.204,-65.765],[110.927,-66.055],[110.489,-66.309],[110.725,-66.405],[110.445,-66.658],[109.386,-66.933],[108.723,-66.933],[108.136,-66.625],[107.71,-66.848],[107.779,-66.552],[106.768,-66.456],[103.908,-65.979],[102.714,-65.861],[102.338,-65.951],[101.336,-65.944],[101.476,-66.058],[100.822,-66.385],[99.576,-66.549],[98.826,-66.91],[98.528,-66.449],[97.672,-66.677],[97.235,-66.508],[96.109,-66.57],[95.497,-66.7],[94.917,-66.475],[93.739,-66.747],[93.624,-66.583],[92.76,-66.634],[91.96,-66.498],[91.145,-66.574],[90.372,-66.821],[87.966,-66.77],[86.697,-67.064],[86.067,-67.041],[85.443,-67.189],[84.962,-67.076],[83.417,-67.428],[83.215,-67.579],[82.059,-67.672],[79.131,-68.148],[78.464,-68.502],[78.67,-68.698],[78.143,-68.759],[77.842,-69.13],[77,-69.212],[76.828,-69.352],[75.82,-69.525],[75.883,-69.779],[75.417,-69.942],[74.075,-69.713],[73.473,-69.781],[72.627,-70.195],[72.87,-70.433],[71.727,-70.774],[71.202,-71.335],[71.54,-71.61],[70.442,-71.862],[70.53,-72.048],[69.946,-72.081],[69.632,-72.431],[68.494,-72.475],[67.919,-72.711],[68.022,-73.147],[67.342,-73.302],[66.326,-73.131],[67,-72.903],[67.449,-71.896],[68.083,-71.365],[68.81,-71.08],[69.192,-70.711],[69.146,-70.309],[68.536,-70.472],[67.229,-70.304],[67.605,-70.015],[68.271,-69.835],[68.606,-70.027],[69.355,-69.617],[68.733,-69.551],[68.921,-69.309],[69.706,-69.327],[69.304,-69.047],[69.858,-68.872],[69.281,-68.831],[69.663,-68.579],[70.18,-68.495],[69.814,-68.285],[69.555,-67.738],[68.377,-67.895],[64.721,-67.653],[63.651,-67.503],[62.617,-67.66],[60.619,-67.401],[59.679,-67.394],[59.513,-67.606],[58.455,-67.195],[57.563,-66.994],[56.153,-67.196],[56.707,-66.9],[56.013,-66.661],[57.242,-66.719],[56.808,-66.405],[56.399,-66.463],[55.612,-66.028],[55.183,-65.931],[53.735,-65.846],[52.222,-65.973],[51.352,-66.222],[50.322,-66.394],[50.24,-66.743],[50.83,-66.775],[50.428,-66.963],[50.978,-67.168],[50.202,-67.121],[49.666,-67.278],[49.793,-67.028],[49.312,-67.046],[49.216,-66.819],[48.361,-67.016],[48.449,-67.182],[49.405,-67.223],[48.629,-67.452],[48.718,-67.682],[47.059,-67.685],[46.92,-67.507],[47.441,-67.409],[46.892,-67.265],[46.281,-67.334],[46.306,-67.559],[45.66,-67.817],[45.404,-67.695],[44.717,-67.784],[44.829,-67.966],[44.002,-67.969],[42.859,-68.104],[42.536,-68.38],[41.015,-68.596],[40.752,-68.751],[39.858,-68.83],[39.779,-69.611],[39.209,-69.707],[38.714,-70.189],[37.786,-69.682],[37.006,-69.881],[36.37,-69.606],[35.244,-69.736],[35.2,-69.294],[34.587,-69.067],[33.771,-69.053],[34.371,-68.806],[34.214,-68.678],[33.216,-68.67],[32.562,-68.856],[32.488,-69.082],[32.928,-69.344],[32.745,-70.013],[31.28,-70.237],[29.841,-70.311],[28.452,-70.694],[27.628,-70.741],[26.446,-71.032],[24.968,-70.945],[24.265,-70.679],[24.409,-70.534],[23.752,-70.403],[23.323,-70.81],[21.853,-70.638],[22.579,-70.54],[21.802,-70.236],[21.159,-70.665],[21.201,-70.812],[20.404,-70.923],[19.289,-70.914],[18.915,-70.634],[19.297,-70.368],[18.942,-70.171],[18.253,-70.326],[18.094,-70.542],[16.505,-70.454],[16.653,-70.186],[15.963,-70.19],[15.827,-70.378],[15.037,-70.291],[13.849,-70.348],[12.969,-70.046],[12.445,-70.07],[13.018,-70.242],[12.322,-70.37],[11.854,-70.782],[9.979,-70.454],[9.404,-70.104],[9.168,-70.308],[7.93,-70.472],[7.835,-70.164],[7.424,-70.204],[7.657,-70.474],[5.588,-70.649],[5.074,-70.634],[3.575,-70.852],[2.52,-70.901],[0.232,-71.35],[-0.469,-71.754],[-0.952,-71.624],[-1.138,-71.255],[-1.489,-71.459],[-2.887,-71.268],[-3.471,-71.521],[-4.387,-71.323],[-6.15,-71.366],[-5.675,-70.733],[-6.318,-70.708],[-6.618,-70.924],[-7.856,-70.826],[-7.564,-71.151],[-7.651,-71.658],[-8.429,-71.73],[-8.988,-71.277],[-9.452,-71.099],[-10.425,-71.019],[-10.101,-71.181],[-10.596,-71.297],[-10.84,-71.585],[-11.66,-71.276],[-12.381,-71.395],[-12.175,-71.624],[-10.847,-71.781],[-11.357,-72.396],[-12.456,-72.56],[-13.519,-72.845],[-14.418,-72.724],[-13.895,-72.987],[-14.458,-73.159],[-15.541,-73.077],[-16.438,-73.413],[-16.603,-73.634],[-15.686,-73.948],[-14.362,-73.858],[-15.753,-74.43],[-16.597,-74.307],[-17.456,-74.337],[-17.802,-74.777],[-18.874,-75.249],[-18.251,-75.46],[-19.768,-75.549],[-20.399,-75.472],[-21.27,-75.714],[-22.302,-75.645],[-24.214,-75.756],[-25.948,-75.933],[-26.985,-76.17],[-28.859,-76.353],[-30.692,-76.85],[-33.721,-77.311],[-34.711,-77.629],[-34.459,-77.822],[-35.313,-77.844],[-36.441,-78.611],[-36.251,-78.852],[-32.82,-79.244],[-30.298,-79.037],[-30.525,-79.286],[-29.541,-79.28],[-30.673,-79.588],[-24.73,-79.782],[-22.532,-79.917],[-24.254,-80.076],[-29.761,-80.176],[-31.319,-80.309],[-30.506,-80.478],[-32.031,-80.435],[-33.476,-80.615],[-35.358,-80.615],[-36.033,-80.921],[-37.23,-81.089],[-38.791,-80.86],[-41.119,-81.226],[-43.19,-81.9],[-44.011,-82.391],[-46.054,-82.555],[-46.279,-81.91],[-47.585,-82.02],[-48.38,-81.89],[-51.731,-82.063]]],[[[-59.287,-80.21],[-59.898,-80.116],[-59.821,-79.769],[-61.523,-79.893],[-61.75,-80.368],[-66.701,-80.412],[-64.285,-80.751],[-63.141,-80.592],[-62.522,-80.865],[-60.653,-80.96],[-59.819,-80.745],[-59.287,-80.21]]],[[[-66.149,-79.628],[-67.707,-79.526],[-66.223,-80.086],[-65.463,-79.953],[-66.149,-79.628]]],[[[-68.233,-79.286],[-67.468,-79.506],[-67.059,-79.261],[-68.233,-79.286]]],[[[-33.916,-79.313],[-35.503,-79.09],[-36.726,-79.298],[-33.916,-79.313]]],[[[-66.734,-78.442],[-66.993,-78.307],[-70.593,-78.886],[-71.395,-79.102],[-71.816,-79.479],[-70.342,-79.697],[-68.946,-79.097],[-66.734,-78.442]]],[[[-52.519,-80.2],[-53.343,-80.107],[-54.378,-80.577],[-54.162,-80.877],[-49.798,-80.791],[-49.719,-80.686],[-43.532,-80.2],[-43.857,-79.997],[-43.016,-79.85],[-42.972,-79.43],[-43.739,-78.801],[-45.219,-78.819],[-45.156,-78.662],[-43.963,-78.603],[-43.819,-78.248],[-45.934,-77.817],[-47.223,-77.773],[-49.072,-78.042],[-50.367,-78.691],[-50.561,-78.96],[-50.264,-79.536],[-52.519,-80.2]]],[[[-20.367,-74.425],[-20.693,-74.102],[-20.533,-73.64],[-21.336,-74.004],[-20.807,-74.475],[-20.367,-74.425]]],[[[-74.847,-72.867],[-75.776,-72.894],[-75.373,-73.046],[-76.126,-73.159],[-75.875,-73.347],[-74.593,-73.615],[-74.219,-72.991],[-74.847,-72.867]]],[[[-90.902,-72.82],[-91.044,-72.543],[-91.687,-72.61],[-91.333,-72.898],[-91.525,-73.193],[-90.918,-73.101],[-90.902,-72.82]]],[[[-95.499,-72.316],[-95.737,-72.056],[-96.724,-72.264],[-96.2,-72.024],[-96.36,-71.835],[-97.048,-71.876],[-98.353,-72.156],[-97.982,-71.86],[-98.828,-71.761],[-99.75,-72.04],[-100.437,-71.879],[-102.087,-71.974],[-102.292,-72.127],[-99.186,-72.375],[-99.397,-72.498],[-98.58,-72.573],[-96.055,-72.584],[-95.499,-72.316]]],[[[-74.913,-71.023],[-73.619,-70.775],[-73.884,-70.571],[-74.904,-70.584],[-75.2,-70.777],[-76.543,-70.966],[-76.13,-71.138],[-74.913,-71.023]]],[[[-3.43,-70.539],[-2.685,-70.472],[-2.834,-70.281],[-3.43,-70.539]]],[[[-75.484,-70.134],[-74.873,-70.184],[-74.407,-69.938],[-74.963,-69.717],[-75.832,-70.016],[-75.484,-70.134]]],[[[-72.846,-69.586],[-71.95,-69.683],[-72.399,-69.465],[-72.846,-69.586]]],[[[-61.755,-69.454],[-62.192,-69.186],[-62.579,-69.189],[-61.96,-69.708],[-61.755,-69.454]]],[[[-71.46,-72.629],[-70.646,-72.667],[-69.218,-72.543],[-68.414,-72.22],[-68.483,-71.897],[-68.161,-71.606],[-68.299,-70.869],[-68.72,-70.369],[-69.285,-69.923],[-69.317,-69.626],[-69.767,-69.287],[-70.092,-69.277],[-70.106,-68.891],[-70.402,-68.787],[-72.013,-68.955],[-72.159,-69.227],[-71.616,-69.455],[-71.928,-69.954],[-71.317,-70.177],[-70.231,-70.136],[-70.118,-70.33],[-70.999,-70.466],[-71.267,-70.68],[-70.701,-70.832],[-69.776,-70.858],[-69.838,-71.152],[-70.411,-70.945],[-71.325,-70.966],[-71.69,-71.159],[-72.395,-71.065],[-73.125,-71.144],[-72.189,-71.373],[-73.669,-71.368],[-73.525,-71.606],[-74.122,-71.383],[-74.39,-71.668],[-74.886,-71.528],[-75.404,-71.671],[-75.356,-71.924],[-74.005,-72.174],[-73.035,-71.926],[-72.339,-71.613],[-71.837,-71.798],[-70.88,-71.846],[-70.77,-71.99],[-72.012,-72.12],[-71.553,-72.278],[-70.458,-72.14],[-70.71,-72.396],[-73.092,-72.383],[-72.408,-72.674],[-71.46,-72.629]]],[[[-69.109,-67.626],[-68.559,-67.741],[-67.677,-67.148],[-67.976,-67.067],[-67.86,-66.626],[-68.378,-66.821],[-69.155,-67.476],[-69.109,-67.626]]],[[[-62.906,-64.521],[-63.575,-64.265],[-64.282,-64.71],[-63.682,-64.853],[-62.906,-64.521]]],[[[-62.657,-64.503],[-62.009,-64.142],[-62.478,-64.015],[-62.657,-64.503]]],[[[-57.513,-64.341],[-57.155,-64.085],[-57.542,-63.939],[-57.864,-64.067],[-57.795,-63.791],[-58.46,-64.086],[-57.513,-64.341]]],[[[-55.159,-63.204],[-55.576,-63.129],[-56.37,-63.228],[-56.336,-63.437],[-55.901,-63.297],[-55.173,-63.358],[-55.159,-63.204]]],[[[-61.16,-62.663],[-59.989,-62.63],[-60.129,-62.46],[-60.491,-62.577],[-60.797,-62.469],[-61.16,-62.663]]],[[[-58.467,-62.16],[-57.59,-62.025],[-57.705,-61.916],[-58.414,-61.933],[-58.825,-62.169],[-58.467,-62.16]]],[[[-46.007,-60.613],[-45.191,-60.633],[-45.955,-60.528],[-46.007,-60.613]]],[[[-162.34,-82.924],[-163.75,-82.834],[-163.261,-83.081],[-162.34,-82.924]]],[[[-160.571,-81.599],[-160.676,-81.463],[-162.984,-81.27],[-163.729,-81.482],[-160.571,-81.599]]],[[[-159.842,-79.349],[-162.353,-78.753],[-163.243,-78.706],[-164.148,-78.992],[-163.937,-79.412],[-160.713,-79.855],[-159.07,-79.819],[-159.842,-79.349]]],[[[169.273,-77.455],[167.568,-77.413],[166.827,-77.161],[166.166,-77.535],[166.875,-77.67],[168.401,-77.696],[169.273,-77.455]]],[[[-127.128,-74.469],[-128.189,-74.316],[-127.552,-74.644],[-127.128,-74.469]]],[[[-119.821,-74.121],[-119.004,-73.984],[-118.974,-73.805],[-119.904,-73.825],[-119.821,-74.121]]],[[[-120.261,-73.928],[-120.686,-73.767],[-123.066,-73.675],[-123.349,-73.848],[-122.327,-73.916],[-123.028,-74.248],[-122.243,-74.413],[-121.099,-74.348],[-121.004,-74.148],[-120.261,-73.928]]],[[[-127.473,-73.55],[-127.269,-73.718],[-126.547,-73.67],[-126.475,-73.842],[-124.784,-74.226],[-124.007,-74.263],[-124.027,-73.855],[-125.907,-73.755],[-125.27,-73.699],[-125.599,-73.429],[-126.527,-73.268],[-127.303,-73.318],[-127.473,-73.55]]],[[[26.766,-70.224],[26.59,-70.075],[25.987,-70.195],[26.057,-70.391],[26.84,-70.412],[26.766,-70.224]]],[[[1.411,-70.04],[1.042,-70.046],[1.164,-70.417],[1.411,-70.04]]],[[[100.566,-65.403],[100.298,-65.659],[100.967,-65.683],[101.252,-65.494],[100.566,-65.403]]]]},"properties":{"name":"Antarctica","country_code":"AQ"}},
{"type":"Feature","geometry":{"type":"MultiPolygon","coordinates":[[[[166.243,-50.601],[165.886,-50.795],[166.224,-50.86],[166.243,-50.601]]],[[[169.25,-52.52],[169.114,-52.546],[169.195,-52.6],[169.25,-52.52]]],[[[178.839,-49.629],[178.718,-49.673],[178.822,-49.72],[178.839,-49.629]]],[[[-176.382,-43.899],[-176.602,-43.708],[-176.512,-44.122],[-176.382,-43.899]]],[[[-177.91,-29.279],[-177.848,-29.279],[-177.958,-29.223],[-177.91,-29.279]]],[[[166.637,-47.994],[166.568,-48.034],[166.637,-48.062],[166.637,-47.994]]],[[[168.199,-47.048],[167.921,-46.683],[167.521,-47.273],[168.199,-47.048]]],[[[169.193,-46.618],[169.849,-46.468],[170.334,-45.982],[170.7,-45.908],[170.627,-45.706],[171.173,-44.953],[171.196,-44.567],[171.346,-44.279],[172.25,-43.881],[172.417,-43.737],[173.093,-43.854],[172.73,-43.415],[172.811,-43.169],[173.287,-42.954],[173.559,-42.491],[174.082,-41.969],[174.292,-41.73],[174.058,-41.517],[174.183,-40.973],[173.791,-41.291],[173.854,-40.926],[173.59,-41.056],[173.185,-41.31],[173.017,-40.797],[172.695,-40.75],[172.641,-40.51],[172.233,-40.778],[172.107,-40.887],[172.071,-41.414],[171.855,-41.665],[171.489,-41.83],[171.123,-42.592],[170.701,-42.955],[170.289,-43.107],[169.734,-43.566],[169.192,-43.759],[168.747,-44.01],[168.371,-44.039],[168.137,-44.281],[167.309,-44.875],[166.881,-45.28],[166.715,-45.576],[166.89,-45.776],[166.49,-45.808],[166.49,-46.013],[166.762,-46.22],[167.698,-46.189],[167.85,-46.397],[168.216,-46.354],[168.419,-46.602],[169.193,-46.618]]],[[[174.673,-37.294],[174.85,-37.765],[174.71,-38.105],[174.618,-38.707],[174.367,-38.976],[173.778,-39.208],[173.784,-39.393],[174.772,-39.859],[175.155,-40.085],[175.237,-40.286],[175.141,-40.674],[174.609,-41.292],[174.89,-41.225],[174.866,-41.42],[175.182,-41.418],[175.33,-41.61],[175.967,-41.247],[176.348,-40.697],[176.63,-40.454],[177.036,-39.754],[176.906,-39.448],[177.065,-39.199],[177.387,-39.077],[177.999,-39.13],[177.912,-38.961],[177.964,-38.761],[178.295,-38.54],[178.352,-38.002],[178.564,-37.718],[178.077,-37.551],[177.739,-37.676],[177.438,-37.977],[177.136,-37.982],[175.997,-37.632],[175.959,-37.369],[175.828,-36.826],[175.562,-36.552],[175.436,-36.865],[175.563,-37.18],[175.326,-37.009],[174.963,-36.934],[174.71,-36.542],[174.824,-36.277],[174.656,-36.133],[174.497,-35.988],[174.57,-35.594],[174.353,-35.199],[174.21,-35.343],[173.891,-35.001],[173.478,-34.99],[173.165,-34.845],[173.064,-34.398],[172.674,-34.48],[173.144,-34.928],[173.1,-35.22],[174.024,-36.268],[173.98,-36.107],[174.511,-36.228],[174.36,-36.631],[174.489,-37.015],[174.701,-36.936],[174.881,-37.076],[174.673,-37.294]]],[[[172.146,-34.145],[172.116,-34.144],[172.138,-34.169],[172.146,-34.145]]]]},"properties":{"name":"New Zealand","country_code":"NZ"}},
{"type":"Feature","geometry":{"type":"MultiPolygon","coordinates":[[[[165.112,-21.373],[165.291,-21.577],[166.003,-21.964],[166.916,-22.396],[167.029,-22.227],[166.874,-22.035],[166.37,-21.659],[166.082,-21.525],[165.407,-21.055],[165.218,-20.764],[165.062,-20.734],[164.496,-20.3],[164.244,-20.285],[163.992,-20.083],[164.366,-20.758],[165.112,-21.373]]],[[[168.137,-21.432],[167.808,-21.384],[167.864,-21.604],[168.127,-21.622],[168.137,-21.432]]],[[[167.432,-21.028],[167.308,-20.731],[167.021,-20.912],[167.331,-21.164],[167.432,-21.028]]]]},"properties":{"name":"New Caledonia","country_code":"NC"}},
{"type":"Feature","geometry":{"type":"MultiPolygon","coordinates":[[[[129,-31.689],[130.157,-31.574],[130.834,-31.602],[131.178,-31.478],[131.536,-31.606],[132.234,-32.033],[132.798,-31.956],[133.148,-32.197],[133.649,-32.102],[134.298,-32.678],[134.074,-32.714],[134.279,-33.163],[134.662,-33.226],[134.841,-33.631],[135.19,-33.893],[135.406,-34.644],[135.604,-34.88],[136.012,-34.98],[135.937,-34.535],[136.607,-33.903],[137.225,-33.653],[137.452,-33.14],[137.77,-32.991],[137.822,-32.568],[138.025,-33.149],[137.81,-33.26],[137.937,-33.528],[137.602,-33.877],[137.454,-34.164],[137.513,-34.618],[137.446,-34.917],[137.031,-34.9],[136.835,-35.248],[137.403,-35.124],[137.671,-35.181],[138.078,-34.128],[138.536,-34.741],[138.427,-35.353],[138.123,-35.555],[138.202,-35.672],[138.993,-35.548],[138.961,-35.414],[139.268,-35.331],[139.375,-35.464],[139.244,-35.695],[139.001,-35.585],[139.567,-36.075],[139.854,-36.622],[139.672,-36.953],[139.742,-37.181],[140.241,-37.666],[140.36,-37.882],[140.714,-38.071],[140.968,-38.059],[141.654,-38.4],[141.762,-38.262],[142.398,-38.367],[143.537,-38.858],[144.402,-38.301],[144.653,-38.286],[144.528,-38.105],[144.983,-37.899],[145.119,-38.159],[144.804,-38.379],[144.945,-38.51],[145.297,-38.232],[145.557,-38.385],[145.373,-38.531],[145.809,-38.65],[145.921,-38.907],[146.092,-38.82],[146.426,-39.136],[146.448,-38.79],[146.182,-38.756],[146.879,-38.644],[147.589,-38.081],[148.306,-37.823],[149.479,-37.786],[149.972,-37.51],[150.054,-37.276],[149.904,-36.928],[150.142,-36.32],[150.153,-35.894],[150.613,-35.187],[150.759,-35.179],[150.704,-35.12],[150.852,-35.015],[150.925,-34.33],[151.281,-33.952],[151.341,-33.617],[151.834,-32.865],[152.109,-32.794],[152.54,-32.442],[152.51,-32.162],[152.935,-31.483],[153.086,-30.895],[152.988,-30.735],[153.322,-29.698],[153.34,-29.323],[153.606,-28.867],[153.591,-28.268],[153.507,-28.149],[153.446,-27.81],[153.038,-27.193],[153.206,-27.046],[153.077,-26.281],[153.206,-25.935],[152.943,-25.753],[152.914,-25.288],[152.677,-25.242],[152.405,-24.749],[152.15,-24.619],[151.78,-24.023],[151.448,-24.009],[150.814,-23.411],[150.764,-23.159],[150.826,-22.698],[150.568,-22.323],[150.609,-22.611],[150.216,-22.395],[150.054,-22.142],[149.924,-22.298],[150.047,-22.645],[149.813,-22.378],[149.731,-22.469],[149.435,-21.79],[149.478,-21.718],[149.231,-21.09],[148.854,-20.832],[148.655,-20.555],[148.808,-20.433],[148.56,-20.053],[148.402,-20.174],[148.279,-19.966],[147.949,-19.908],[147.751,-19.692],[147.684,-19.828],[147.445,-19.342],[147.134,-19.411],[146.447,-19.06],[146.277,-18.874],[146.339,-18.527],[146.024,-18.263],[146.148,-17.633],[145.882,-17.04],[145.4,-16.443],[145.462,-16.06],[145.274,-15.536],[145.247,-15.095],[145.346,-14.943],[144.678,-14.556],[144.479,-14.16],[143.941,-14.511],[143.783,-14.402],[143.687,-14.014],[143.53,-13.75],[143.598,-13.524],[143.495,-12.922],[143.364,-12.862],[143.434,-12.613],[143.077,-12.329],[143.204,-11.983],[142.873,-11.851],[142.87,-11.391],[142.615,-10.745],[142.449,-10.715],[142.175,-10.93],[142.132,-11.338],[141.92,-12.106],[141.801,-12.055],[141.595,-12.526],[141.823,-12.654],[141.585,-12.977],[141.693,-13.241],[141.527,-13.571],[141.485,-13.948],[141.584,-14.076],[141.522,-14.484],[141.666,-15.011],[141.379,-15.938],[141.431,-16.062],[141.199,-16.703],[141.084,-16.8],[140.833,-17.451],[140.507,-17.636],[140,-17.706],[139.274,-17.348],[139.037,-16.916],[138.184,-16.697],[138,-16.542],[137.746,-16.252],[137.361,-16.122],[136.992,-15.864],[136.705,-15.915],[136.595,-15.711],[136.24,-15.424],[135.47,-14.948],[135.378,-14.712],[135.759,-14.265],[135.909,-14.195],[136.053,-13.688],[135.901,-13.739],[135.855,-13.456],[135.978,-13.232],[136.159,-13.263],[136.372,-13.065],[136.478,-13.228],[136.637,-12.955],[136.49,-12.851],[136.928,-12.349],[136.691,-12.283],[136.451,-11.942],[136.18,-12.188],[136.364,-12.256],[136.253,-12.441],[136.023,-12.456],[136.06,-12.232],[135.889,-12.146],[135.732,-12.311],[135.65,-12.165],[135.897,-11.963],[135.601,-11.957],[135.07,-12.26],[134.769,-11.948],[134.429,-12.058],[133.803,-11.715],[133.59,-11.798],[133.185,-11.717],[132.873,-11.328],[132.674,-11.508],[132.343,-11.122],[132.188,-11.133],[132.204,-11.41],[131.982,-11.13],[131.768,-11.311],[132.085,-11.518],[132.37,-11.435],[132.696,-11.653],[132.593,-11.784],[132.679,-12.137],[132.046,-12.307],[131.905,-12.22],[131.493,-12.298],[131,-12.171],[131.052,-12.354],[130.62,-12.437],[130.559,-12.625],[130.354,-12.672],[130.319,-12.906],[130.13,-12.941],[130.252,-13.285],[130.134,-13.461],[129.891,-13.438],[129.718,-14.016],[129.547,-14.085],[129.358,-14.409],[129.801,-14.86],[129.646,-14.841],[129.662,-15.138],[129.477,-14.934],[129.221,-14.844],[129.263,-15.108],[129,-14.868],[128.532,-14.753],[128.196,-15.057],[128.297,-15.316],[128.067,-15.125],[128.175,-14.698],[127.874,-14.47],[127.666,-14.178],[127.344,-13.904],[127.13,-13.968],[126.953,-13.724],[126.747,-13.792],[126.604,-14.23],[126.432,-13.97],[126.227,-14.213],[126.134,-14.095],[126.041,-14.509],[125.909,-14.639],[125.805,-14.438],[125.356,-14.504],[125.137,-14.758],[125.431,-15.02],[125.329,-15.153],[125,-14.97],[124.863,-15.114],[124.929,-15.338],[124.664,-15.25],[124.63,-15.505],[124.39,-15.523],[124.454,-16.053],[124.402,-16.329],[124.223,-16.396],[123.911,-16.217],[123.733,-16.259],[123.51,-16.654],[123.693,-16.73],[123.861,-17.21],[123.595,-16.985],[123.554,-17.519],[123.151,-16.808],[122.96,-16.58],[123.007,-16.374],[122.759,-16.604],[122.821,-16.78],[122.571,-16.789],[122.172,-17.261],[122.17,-17.978],[122.324,-18.151],[121.824,-18.452],[121.519,-19.07],[121.194,-19.472],[120.954,-19.634],[120.238,-19.907],[119.567,-20.069],[119.212,-19.961],[118.975,-20.05],[118.832,-20.262],[118.136,-20.362],[117.736,-20.658],[117.354,-20.728],[117.154,-20.596],[116.88,-20.713],[116.82,-20.55],[116.435,-20.822],[116.219,-20.843],[115.455,-21.514],[114.647,-21.843],[114.367,-22.478],[114.18,-22.522],[114.077,-22.175],[114.159,-21.792],[114.011,-21.86],[113.647,-22.578],[113.812,-23.051],[113.75,-23.512],[113.599,-23.634],[113.415,-24.049],[113.439,-24.533],[113.604,-24.728],[113.713,-25.125],[114.155,-25.79],[114.259,-25.842],[114.104,-26.448],[113.97,-26.332],[113.91,-25.976],[113.795,-26.207],[113.761,-25.905],[113.533,-25.618],[113.421,-25.728],[113.684,-26.222],[113.885,-26.343],[113.812,-26.599],[113.566,-26.565],[113.397,-26.177],[113.298,-26.397],[113.591,-26.676],[114.013,-27.315],[114.144,-27.688],[114.166,-28.107],[114.531,-28.522],[114.577,-28.785],[114.832,-29.092],[114.979,-29.48],[114.975,-30.214],[115.181,-30.827],[115.68,-31.649],[115.744,-31.928],[115.749,-32.637],[115.601,-32.662],[115.667,-33.288],[115.283,-33.651],[114.989,-33.521],[114.971,-34.083],[115.119,-34.363],[115.335,-34.314],[115.612,-34.446],[115.979,-34.836],[116.638,-35.05],[117.684,-35.046],[118.385,-34.908],[118.48,-34.717],[118.84,-34.453],[119.261,-34.522],[119.572,-34.142],[120.002,-33.926],[121.533,-33.82],[122.016,-33.825],[122.074,-34.007],[122.312,-33.925],[123.085,-33.878],[123.147,-34.002],[123.527,-33.939],[123.952,-33.567],[124.117,-33.122],[124.357,-32.953],[124.709,-32.904],[126.186,-32.233],[126.678,-32.317],[127.289,-32.273],[128.017,-32.084],[129,-31.689]]],[[[113.217,-26.068],[112.919,-25.524],[112.965,-25.794],[113.217,-26.068]]],[[[136.952,-14.182],[136.705,-14.073],[136.924,-13.805],[136.719,-13.829],[136.718,-13.648],[136.425,-13.81],[136.438,-14.198],[136.903,-14.299],[136.952,-14.182]]],[[[130.537,-11.705],[130.448,-11.701],[130.345,-11.317],[130.053,-11.823],[130.628,-11.805],[130.537,-11.705]]],[[[131.537,-11.413],[131.23,-11.208],[131.01,-11.355],[130.724,-11.385],[130.366,-11.232],[130.497,-11.65],[130.98,-11.926],[131.474,-11.6],[131.537,-11.413]]],[[[138.13,-35.816],[137.581,-35.727],[137.352,-35.586],[136.582,-35.768],[136.716,-36.063],[137.212,-35.98],[137.459,-36.083],[137.757,-35.872],[138.13,-35.816]]],[[[153.37,-24.989],[153.038,-25.184],[152.948,-25.552],[153.055,-25.797],[153.37,-24.989]]],[[[151.27,-23.666],[150.98,-23.487],[151.214,-23.778],[151.27,-23.666]]],[[[139.734,-16.443],[139.288,-16.471],[139.178,-16.662],[139.445,-16.665],[139.734,-16.443]]],[[[147.999,-43.23],[147.889,-42.545],[148.162,-42.059],[148.32,-42.119],[148.261,-41.8],[148.331,-41.002],[147.984,-40.737],[147.597,-40.847],[147.445,-41.008],[147.018,-40.977],[146.424,-41.166],[145.712,-40.93],[144.689,-40.705],[144.606,-40.997],[144.926,-41.709],[145.207,-41.967],[145.424,-42.371],[145.189,-42.196],[145.265,-42.604],[146.024,-43.553],[146.558,-43.525],[146.856,-43.64],[147.258,-43.254],[147.36,-42.925],[147.84,-42.902],[147.621,-43.023],[147.792,-43.244],[147.999,-43.23]]],[[[148.43,-40.373],[148.002,-40.427],[148.341,-40.504],[148.43,-40.373]]],[[[148.015,-40.151],[148.307,-40.238],[148.299,-39.962],[147.953,-39.712],[148.015,-40.151]]],[[[144.105,-39.893],[144.084,-39.626],[143.862,-39.701],[143.923,-40.127],[144.105,-39.893]]],[[[158.893,-54.511],[158.881,-54.746],[158.962,-54.469],[158.893,-54.511]]],[[[159.044,-31.519],[159.075,-31.54],[159.09,-31.589],[159.106,-31.568],[159.069,-31.521],[159.044,-31.519]]],[[[123.597,-12.428],[123.576,-12.437],[123.598,-12.439],[123.597,-12.428]]]]},"properties":{"name":"Australia","country_code":"AU"}},
{"type":"Feature","geometry":{"type":"Polygon","coordinates":[[[44.878,-16.209],[44.453,-16.187],[44.431,-16.7],[43.943,-17.456],[44.036,-17.769],[44.05,-18.427],[44.257,-18.804],[44.272,-19.146],[44.484,-19.523],[44.371,-19.774],[44.479,-19.913],[44.255,-20.376],[43.902,-20.883],[43.813,-21.224],[43.542,-21.31],[43.473,-21.672],[43.347,-21.75],[43.225,-22.234],[43.357,-22.83],[43.583,-23.076],[43.758,-23.454],[43.642,-23.639],[43.707,-24.406],[43.84,-24.506],[44.029,-24.999],[44.369,-25.257],[44.728,-25.304],[45.136,-25.584],[45.492,-25.574],[46.238,-25.198],[46.654,-25.184],[47.126,-24.934],[47.428,-24.125],[47.569,-23.853],[47.882,-22.596],[48.202,-21.796],[48.616,-20.42],[48.824,-19.903],[49.077,-19.066],[49.359,-18.424],[49.51,-17.728],[49.475,-17.514],[49.421,-17.355],[49.625,-16.886],[49.849,-16.552],[49.85,-16.241],[49.684,-16.02],[49.638,-15.545],[49.901,-15.422],[50.131,-15.919],[50.23,-15.971],[50.483,-15.443],[50.477,-15.195],[50.232,-14.738],[50.143,-13.783],[49.973,-13.331],[49.942,-13.034],[49.636,-12.675],[49.26,-11.944],[49.202,-12.147],[48.887,-12.565],[48.955,-12.812],[48.747,-13.412],[48.428,-13.524],[48.327,-13.78],[47.966,-13.521],[47.876,-13.784],[48.031,-14.064],[47.709,-14.37],[47.753,-14.601],[47.482,-15.08],[47.459,-14.662],[47.058,-15.216],[47.148,-15.446],[46.971,-15.198],[46.219,-15.707],[45.694,-15.783],[45.612,-15.981],[45.266,-15.924],[44.878,-16.209]]]},"properties":{"name":"Madagascar","country_code":"MG"}},
{"type":"Feature","geometry":{"type":"MultiPolygon","coordinates":[[[[121.382,6.006],[121.042,6.097],[120.934,5.886],[121.382,6.006]]],[[[125.831,7.354],[125.954,7.047],[126.079,6.843],[126.206,6.299],[126.255,6.767],[126.61,7.277],[126.583,7.719],[126.383,7.9],[126.37,8.542],[126.111,8.607],[126.3,8.768],[125.934,9.492],[125.62,9.63],[125.459,9.823],[125.465,9.445],[125.517,9.016],[125.441,8.98],[125.204,9.082],[125.116,8.831],[124.781,8.949],[124.753,8.562],[124.572,8.528],[124.406,8.608],[124.262,8.324],[124.232,8.213],[123.969,8.168],[123.689,7.968],[123.678,8.011],[123.873,8.153],[123.759,8.607],[123.549,8.619],[123.082,8.519],[122.925,8.15],[122.292,8.01],[122.129,7.815],[122.047,7.301],[121.904,7.154],[122.119,6.896],[122.36,7.473],[122.511,7.696],[122.815,7.743],[122.837,7.458],[122.996,7.467],[123.096,7.714],[123.17,7.486],[123.615,7.833],[123.862,7.703],[124.167,7.432],[124.219,7.321],[124.184,7.226],[124.029,7.115],[124.037,6.759],[124.055,6.438],[124.37,6.133],[124.708,5.947],[125.069,5.862],[125.112,5.953],[125.24,6.094],[125.181,5.798],[125.306,5.584],[125.667,5.95],[125.707,6.15],[125.574,6.517],[125.397,6.598],[125.51,7.016],[125.677,7.265],[125.831,7.354]]],[[[118.639,9.521],[118.75,9.888],[119.196,10.056],[119.356,10.329],[119.725,10.519],[119.519,10.838],[119.569,11.262],[119.502,11.423],[119.223,10.942],[119.345,10.724],[119.278,10.508],[118.993,10.3],[118.822,10.195],[118.382,9.658],[118.003,9.233],[117.656,9.058],[117.292,8.641],[117.198,8.335],[117.513,8.507],[117.566,8.661],[118.014,8.888],[118.132,9.127],[118.365,9.193],[118.639,9.521]]],[[[120.025,11.893],[119.854,11.954],[119.967,11.664],[120.025,11.893]]],[[[120.348,12.029],[119.885,12.323],[119.984,12.026],[120.348,12.029]]],[[[126.166,9.829],[126.081,10.056],[125.966,9.85],[126.166,9.829]]],[[[125.72,9.912],[125.657,10.456],[125.497,10.103],[125.72,9.912]]],[[[125.168,10.622],[125.006,10.797],[125.039,11.198],[124.976,11.334],[124.846,11.433],[124.63,11.304],[124.329,11.557],[124.402,10.93],[124.55,10.983],[124.622,11.002],[124.779,10.821],[124.766,10.185],[125.032,10.02],[125.01,10.383],[125.229,10.254],[125.168,10.622]]],[[[125.316,12.302],[125.166,12.578],[124.276,12.533],[124.371,12.29],[124.892,11.761],[125.054,11.738],[124.911,11.502],[125.241,11.094],[125.707,11.177],[125.566,11.268],[125.452,11.964],[125.5,12.249],[125.316,12.302]]],[[[124.6,11.563],[124.349,11.68],[124.486,11.488],[124.6,11.563]]],[[[122.245,16.511],[122.529,17.091],[122.185,17.541],[122.18,18.121],[122.307,18.251],[122.22,18.522],[121.975,18.286],[121.592,18.385],[121.107,18.643],[120.995,18.606],[120.611,18.539],[120.426,17.894],[120.334,17.556],[120.442,17.368],[120.398,16.919],[120.326,16.831],[120.401,16.21],[120.365,16.109],[120.258,16.052],[119.813,16.367],[119.771,15.915],[119.889,15.801],[120.08,14.804],[120.209,14.88],[120.282,14.806],[120.402,14.456],[120.598,14.506],[120.545,14.827],[120.664,14.779],[120.916,14.694],[120.948,14.628],[120.98,14.557],[120.984,14.534],[120.973,14.506],[120.961,14.495],[120.597,14.219],[120.628,13.811],[120.895,13.906],[121.034,13.642],[121.43,13.657],[121.455,13.819],[121.549,13.878],[121.637,13.91],[121.725,13.969],[122.118,13.752],[122.691,13.229],[122.416,13.962],[122.558,13.933],[123.169,13.449],[123.292,13.245],[123.31,13.012],[123.496,12.974],[123.823,12.877],[123.983,12.547],[124.143,12.797],[123.935,13.119],[123.594,13.529],[123.588,13.729],[123.973,13.729],[123.712,13.934],[123.218,13.993],[123.315,13.821],[123.049,13.822],[123.084,13.974],[122.853,14.279],[122.471,14.346],[122.31,14.096],[122.232,13.906],[121.936,13.995],[121.732,14.195],[121.629,14.703],[121.726,14.72],[121.446,15.208],[121.379,15.308],[121.629,15.661],[121.578,15.932],[122.232,16.319],[122.245,16.511]]],[[[122.005,15.011],[121.844,15.045],[121.94,14.64],[122.005,15.011]]],[[[120.252,5.267],[120.199,5.35],[119.813,5.123],[119.954,5.076],[120.252,5.267]]],[[[122.049,6.74],[121.814,6.593],[121.962,6.405],[122.335,6.603],[122.049,6.74]]],[[[124.784,9.2],[124.647,9.219],[124.801,9.096],[124.784,9.2]]],[[[123.698,9.165],[123.614,9.289],[123.475,9.197],[123.698,9.165]]],[[[124.565,9.871],[124.589,10.024],[124.185,10.144],[123.809,9.803],[123.892,9.632],[124.294,9.607],[124.565,9.871]]],[[[122.711,10.735],[122.482,10.503],[122.634,10.444],[122.711,10.735]]],[[[122.92,10.618],[122.824,10.533],[122.879,10.118],[122.475,9.974],[122.395,9.837],[122.597,9.438],[122.869,9.323],[123.033,9.035],[123.23,9.108],[123.321,9.343],[123.135,9.618],[123.157,9.868],[123.366,10.393],[123.576,10.826],[123.214,10.996],[122.976,10.742],[122.92,10.618]]],[[[123.934,10.309],[123.98,10.377],[124.04,10.484],[124.075,11.269],[123.707,10.462],[123.423,10.038],[123.314,9.508],[123.488,9.566],[123.643,10.039],[123.869,10.248],[123.934,10.309]]],[[[121.854,11.769],[122.107,11.658],[122.045,11.017],[121.937,10.776],[122.033,10.461],[122.227,10.642],[122.472,10.687],[122.615,10.761],[123.131,11.183],[123.09,11.53],[122.592,11.554],[121.964,11.934],[121.854,11.769]]],[[[122.115,12.666],[121.921,12.303],[122.019,12.156],[122.115,12.666]]],[[[124.055,11.8],[123.882,12.213],[123.242,12.595],[123.181,11.931],[123.424,12.201],[124.055,11.8]]],[[[120.893,13.505],[120.357,13.518],[120.758,13.002],[120.798,12.729],[121.114,12.251],[121.248,12.22],[121.546,12.644],[121.549,13.091],[121.197,13.441],[120.893,13.505]]],[[[122.102,13.417],[121.873,13.569],[121.817,13.342],[121.993,13.202],[122.102,13.417]]],[[[124.418,13.873],[124.201,14.092],[124.026,13.67],[124.333,13.572],[124.418,13.873]]],[[[122.01,20.488],[121.922,20.393],[122.027,20.456],[122.01,20.488]]],[[[123.992,10.324],[123.933,10.254],[124.044,10.324],[123.992,10.324]]]]},"properties":{"name":"Philippines","country_code":"PH"}},
{"type":"Feature","geometry":{"type":"Polygon","coordinates":[[[80.923,8.989],[80.824,9.27],[80.626,9.455],[80.442,9.577],[80.291,9.681],[80.122,9.819],[79.91,9.768],[80.256,9.616],[80.456,9.529],[80.615,9.446],[80.272,9.504],[80.053,9.392],[80.11,9.209],[79.916,8.939],[79.913,8.572],[79.732,8.013],[79.828,7.276],[79.849,6.965],[79.9,6.712],[79.982,6.441],[80.185,6.041],[80.385,5.964],[80.73,5.976],[81.362,6.225],[81.712,6.51],[81.89,7.02],[81.77,7.461],[81.697,7.753],[81.417,8.254],[81.366,8.482],[80.923,8.989]]]},"properties":{"name":"Sri Lanka","country_code":"LK"}},
{"type":"Feature","geometry":{"type":"Polygon","coordinates":[[[-68.781,12.098],[-69.16,12.293],[-68.815,12.043],[-68.781,12.098]]]},"properties":{"name":"Curaçao","country_code":"CW"}},
{"type":"Feature","geometry":{"type":"Polygon","coordinates":[[[-69.997,12.578],[-70.058,12.537],[-69.888,12.418],[-69.997,12.578]]]},"properties":{"name":"Aruba","country_code":"AW"}},
{"type":"Feature","geometry":{"type":"MultiPolygon","coordinates":[[[[-73.647,21.062],[-73.645,20.912],[-73.13,20.994],[-73.053,21.329],[-73.255,21.135],[-73.39,21.233],[-73.647,21.062]]],[[[-73.139,22.363],[-72.755,22.35],[-73.132,22.46],[-73.139,22.363]]],[[[-73.996,22.658],[-73.865,22.48],[-73.852,22.733],[-73.996,22.658]]],[[[-74.287,22.733],[-74.016,22.72],[-74.352,22.823],[-74.287,22.733]]],[[[-75.798,23.539],[-75.99,23.686],[-75.988,23.601],[-75.798,23.539]]],[[[-74.859,22.98],[-74.991,23.079],[-74.84,22.86],[-74.859,22.98]]],[[[-74.9,23.706],[-74.819,23.651],[-74.777,23.7],[-74.9,23.706]]],[[[-76.325,23.974],[-76.377,24.101],[-76.401,24.103],[-76.325,23.974]]],[[[-74.469,24.022],[-74.53,24.1],[-74.558,23.954],[-74.469,24.022]]],[[[-77.742,24.635],[-77.987,25.013],[-78.158,25],[-78.443,24.624],[-78.134,24.502],[-78.052,24.289],[-77.728,24.474],[-77.742,24.635]]],[[[-77.823,23.98],[-77.597,23.731],[-77.517,23.919],[-77.608,24.218],[-77.744,24.035],[-77.675,24.303],[-77.942,24.097],[-77.823,23.98]]],[[[-75.315,24.217],[-75.572,24.489],[-75.415,24.213],[-75.315,24.217]]],[[[-77.48,24.991],[-77.264,25.058],[-77.456,25.077],[-77.48,24.991]]],[[[-76.314,25.3],[-76.73,25.564],[-76.769,25.424],[-76.333,25.285],[-76.17,24.989],[-76.219,24.81],[-76.317,24.825],[-76.194,24.658],[-76.154,24.981],[-76.314,25.3]]],[[[-77.819,25.708],[-77.858,25.777],[-77.887,25.781],[-77.819,25.708]]],[[[-77.538,26.307],[-77.58,26.338],[-77.573,26.269],[-77.538,26.307]]],[[[-78.598,26.531],[-78.411,26.594],[-77.972,26.73],[-78.474,26.713],[-78.714,26.571],[-78.646,26.505],[-78.598,26.531]]],[[[-77.231,26.285],[-77.388,26.005],[-77.191,25.916],[-77.174,26.221],[-77.032,26.355],[-77.059,26.529],[-77.328,26.709],[-77.511,26.87],[-77.774,26.927],[-77.913,26.921],[-77.517,26.852],[-77.375,26.7],[-77.161,26.564],[-77.231,26.285]]],[[[-79.25,25.775],[-79.28,25.757],[-79.304,25.702],[-79.258,25.699],[-79.294,25.721],[-79.25,25.775]]],[[[-75.722,22.203],[-75.75,22.205],[-75.734,22.175],[-75.722,22.203]]],[[[-76.77,25.551],[-76.787,25.542],[-76.75,25.54],[-76.77,25.551]]],[[[-76.829,25.532],[-76.872,25.507],[-76.829,25.517],[-76.829,25.532]]]]},"properties":{"name":"The Bahamas","country_code":"BS"}},
{"type":"Feature","geometry":{"type":"MultiPolygon","coordinates":[[[[-72.337,21.801],[-72.245,21.798],[-72.33,21.862],[-72.337,21.801]]],[[[-71.508,21.705],[-71.481,21.725],[-71.576,21.767],[-71.508,21.705]]],[[[-71.803,21.788],[-71.645,21.746],[-71.679,21.842],[-71.803,21.788]]],[[[-72.022,21.905],[-71.877,21.828],[-71.911,21.948],[-72.022,21.905]]],[[[-71.138,21.514],[-71.151,21.473],[-71.134,21.446],[-71.138,21.514]]],[[[-71.21,21.341],[-71.214,21.311],[-71.192,21.335],[-71.21,21.341]]]]},"properties":{"name":"Turks and Caicos Islands","country_code":"TC"}},
{"type":"Feature","geometry":{"type":"MultiPolygon","coordinates":[[[[120.972,24.952],[120.915,24.853],[120.873,24.748],[120.621,24.456],[120.475,24.207],[120.244,23.838],[120.124,23.52],[120.117,23.318],[120.167,22.932],[120.412,22.483],[120.57,22.374],[120.7,21.948],[120.84,21.905],[120.876,22.238],[121.021,22.648],[121.4,23.145],[121.48,23.435],[121.763,24.326],[121.809,24.805],[121.972,24.987],[121.761,25.143],[121.689,25.169],[121.598,25.271],[121.287,25.124],[120.972,24.952]]],[[[118.394,24.523],[118.284,24.401],[118.449,24.416],[118.394,24.523]]],[[[119.648,23.603],[119.567,23.589],[119.587,23.549],[119.648,23.603]]]]},"properties":{"name":"Taiwan","country_code":"TW"}},
{"type":"Feature","geometry":{"type":"MultiPolygon","coordinates":[[[[131.151,31.471],[131.338,31.373],[131.447,31.877],[131.682,32.535],[131.872,32.732],[132.025,32.924],[131.81,33.128],[131.903,33.266],[131.51,33.273],[131.73,33.58],[131.521,33.676],[131.201,33.613],[130.914,33.891],[130.489,33.855],[130.391,33.605],[130.16,33.63],[130.036,33.458],[129.853,33.553],[129.815,33.331],[129.564,33.211],[129.946,33.016],[130.003,32.845],[129.632,32.979],[129.834,32.694],[130.178,32.793],[130.204,32.944],[130.349,33.142],[130.429,32.981],[130.668,32.649],[130.345,32.162],[130.18,32.093],[130.171,31.79],[130.336,31.626],[130.222,31.246],[130.64,31.186],[130.529,31.513],[130.613,31.682],[130.795,31.344],[130.658,31.003],[131.132,31.28],[131.151,31.471]]],[[[130.675,30.375],[130.499,30.468],[130.438,30.239],[130.675,30.375]]],[[[131.052,30.84],[130.851,30.47],[130.962,30.373],[131.052,30.84]]],[[[130.16,32.546],[130.033,32.522],[129.995,32.191],[130.203,32.339],[130.16,32.546]]],[[[134.442,34.208],[134.153,34.386],[133.641,34.185],[133.592,34.024],[133.087,33.949],[132.942,34.141],[132.677,33.716],[132.381,33.466],[132.472,32.934],[132.64,32.909],[132.812,32.74],[133.608,33.516],[133.925,33.494],[134.19,33.248],[134.296,33.53],[134.751,33.835],[134.442,34.208]]],[[[131.676,34.672],[131.414,34.424],[130.955,34.403],[130.862,34.113],[131.272,33.927],[131.741,34.056],[132.15,33.83],[132.24,34.19],[132.383,34.366],[132.566,34.192],[132.836,34.311],[133.203,34.289],[133.443,34.473],[133.936,34.451],[134.305,34.709],[134.744,34.767],[134.96,34.644],[135.413,34.692],[135.32,34.429],[135.085,34.299],[135.187,34.136],[135.065,33.886],[135.402,33.701],[135.445,33.551],[135.766,33.482],[135.994,33.686],[136.219,34.068],[136.472,34.239],[136.9,34.283],[136.916,34.434],[136.54,34.616],[136.752,35.026],[136.856,34.74],[137.324,34.767],[137.016,34.579],[137.468,34.671],[138.216,34.712],[138.554,35.096],[138.803,35.122],[138.835,34.596],[139.141,34.871],[139.094,35.117],[139.146,35.235],[139.544,35.308],[139.611,35.142],[139.787,35.512],[139.864,35.632],[140.08,35.604],[139.782,35.314],[139.926,34.907],[140.394,35.197],[140.483,35.566],[140.859,35.735],[140.564,36.283],[140.797,36.846],[140.96,36.966],[141.042,37.377],[140.933,37.89],[141.098,38.372],[141.525,38.268],[141.463,38.661],[141.64,38.968],[141.847,39.022],[142.069,39.54],[141.95,39.997],[141.681,40.451],[141.406,40.817],[141.461,41.43],[141.276,41.353],[140.914,41.547],[140.815,41.128],[141.161,41.278],[141.278,41.155],[141.111,40.873],[140.882,41.008],[140.673,40.896],[140.594,41.22],[140.342,41.266],[140.297,40.874],[139.857,40.59],[139.944,40.429],[139.978,40.125],[139.76,39.858],[140.028,39.825],[140.049,39.505],[139.881,39.115],[139.549,38.545],[139.432,38.169],[138.858,37.828],[138.551,37.378],[138.245,37.184],[137.615,36.975],[137.333,36.763],[137.044,36.956],[136.875,37.07],[137.23,37.292],[137.296,37.531],[136.749,37.358],[136.761,36.871],[136.227,36.286],[135.957,35.973],[136.099,35.776],[135.811,35.527],[135.479,35.544],[135.188,35.565],[135.227,35.772],[134.863,35.658],[134.366,35.6],[133.417,35.457],[133.257,35.536],[133.091,35.601],[132.635,35.441],[132.639,35.295],[131.676,34.672]]],[[[135.003,34.608],[134.657,34.288],[134.958,34.27],[135.003,34.608]]],[[[138.459,38.07],[138.31,38.168],[138.265,37.798],[138.459,38.07]]],[[[145.767,43.387],[145.362,43.301],[145.075,43.754],[145.341,44.346],[144.831,43.942],[144.43,43.943],[144.215,44.111],[143.728,44.113],[142.981,44.586],[141.96,45.51],[141.692,45.402],[141.586,45.164],[141.792,44.597],[141.641,43.938],[141.337,43.713],[141.44,43.362],[141.169,43.141],[140.81,43.192],[140.487,43.372],[140.338,43.211],[140.527,43.015],[140.261,42.761],[139.877,42.663],[139.787,42.247],[140.145,41.983],[139.984,41.56],[140.209,41.401],[140.709,41.824],[141.19,41.791],[140.714,42.133],[140.292,42.26],[140.381,42.505],[140.734,42.564],[140.987,42.34],[141.726,42.617],[143.226,41.932],[143.349,42.319],[143.639,42.661],[144.183,42.976],[144.742,42.924],[145.303,43.173],[145.519,43.166],[145.767,43.387]]],[[[128.338,26.797],[128.226,26.801],[127.731,26.44],[127.652,26.084],[127.824,26.187],[127.839,26.425],[128.243,26.633],[128.338,26.797]]],[[[129.708,28.462],[129.146,28.256],[129.366,28.123],[129.708,28.462]]]]},"properties":{"name":"Japan","country_code":"JP"}},
{"type":"Feature","geometry":{"type":"MultiPolygon","coordinates":[[[[-56.151,46.794],[-56.24,46.766],[-56.145,46.766],[-56.151,46.794]]],[[[-56.274,46.895],[-56.253,47.054],[-56.396,47.114],[-56.274,46.895]]]]},"properties":{"name":"Saint Pierre and Miquelon","country_code":"PM"}},
{"type":"Feature","geometry":{"type":"Polygon","coordinates":[[[-14.615,65.986],[-15.076,66.05],[-14.84,66.392],[-15.38,66.15],[-16.023,66.537],[-16.543,66.507],[-16.487,66.19],[-17.217,66.194],[-17.598,65.967],[-18.297,66.18],[-18.348,65.95],[-19.079,66.158],[-19.65,65.765],[-20.092,66.131],[-20.428,66.083],[-20.263,65.745],[-20.501,65.495],[-20.689,65.693],[-21.055,65.452],[-21.084,65.168],[-21.483,65.563],[-21.319,65.988],[-22.575,66.466],[-23.135,66.433],[-22.381,65.929],[-23.461,66.204],[-23.813,66.011],[-23.729,65.774],[-24.54,65.508],[-23.898,65.405],[-23.183,65.576],[-22.254,65.434],[-21.695,65.453],[-22.558,65.169],[-22.38,65.059],[-23.638,64.899],[-23.593,64.811],[-22.32,64.754],[-21.975,64.504],[-22.1,64.315],[-21.425,64.376],[-21.876,64.274],[-22.124,64.044],[-22.718,63.828],[-21.932,63.848],[-21.168,63.876],[-20.186,63.544],[-18.732,63.397],[-17.965,63.523],[-17.715,63.781],[-17.386,63.773],[-16.35,63.966],[-15.992,64.144],[-14.545,64.405],[-14.442,64.676],[-13.986,64.74],[-13.647,64.987],[-13.61,65.514],[-14.398,65.73],[-14.844,65.735],[-14.615,65.986]]]},"properties":{"name":"Iceland","country_code":"IS"}},
{"type":"Feature","geometry":{"type":"MultiPolygon","coordinates":[[[[-27.913,71.116],[-27.766,71.139],[-27.506,70.942],[-26.426,70.975],[-25.581,71.189],[-25.444,71.38],[-26.177,71.494],[-27.651,71.613],[-27.331,71.719],[-28.457,71.939],[-27.882,71.979],[-26.785,71.547],[-25.86,71.572],[-25.392,71.447],[-24.265,71.081],[-23.93,70.613],[-23.345,70.441],[-22.661,70.438],[-22.429,70.846],[-22.381,70.449],[-21.477,70.545],[-21.816,71.267],[-21.75,71.49],[-22.355,71.27],[-22.448,71.581],[-21.895,71.743],[-23.06,71.712],[-22.516,71.909],[-24.546,72.423],[-24.697,72.676],[-25.523,72.84],[-25.053,73.084],[-26.151,73.241],[-25.292,73.474],[-23.988,73.597],[-22.314,73.25],[-21.543,73.49],[-20.543,73.449],[-20.689,73.886],[-22.229,74.101],[-21.772,74.439],[-21.255,74.474],[-20.357,74.445],[-20.201,74.28],[-19.374,74.267],[-18.975,74.484],[-20.792,74.666],[-20.517,75.142],[-20.169,75.341],[-19.427,75.226],[-19.345,75.733],[-20.269,75.992],[-19.938,76.258],[-21.704,76.256],[-21.675,76.527],[-22.744,76.698],[-22.266,76.859],[-21.73,76.657],[-20.513,76.946],[-19.063,76.838],[-18.628,76.702],[-18.324,77.208],[-19.063,77.187],[-20.465,77.383],[-20.822,77.654],[-18.979,77.617],[-20.962,77.97],[-21.355,77.664],[-21.967,77.679],[-20.891,78.627],[-18.955,79.149],[-19.566,79.386],[-19.208,79.708],[-20.353,79.886],[-19.474,80.26],[-17.873,80.161],[-16.447,80.219],[-15.789,80.405],[-17.063,80.663],[-15.42,80.648],[-14.295,80.784],[-14.553,80.991],[-13.355,81.02],[-11.396,81.461],[-13.92,81.812],[-15.793,81.832],[-17.506,81.388],[-19.085,81.625],[-21.959,81.021],[-23.107,80.922],[-21.257,81.517],[-21.388,82.083],[-23.195,82.022],[-23.766,81.746],[-26.387,81.428],[-26.315,81.617],[-24.706,81.781],[-24.62,81.987],[-27.762,82.062],[-31.68,81.835],[-32.779,81.841],[-29.852,82.139],[-22.437,82.34],[-21.34,82.626],[-23.997,82.917],[-25.149,82.853],[-25.221,83.168],[-27.381,83.061],[-30.097,83.126],[-31.827,82.995],[-34.951,82.905],[-30.736,83.137],[-26.075,83.208],[-25.65,83.298],[-30.647,83.602],[-32.491,83.634],[-38.69,83.425],[-38.683,83.208],[-37.272,83.01],[-40.69,82.987],[-42.117,83.242],[-44.647,83.175],[-45.634,82.878],[-40.977,82.774],[-45.746,82.777],[-43.727,82.407],[-45.156,81.79],[-46.008,82.036],[-48.735,82.358],[-51.107,82.51],[-50.581,82.154],[-49.465,81.947],[-51.036,81.956],[-50.287,81.724],[-52.926,82.039],[-53.793,81.556],[-53.557,82.116],[-54.441,82.373],[-58.611,82.105],[-61.454,81.745],[-60.787,81.509],[-61.076,81.121],[-61.851,81.129],[-62.977,81.228],[-64.79,80.99],[-65.525,80.663],[-67.455,80.343],[-67.05,80.061],[-65.306,80.096],[-64.86,79.508],[-65.978,79.104],[-68.04,79.077],[-69.359,78.799],[-72.59,78.521],[-72.895,78.154],[-71.313,77.77],[-69.518,77.687],[-70.288,77.575],[-69.223,77.453],[-67.592,77.524],[-67.141,77.672],[-66.053,77.493],[-66.773,77.356],[-68.369,77.377],[-70.903,77.191],[-71.346,76.992],[-70.407,76.798],[-67.986,76.601],[-69.079,76.5],[-69.637,76.383],[-68.433,76.079],[-66.487,75.947],[-66.207,76.278],[-64.7,76.126],[-64.429,76.349],[-64.031,76.136],[-63.477,76.377],[-60.873,76.158],[-58.448,75.731],[-58.239,75.437],[-58.66,75.377],[-58.159,75.067],[-57.083,74.924],[-56.155,74.369],[-56.405,74.074],[-55.67,73.885],[-56.031,73.638],[-55.25,73.392],[-55.663,73.057],[-54.603,72.834],[-55.011,72.522],[-55.512,72.515],[-54.883,72.251],[-55.61,71.99],[-55.268,71.927],[-55.905,71.682],[-55.288,71.381],[-53.952,71.438],[-54.082,71.717],[-51.782,71.603],[-52.992,71.421],[-52.258,71.366],[-52.424,71.152],[-51.343,71.147],[-50.894,70.808],[-50.993,70.425],[-51.549,70.432],[-52.45,70.703],[-53.98,70.83],[-54.578,70.714],[-53.84,70.381],[-53.232,70.353],[-52.329,70.054],[-50.593,69.928],[-50.248,69.776],[-50.827,69.702],[-50.888,69.174],[-50.47,69.304],[-50.175,69.03],[-50.523,68.951],[-51.08,69.133],[-51.149,68.564],[-51.965,68.588],[-53.34,68.272],[-52.588,68.351],[-52.445,68.181],[-51.437,68.208],[-50.299,67.934],[-51.217,68.071],[-51.932,68.047],[-53.153,68.201],[-53.15,67.891],[-53.688,67.812],[-53.667,67.503],[-52.824,67.796],[-51.289,67.714],[-50.104,67.506],[-50.579,67.482],[-51.416,67.68],[-52.409,67.769],[-53.806,67.419],[-53.877,67.235],[-52.149,67.372],[-53.965,67.078],[-53.647,66.912],[-52.293,66.927],[-53.204,66.748],[-53.636,66.501],[-53.65,66.124],[-53.239,65.686],[-52.691,65.72],[-52.792,65.535],[-52.012,64.98],[-52.184,64.802],[-51.272,65.033],[-52.156,64.679],[-52.024,64.594],[-52.074,64.191],[-51.663,64.309],[-51.279,64.748],[-51.022,64.631],[-50.665,64.852],[-50.832,64.987],[-50.723,65.184],[-50.538,64.769],[-50.656,64.435],[-51.44,64.082],[-51.539,63.685],[-51.162,63.508],[-51.001,63.165],[-50.593,63.23],[-50.416,62.945],[-50.143,62.938],[-50.308,62.491],[-49.888,62.246],[-49.295,62.137],[-48.99,61.458],[-48.34,61.376],[-48.641,61.239],[-47.885,61.009],[-48.232,60.844],[-47.438,60.827],[-47.3,60.961],[-46.093,60.983],[-45.713,60.77],[-45.593,60.475],[-44.844,60.471],[-45.187,60.213],[-44.657,60.003],[-44.159,60.251],[-43.138,60.081],[-43.428,60.483],[-42.826,60.611],[-43.027,60.882],[-42.63,61.101],[-42.527,61.534],[-42.117,62.007],[-42.397,62.432],[-43.151,62.76],[-42.487,62.698],[-41.75,62.844],[-41.473,63.226],[-41.907,63.464],[-41.716,63.553],[-41.24,63.404],[-40.513,63.726],[-40.561,64.107],[-41.387,64.179],[-41.525,64.326],[-40.623,64.392],[-40.604,64.683],[-41.055,64.877],[-41.057,65.1],[-40.261,65.004],[-39.759,65.247],[-40.133,65.46],[-39.656,65.686],[-39.448,65.547],[-38.512,65.679],[-37.985,65.95],[-37.998,66.241],[-37.215,66.346],[-37.798,66.049],[-37.21,65.775],[-36.522,65.991],[-36.074,65.935],[-35.589,66.289],[-34.654,66.371],[-33.548,67.078],[-33.232,67.543],[-31.996,68.05],[-32.411,68.615],[-31.694,68.099],[-31.017,68.041],[-30.008,68.126],[-29.853,68.416],[-29.378,68.201],[-28.022,68.563],[-27.219,68.544],[-26.285,68.696],[-24.615,69.28],[-23.703,69.718],[-23.033,69.762],[-22.372,70.115],[-23.56,70.113],[-25.305,70.413],[-26.326,70.198],[-26.845,70.261],[-27.284,69.992],[-27.904,70.092],[-26.743,70.484],[-28.233,70.372],[-28.31,70.564],[-27.618,70.954],[-27.913,71.116]]],[[[-41.147,63.284],[-41.7,63.5],[-41.439,63.241],[-41.147,63.284]]],[[[-40.143,64.487],[-40.479,64.583],[-40.5,64.83],[-40.87,64.905],[-40.602,64.72],[-40.5,64.504],[-40.143,64.487]]],[[[-37.454,65.793],[-37.824,65.871],[-37.738,65.569],[-37.454,65.793]]],[[[-25.317,70.747],[-25.704,71.086],[-26.663,70.896],[-27.067,70.894],[-28.068,70.431],[-26.071,70.531],[-25.317,70.747]]],[[[-53.275,82.172],[-51.231,82.014],[-52.787,82.318],[-53.275,82.172]]],[[[-44.529,82.414],[-46.324,82.679],[-47.698,82.644],[-46.876,82.36],[-44.735,82.098],[-44.529,82.414]]],[[[-21.949,72.429],[-23.147,72.84],[-24.485,72.827],[-24.352,72.591],[-22.25,72.121],[-22.045,72.272],[-22.76,72.441],[-21.949,72.429]]],[[[-21.929,72.738],[-21.901,72.916],[-23.238,73.075],[-24.536,72.992],[-24.526,72.902],[-23.163,72.878],[-22.654,72.698],[-21.929,72.738]]],[[[-24.524,73.048],[-22.981,73.107],[-24.97,73.325],[-23.258,73.221],[-24.46,73.425],[-25.244,73.411],[-25.707,73.185],[-24.524,73.048]]],[[[-20.353,74.252],[-20.548,74.41],[-21.247,74.457],[-21.933,74.208],[-21.269,74.088],[-20.353,74.252]]],[[[-19.81,74.891],[-20.339,75.054],[-20.681,74.821],[-20.138,74.699],[-19.81,74.891]]],[[[-17.317,75.136],[-17.813,75.089],[-18.094,75.419],[-18.853,75.295],[-18.893,74.999],[-17.355,75.026],[-17.317,75.136]]],[[[-18.55,76.054],[-18.975,76.766],[-19.106,76.473],[-18.55,76.054]]],[[[-18.764,79.973],[-19.357,79.871],[-18.485,79.686],[-17.277,80.013],[-18.764,79.973]]],[[[-51.223,69.914],[-51.245,69.538],[-50.668,69.829],[-51.223,69.914]]],[[[-52.903,69.345],[-52.142,69.477],[-51.998,69.805],[-52.728,69.929],[-53.266,70.202],[-54.453,70.313],[-54.829,70.201],[-54.993,69.702],[-54.737,69.589],[-53.403,69.439],[-54.205,69.452],[-53.574,69.235],[-52.903,69.345]]],[[[-53.897,71.082],[-53.449,71.057],[-53.612,71.322],[-53.897,71.082]]],[[[-52.485,71.264],[-53.17,71.346],[-52.957,71.154],[-52.485,71.264]]],[[[-43.172,60.074],[-44.073,60.176],[-43.564,59.925],[-43.172,60.074]]]]},"properties":{"name":"Greenland","country_code":"GL"}},
{"type":"Feature","geometry":{"type":"Polygon","coordinates":[[[-128.33,-24.324],[-128.342,-24.372],[-128.3,-24.414],[-128.33,-24.324]]]},"properties":{"name":"Pitcairn Islands","country_code":"PN"}},
{"type":"Feature","geometry":{"type":"MultiPolygon","coordinates":[[[[-140.679,-17.78],[-140.782,-17.752],[-140.785,-17.859],[-140.679,-17.78]]],[[[-149.183,-17.731],[-149.354,-17.54],[-149.604,-17.526],[-149.588,-17.731],[-149.183,-17.731]]],[[[-151.479,-16.738],[-151.458,-16.903],[-151.352,-16.859],[-151.479,-16.738]]],[[[-144.284,-27.579],[-144.348,-27.586],[-144.313,-27.64],[-144.284,-27.579]]],[[[-138.837,-9.741],[-139.051,-9.701],[-139.055,-9.806],[-138.837,-9.741]]]]},"properties":{"name":"French Polynesia","country_code":"PF"}},
{"type":"Feature","geometry":{"type":"MultiPolygon","coordinates":[[[[40.38,-22.324],[40.332,-22.348],[40.369,-22.363],[40.38,-22.324]]],[[[70.549,-49.183],[70.273,-49.076],[69.726,-49.247],[69.215,-49.121],[69.075,-48.658],[68.792,-48.846],[68.924,-49.288],[68.791,-49.71],[69.085,-49.54],[69.856,-49.679],[69.822,-49.35],[70.464,-49.357],[70.549,-49.183]]],[[[51.834,-46.377],[51.736,-46.327],[51.706,-46.438],[51.834,-46.377]]],[[[77.504,-37.823],[77.537,-37.901],[77.585,-37.874],[77.504,-37.823]]]]},"properties":{"name":"French Southern and Antarctic Lands","country_code":"TF"}},
{"type":"Feature","geometry":{"type":"MultiPolygon","coordinates":[[[[46.495,-9.358],[46.234,-9.452],[46.455,-9.426],[46.495,-9.358]]],[[[55.26,-4.5],[55.225,-4.445],[55.228,-4.487],[55.26,-4.5]]],[[[55.478,-4.706],[55.492,-4.736],[55.493,-4.777],[55.526,-4.77],[55.528,-4.737],[55.526,-4.689],[55.529,-4.68],[55.514,-4.666],[55.492,-4.651],[55.476,-4.64],[55.472,-4.635],[55.461,-4.626],[55.459,-4.618],[55.46,-4.599],[55.464,-4.571],[55.433,-4.587],[55.414,-4.613],[55.38,-4.627],[55.449,-4.678],[55.478,-4.706]]],[[[55.683,-4.294],[55.692,-4.326],[55.768,-4.35],[55.754,-4.321],[55.683,-4.294]]]]},"properties":{"name":"Seychelles","country_code":"SC"}},
{"type":"Feature","geometry":{"type":"Polygon","coordinates":[[[-157.191,1.764],[-157.348,1.861],[-157.411,1.782],[-157.191,1.764]]]},"properties":{"name":"Kiribati","country_code":"KI"}},
{"type":"Feature","geometry":{"type":"MultiPolygon","coordinates":[[[[169.59,5.801],[169.635,5.829],[169.656,5.943],[169.618,5.818],[169.59,5.801]]],[[[171.394,7.11],[171.202,7.072],[171.263,7.068],[171.394,7.11]]]]},"properties":{"name":"Marshall Islands","country_code":"MH"}},
{"type":"Feature","geometry":{"type":"MultiPolygon","coordinates":[[[[-61.353,10.804],[-61.49,10.755],[-61.549,10.667],[-61.496,10.636],[-61.462,10.538],[-61.462,10.523],[-61.46,10.31],[-61.49,10.249],[-61.521,10.24],[-61.639,10.21],[-61.707,10.166],[-61.929,10.056],[-61.504,10.07],[-61.379,10.073],[-61.178,10.075],[-60.996,10.138],[-61.038,10.464],[-60.907,10.837],[-61.172,10.804],[-61.353,10.804]]],[[[-60.655,11.308],[-60.848,11.164],[-60.647,11.204],[-60.523,11.344],[-60.655,11.308]]]]},"properties":{"name":"Trinidad and Tobago","country_code":"TT"}},
{"type":"Feature","geometry":{"type":"MultiPolygon","coordinates":[[[[-61.683,12.025],[-61.625,12.069],[-61.603,12.177],[-61.682,12.223],[-61.715,12.184],[-61.751,12.11],[-61.683,12.025]]],[[[-61.428,12.455],[-61.428,12.53],[-61.496,12.44],[-61.428,12.455]]]]},"properties":{"name":"Grenada","country_code":"GD"}},
{"type":"Feature","geometry":{"type":"MultiPolygon","coordinates":[[[[-61.194,13.037],[-61.249,13.016],[-61.242,12.982],[-61.194,13.037]]],[[[-61.238,13.163],[-61.136,13.198],[-61.171,13.38],[-61.268,13.266],[-61.271,13.187],[-61.238,13.163]]]]},"properties":{"name":"Saint Vincent and the Grenadines","country_code":"VC"}},
{"type":"Feature","geometry":{"type":"Polygon","coordinates":[[[-59.546,13.244],[-59.569,13.29],[-59.576,13.304],[-59.631,13.338],[-59.653,13.274],[-59.651,13.239],[-59.641,13.142],[-59.6,13.084],[-59.476,13.086],[-59.468,13.187],[-59.518,13.218],[-59.546,13.244]]]},"properties":{"name":"Barbados","country_code":"BB"}},
{"type":"Feature","geometry":{"type":"Polygon","coordinates":[[[-60.98,14.044],[-61.027,13.987],[-61.067,13.909],[-61.068,13.792],[-61.019,13.756],[-60.967,13.731],[-60.918,13.774],[-60.892,13.833],[-60.89,13.908],[-60.883,13.981],[-60.901,14.073],[-60.98,14.044]]]},"properties":{"name":"Saint Lucia","country_code":"LC"}},
{"type":"Feature","geometry":{"type":"Polygon","coordinates":[[[-61.254,15.333],[-61.269,15.51],[-61.449,15.633],[-61.484,15.53],[-61.455,15.466],[-61.416,15.39],[-61.394,15.314],[-61.373,15.26],[-61.373,15.237],[-61.346,15.212],[-61.254,15.333]]]},"properties":{"name":"Dominica","country_code":"DM"}},
{"type":"Feature","geometry":{"type":"MultiPolygon","coordinates":[[[[-169.532,16.733],[-169.542,16.722],[-169.522,16.732],[-169.532,16.733]]],[[[-160.03,-0.376],[-160.025,-0.389],[-160.009,-0.372],[-160.03,-0.376]]],[[[-176.486,0.197],[-176.479,0.19],[-176.477,0.197],[-176.486,0.197]]],[[[-176.636,0.79],[-176.636,0.803],[-176.64,0.802],[-176.636,0.79]]],[[[166.619,19.282],[166.652,19.284],[166.635,19.306],[166.638,19.286],[166.619,19.282]]],[[[-177.358,28.214],[-177.378,28.213],[-177.39,28.198],[-177.358,28.214]]],[[[-75.024,18.417],[-75.018,18.397],[-75.007,18.415],[-75.024,18.417]]],[[[-162.061,5.887],[-162.091,5.872],[-162.061,5.873],[-162.061,5.887]]]]},"properties":{"name":"United States Minor Outlying Islands","country_code":"UM"}},
{"type":"Feature","geometry":{"type":"Polygon","coordinates":[[[-62.225,16.748],[-62.151,16.72],[-62.17,16.777],[-62.225,16.748]]]},"properties":{"name":"Montserrat","country_code":"MS"}},
{"type":"Feature","geometry":{"type":"MultiPolygon","coordinates":[[[[-61.726,17.038],[-61.715,17.093],[-61.756,17.114],[-61.793,17.165],[-61.866,17.087],[-61.804,17.007],[-61.726,17.038]]],[[[-61.839,17.593],[-61.754,17.669],[-61.873,17.711],[-61.839,17.593]]],[[[-62.346,16.939],[-62.348,16.934],[-62.344,16.933],[-62.346,16.939]]]]},"properties":{"name":"Antigua and Barbuda","country_code":"AG"}},
{"type":"Feature","geometry":{"type":"MultiPolygon","coordinates":[[[[-62.622,17.128],[-62.566,17.101],[-62.537,17.138],[-62.613,17.189],[-62.626,17.141],[-62.622,17.128]]],[[[-62.857,17.38],[-62.832,17.33],[-62.772,17.298],[-62.724,17.292],[-62.681,17.299],[-62.704,17.342],[-62.731,17.365],[-62.769,17.387],[-62.822,17.41],[-62.857,17.38]]]]},"properties":{"name":"Saint Kitts and Nevis","country_code":"KN"}},
{"type":"Feature","geometry":{"type":"MultiPolygon","coordinates":[[[[-64.559,17.752],[-64.876,17.776],[-64.876,17.689],[-64.559,17.752]]],[[[-64.701,18.343],[-64.801,18.328],[-64.704,18.303],[-64.701,18.343]]],[[[-64.872,18.315],[-64.929,18.38],[-65.041,18.354],[-64.872,18.315]]]]},"properties":{"name":"United States Virgin Islands","country_code":"VI"}},
{"type":"Feature","geometry":{"type":"Polygon","coordinates":[[[-62.839,17.882],[-62.792,17.915],[-62.867,17.92],[-62.839,17.882]]]},"properties":{"name":"Saint Barthélemy","country_code":"BL"}},
{"type":"Feature","geometry":{"type":"Polygon","coordinates":[[[-65.629,18.279],[-65.629,18.391],[-66.122,18.473],[-67.102,18.523],[-67.269,18.369],[-67.112,17.95],[-66.469,17.993],[-66.196,17.928],[-65.83,18.027],[-65.629,18.279]]]},"properties":{"name":"Puerto Rico","country_code":"PR"}},
{"type":"Feature","geometry":{"type":"Polygon","coordinates":[[[-63.013,18.272],[-63.023,18.27],[-63.061,18.246],[-63.073,18.231],[-63.078,18.226],[-63.097,18.212],[-63.123,18.208],[-63.168,18.169],[-63.123,18.184],[-63.114,18.19],[-63.061,18.199],[-63.03,18.215],[-62.995,18.235],[-62.995,18.275],[-63.007,18.273],[-63.013,18.272]]]},"properties":{"name":"Anguilla","country_code":"AI"}},
{"type":"Feature","geometry":{"type":"Polygon","coordinates":[[[-64.635,18.406],[-64.527,18.449],[-64.662,18.44],[-64.635,18.406]]]},"properties":{"name":"British Virgin Islands","country_code":"VG"}},
{"type":"Feature","geometry":{"type":"Polygon","coordinates":[[[-77.465,18.476],[-77.736,18.507],[-78,18.447],[-78.346,18.298],[-77.965,18.051],[-77.565,17.857],[-77.395,17.853],[-77.216,17.717],[-77.135,17.885],[-76.85,17.992],[-76.812,17.972],[-76.727,17.954],[-76.657,17.93],[-76.307,17.87],[-76.257,17.996],[-76.351,18.156],[-76.701,18.267],[-77.07,18.413],[-77.465,18.476]]]},"properties":{"name":"Jamaica","country_code":"JM"}},
{"type":"Feature","geometry":{"type":"Polygon","coordinates":[[[-81.136,19.355],[-81.398,19.274],[-81.087,19.31],[-81.136,19.355]]]},"properties":{"name":"Cayman Islands","country_code":"KY"}},
{"type":"Feature","geometry":{"type":"Polygon","coordinates":[[[-64.705,32.336],[-64.714,32.329],[-64.731,32.323],[-64.743,32.322],[-64.748,32.317],[-64.78,32.303],[-64.795,32.29],[-64.784,32.291],[-64.779,32.291],[-64.797,32.279],[-64.833,32.26],[-64.863,32.269],[-64.88,32.305],[-64.88,32.266],[-64.815,32.254],[-64.788,32.265],[-64.761,32.286],[-64.738,32.302],[-64.707,32.321],[-64.698,32.326],[-64.695,32.34],[-64.708,32.352],[-64.656,32.35],[-64.676,32.389],[-64.722,32.353],[-64.705,32.336]]]},"properties":{"name":"Bermuda","country_code":"BM"}},
{"type":"Feature","geometry":{"type":"Polygon","coordinates":[[[73.735,-53.112],[73.353,-53.052],[73.473,-53.189],[73.735,-53.112]]]},"properties":{"name":"Heard Island and McDonald Islands","country_code":"HM"}},
{"type":"Feature","geometry":{"type":"MultiPolygon","coordinates":[[[[-9.926,-40.349],[-10.039,-40.339],[-9.925,-40.398],[-9.926,-40.349]]],[[[-5.722,-15.909],[-5.764,-16.016],[-5.663,-15.98],[-5.722,-15.909]]],[[[-14.356,-7.885],[-14.406,-7.974],[-14.295,-7.945],[-14.356,-7.885]]]]},"properties":{"name":"Saint Helena","country_code":"SH"}},
{"type":"Feature","geometry":{"type":"MultiPolygon","coordinates":[[[[57.58,-20],[57.494,-20.122],[57.464,-20.162],[57.399,-20.498],[57.631,-20.492],[57.778,-20.305],[57.734,-20.096],[57.58,-20]]],[[[56.524,-10.33],[56.569,-10.407],[56.536,-10.324],[56.524,-10.33]]],[[[63.476,-19.678],[63.335,-19.718],[63.366,-19.767],[63.476,-19.678]]]]},"properties":{"name":"Mauritius","country_code":"MU"}},
{"type":"Feature","geometry":{"type":"MultiPolygon","coordinates":[[[[43.789,-12.308],[43.636,-12.237],[43.681,-12.358],[43.789,-12.308]]],[[[44.529,-12.233],[44.484,-12.086],[44.206,-12.161],[44.511,-12.38],[44.529,-12.233]]],[[[43.467,-11.822],[43.399,-11.418],[43.277,-11.38],[43.263,-11.818],[43.467,-11.822]]]]},"properties":{"name":"Comoros","country_code":"KM"}},
{"type":"Feature","geometry":{"type":"MultiPolygon","coordinates":[[[[6.681,0.407],[6.462,0.222],[6.516,0.034],[6.74,0.219],[6.681,0.407]]],[[[7.463,1.675],[7.333,1.565],[7.401,1.531],[7.463,1.675]]]]},"properties":{"name":"São Tomé and Príncipe","country_code":"ST"}},
{"type":"Feature","geometry":{"type":"MultiPolygon","coordinates":[[[[-24.704,14.901],[-24.745,14.827],[-24.687,14.827],[-24.704,14.901]]],[[[-24.301,14.955],[-24.43,15.025],[-24.526,14.925],[-24.298,14.895],[-24.301,14.955]]],[[[-23.77,15.184],[-23.715,14.968],[-23.539,14.908],[-23.471,14.974],[-23.485,15.064],[-23.592,15.17],[-23.656,15.23],[-23.77,15.184]]],[[[-23.128,15.312],[-23.251,15.256],[-23.183,15.119],[-23.128,15.312]]],[[[-22.682,16.114],[-22.916,16.244],[-22.946,16.02],[-22.682,16.114]]],[[[-24.376,16.677],[-24.423,16.662],[-24.325,16.483],[-24.233,16.602],[-24.376,16.677]]],[[[-22.929,16.593],[-22.895,16.829],[-22.991,16.816],[-22.929,16.593]]],[[[-24.92,16.895],[-25.078,16.865],[-24.988,16.785],[-24.92,16.895]]],[[[-25.245,17.137],[-25.188,16.928],[-24.987,17.079],[-25.026,17.145],[-25.245,17.137]]]]},"properties":{"name":"Cape Verde","country_code":"CV"}},
{"type":"Feature","geometry":{"type":"MultiPolygon","coordinates":[[[[14.525,35.898],[14.514,35.901],[14.51,35.925],[14.501,35.93],[14.465,35.947],[14.438,35.963],[14.406,35.968],[14.341,35.926],[14.343,35.9],[14.365,35.864],[14.389,35.84],[14.429,35.823],[14.454,35.816],[14.498,35.809],[14.54,35.829],[14.566,35.842],[14.561,35.873],[14.556,35.879],[14.548,35.89],[14.525,35.898]]],[[[14.195,36.029],[14.21,36.023],[14.233,36.017],[14.274,36.016],[14.3,36.025],[14.32,36.046],[14.289,36.064],[14.272,36.071],[14.234,36.073],[14.213,36.07],[14.184,36.065],[14.195,36.029]]]]},"properties":{"name":"Malta","country_code":"MT"}},
{"type":"Feature","geometry":{"type":"Polygon","coordinates":[[[-2.083,49.26],[-2.234,49.185],[-2.025,49.171],[-2.083,49.26]]]},"properties":{"name":"Jersey","country_code":"JE"}},
{"type":"Feature","geometry":{"type":"Polygon","coordinates":[[[-2.58,49.494],[-2.669,49.431],[-2.534,49.436],[-2.58,49.494]]]},"properties":{"name":"Guernsey","country_code":"GG"}},
{"type":"Feature","geometry":{"type":"Polygon","coordinates":[[[-4.612,54.057],[-4.312,54.287],[-4.531,54.366],[-4.612,54.057]]]},"properties":{"name":"Isle of Man","country_code":"IM"}},
{"type":"Feature","geometry":{"type":"MultiPolygon","coordinates":[[[[20.278,60.142],[20.202,60.088],[20.266,60.06],[20.278,60.142]]],[[[19.639,60.221],[19.513,60.184],[19.565,60.13],[19.639,60.221]]],[[[20.428,60.266],[20.383,60.241],[20.393,60.197],[20.428,60.266]]],[[[20.819,60.232],[20.853,60.266],[20.787,60.286],[20.819,60.232]]],[[[19.91,60.101],[19.941,60.06],[19.966,60.091],[20.044,60.176],[19.847,60.178],[19.91,60.101]]],[[[20.984,59.943],[20.913,59.948],[20.983,59.922],[20.984,59.943]]],[[[20.281,59.977],[20.437,60.005],[20.339,60.02],[20.281,59.977]]],[[[20.683,60.131],[20.639,60.131],[20.672,60.109],[20.683,60.131]]],[[[20.034,60.064],[20.175,59.971],[20.163,60.088],[20.034,60.064]]],[[[21.089,60.48],[21.059,60.467],[21.078,60.449],[21.089,60.48]]]]},"properties":{"name":"Åland","country_code":"AX"}},
{"type":"Feature","geometry":{"type":"Polygon","coordinates":[[[-7.223,62.171],[-6.734,61.938],[-7.19,62.31],[-7.223,62.171]]]},"properties":{"name":"Faroe Islands","country_code":"FO"}},
{"type":"Feature","geometry":{"type":"MultiPolygon","coordinates":[[[[96.863,-12.182],[96.831,-12.18],[96.845,-12.198],[96.863,-12.182]]],[[[105.704,-10.431],[105.585,-10.516],[105.695,-10.565],[105.704,-10.431]]]]},"properties":{"name":"Indian Ocean Territories"}},
{"type":"Feature","geometry":{"type":"Polygon","coordinates":[[[72.468,-7.384],[72.433,-7.425],[72.433,-7.316],[72.371,-7.27],[72.379,-7.297],[72.426,-7.323],[72.433,-7.432],[72.468,-7.384]]]},"properties":{"name":"British Indian Ocean Territory","country_code":"IO"}},
{"type":"Feature","geometry":{"type":"Polygon","coordinates":[[[103.847,1.272],[103.898,1.305],[103.966,1.39],[103.909,1.413],[103.881,1.427],[103.762,1.431],[103.648,1.308],[103.847,1.272]]]},"properties":{"name":"Singapore","country_code":"SG"}},
{"type":"Feature","geometry":{"type":"Polygon","coordinates":[[[167.984,-29.018],[167.927,-28.997],[167.97,-29.069],[167.984,-29.018]]]},"properties":{"name":"Norfolk Island","country_code":"NF"}},
{"type":"Feature","geometry":{"type":"MultiPolygon","coordinates":[[[[-157.935,-21.878],[-157.953,-21.932],[-157.89,-21.915],[-157.935,-21.878]]],[[[-157.708,-19.767],[-157.74,-19.818],[-157.708,-19.841],[-157.708,-19.767]]],[[[-157.941,-8.981],[-158.003,-8.947],[-157.979,-8.976],[-157.941,-8.981]]],[[[-159.798,-21.186],[-159.846,-21.234],[-159.743,-21.254],[-159.798,-21.186]]],[[[-157.313,-20.155],[-157.349,-20.143],[-157.34,-20.176],[-157.313,-20.155]]],[[[-158.078,-19.994],[-158.135,-19.976],[-158.115,-20.016],[-158.078,-19.994]]],[[[-158.925,-19.269],[-158.946,-19.242],[-158.95,-19.254],[-158.925,-19.269]]],[[[-165.825,-10.882],[-165.819,-10.892],[-165.808,-10.881],[-165.825,-10.882]]],[[[-160.986,-10.382],[-160.938,-10.423],[-160.98,-10.381],[-160.986,-10.382]]],[[[-161.088,-10.035],[-161.087,-10.045],[-161.07,-10.027],[-161.088,-10.035]]],[[[-159.785,-18.831],[-159.802,-18.866],[-159.776,-18.878],[-159.785,-18.831]]]]},"properties":{"name":"Cook Islands","country_code":"CK"}},
{"type":"Feature","geometry":{"type":"MultiPolygon","coordinates":[[[[178.43,-18.955],[177.951,-19.13],[178.497,-19.013],[178.43,-18.955]]],[[[177.783,-18.223],[178.168,-18.248],[178.664,-18.088],[178.573,-17.618],[178.448,-17.55],[178.19,-17.301],[177.515,-17.505],[177.252,-17.952],[177.336,-18.106],[177.783,-18.223]]],[[[180,-16.169],[180,-16.149],[179.471,-16.274],[179.404,-16.408],[178.965,-16.471],[178.704,-16.667],[178.572,-16.615],[178.705,-16.999],[179.266,-16.69],[179.297,-16.807],[179.565,-16.792],[179.849,-16.662],[179.939,-16.463],[179.548,-16.766],[179.489,-16.708],[180,-16.169]]],[[[177.125,-12.486],[177.06,-12.475],[177.011,-12.509],[177.125,-12.486]]]]},"properties":{"name":"Fiji","country_code":"FJ"}},
{"type":"Feature","geometry":{"type":"MultiPolygon","coordinates":[[[[-173.956,-18.567],[-174.072,-18.634],[-173.923,-18.637],[-173.956,-18.567]]],[[[-174.915,-21.292],[-174.984,-21.398],[-174.92,-21.454],[-174.915,-21.292]]],[[[-175.066,-21.124],[-175.365,-21.114],[-175.149,-21.268],[-175.066,-21.124]]],[[[-175.069,-19.712],[-175.099,-19.75],[-175.048,-19.781],[-175.069,-19.712]]],[[[-175.631,-15.56],[-175.686,-15.602],[-175.639,-15.624],[-175.631,-15.56]]]]},"properties":{"name":"Tonga","country_code":"TO"}},
{"type":"Feature","geometry":{"type":"MultiPolygon","coordinates":[[[[-178.127,-14.313],[-178.047,-14.319],[-178.131,-14.256],[-178.178,-14.233],[-178.127,-14.313]]],[[[-176.155,-13.209],[-176.2,-13.291],[-176.142,-13.336],[-176.155,-13.209]]]]},"properties":{"name":"Wallis and Futuna","country_code":"WF"}},
{"type":"Feature","geometry":{"type":"MultiPolygon","coordinates":[[[[-172.366,-13.463],[-172.639,-13.522],[-172.703,-13.617],[-172.609,-13.693],[-172.354,-13.784],[-172.318,-13.771],[-172.213,-13.801],[-172.223,-13.558],[-172.366,-13.463]]],[[[-171.854,-14.002],[-171.652,-14.045],[-171.469,-13.969],[-171.559,-13.925],[-171.568,-13.897],[-171.585,-13.884],[-171.65,-13.871],[-171.792,-13.817],[-171.815,-13.812],[-171.858,-13.806],[-171.993,-13.828],[-172.028,-13.841],[-172.056,-13.862],[-172.041,-13.915],[-171.876,-14.005],[-171.854,-14.002]]]]},"properties":{"name":"Samoa","country_code":"WS"}},
{"type":"Feature","geometry":{"type":"MultiPolygon","coordinates":[[[[160.504,-11.736],[160.003,-11.461],[160.024,-11.601],[160.504,-11.736]]],[[[162.375,-10.824],[162.114,-10.456],[161.836,-10.447],[161.396,-10.204],[161.637,-10.631],[162.101,-10.821],[162.375,-10.824]]],[[[166.148,-10.694],[165.878,-10.657],[165.862,-10.869],[166.148,-10.694]]],[[[161.395,-9.413],[161.395,-9.649],[161.559,-9.789],[161.395,-9.413]]],[[[161.361,-9.618],[161.169,-8.975],[160.947,-8.814],[160.997,-8.604],[160.747,-8.31],[160.594,-8.385],[160.868,-9.152],[161.361,-9.618]]],[[[159.94,-9.433],[159.709,-9.248],[159.599,-9.512],[159.836,-9.794],[160.32,-9.815],[160.645,-9.937],[160.785,-9.727],[160.366,-9.413],[160.028,-9.422],[159.94,-9.433]]],[[[160.097,-9.057],[160.264,-9.132],[160.295,-9.039],[160.097,-9.057]]],[[[158.057,-8.528],[157.879,-8.683],[158.106,-8.691],[158.057,-8.528]]],[[[157.797,-8.562],[157.903,-8.499],[157.503,-7.96],[157.228,-8.317],[157.567,-8.276],[157.797,-8.562]]],[[[157.105,-8.125],[157.091,-7.851],[156.947,-7.98],[157.105,-8.125]]],[[[156.807,-7.72],[156.504,-7.63],[156.66,-7.939],[156.807,-7.72]]],[[[159.859,-8.511],[159.842,-8.326],[159.432,-8.032],[159.127,-7.92],[158.752,-7.593],[158.452,-7.532],[158.846,-7.973],[159.859,-8.511]]],[[[157.53,-7.333],[157.153,-7.124],[157.043,-6.897],[156.488,-6.603],[156.461,-6.733],[157.104,-7.332],[157.442,-7.414],[157.53,-7.333]]]]},"properties":{"name":"Solomon Islands","country_code":"SB"}},
{"type":"Feature","geometry":{"type":"Polygon","coordinates":[[[179.191,-8.542],[179.218,-8.521],[179.199,-8.461],[179.204,-8.519],[179.191,-8.542]]]},"properties":{"name":"Tuvalu","country_code":"TV"}},
{"type":"Feature","geometry":{"type":"MultiPolygon","coordinates":[[[[73.098,-0.6],[73.111,-0.641],[73.112,-0.617],[73.098,-0.6]]],[[[73.435,-0.284],[73.435,-0.294],[73.445,-0.304],[73.435,-0.284]]],[[[73.095,0.228],[73.099,0.216],[73.104,0.22],[73.095,0.228]]],[[[73.513,0.388],[73.507,0.388],[73.509,0.381],[73.513,0.388]]],[[[72.928,3.552],[72.92,3.552],[72.912,3.542],[72.928,3.552]]],[[[73.477,3.942],[73.469,3.937],[73.47,3.935],[73.477,3.942]]],[[[72.957,4.438],[72.943,4.432],[72.956,4.422],[72.957,4.438]]],[[[72.979,4.895],[72.973,4.894],[72.969,4.881],[72.979,4.895]]],[[[73.63,5.419],[73.632,5.386],[73.637,5.403],[73.63,5.419]]],[[[72.932,5.969],[72.926,5.963],[72.93,5.957],[72.932,5.969]]],[[[73.242,6.24],[73.236,6.232],[73.244,6.232],[73.242,6.24]]],[[[73.553,1.932],[73.541,1.892],[73.549,1.911],[73.553,1.932]]],[[[73.354,2.437],[73.363,2.385],[73.366,2.412],[73.354,2.437]]],[[[73.022,2.742],[73.028,2.738],[73.032,2.745],[73.022,2.742]]],[[[73.399,2.786],[73.392,2.781],[73.391,2.775],[73.399,2.786]]],[[[73.032,3.253],[73.029,3.247],[73.036,3.248],[73.032,3.253]]],[[[73.748,3.451],[73.749,3.448],[73.753,3.446],[73.748,3.451]]],[[[73.546,4.243],[73.512,4.186],[73.432,4.19],[73.511,4.162],[73.546,4.243]]],[[[73.393,5.738],[73.383,5.722],[73.381,5.715],[73.393,5.738]]],[[[73.16,6.787],[73.136,6.741],[73.145,6.736],[73.16,6.787]]],[[[73.214,6.919],[73.205,6.912],[73.204,6.885],[73.214,6.919]]]]},"properties":{"name":"Maldives","country_code":"MV"}},
{"type":"Feature","geometry":{"type":"Polygon","coordinates":[[[166.931,-0.493],[166.925,-0.496],[166.918,-0.498],[166.913,-0.5],[166.91,-0.512],[166.907,-0.525],[166.912,-0.537],[166.916,-0.548],[166.933,-0.551],[166.953,-0.533],[166.957,-0.511],[166.956,-0.498],[166.939,-0.49],[166.931,-0.493]]]},"properties":{"name":"Nauru","country_code":"NR"}},
{"type":"Feature","geometry":{"type":"MultiPolygon","coordinates":[[[[163.026,5.341],[162.916,5.287],[163.019,5.273],[163.026,5.341]]],[[[158.291,6.938],[158.126,6.907],[158.292,6.795],[158.291,6.938]]],[[[151.589,7.384],[151.645,7.336],[151.65,7.369],[151.589,7.384]]],[[[138.192,9.576],[138.134,9.512],[138.189,9.507],[138.192,9.576]]]]},"properties":{"name":"Federated States of Micronesia","country_code":"FM"}},
{"type":"Feature","geometry":{"type":"Polygon","coordinates":[[[-35.909,-54.687],[-35.887,-54.551],[-36.676,-54.249],[-36.655,-54.106],[-37.464,-54.03],[-37.153,-54.258],[-36.463,-54.538],[-36.102,-54.887],[-35.909,-54.687]]]},"properties":{"name":"South Georgia and the South Sandwich Islands","country_code":"GS"}},
{"type":"Feature","geometry":{"type":"MultiPolygon","coordinates":[[[[-59.632,-51.741],[-59.393,-51.433],[-60.017,-51.375],[-60.49,-51.526],[-60.532,-52],[-61.037,-52.047],[-60.593,-52.237],[-60.287,-52.013],[-59.872,-51.949],[-59.632,-51.741]]],[[[-57.816,-51.694],[-57.906,-51.377],[-58.359,-51.505],[-58.481,-51.301],[-58.942,-51.279],[-59.168,-51.574],[-58.991,-51.647],[-59.471,-51.838],[-59.714,-52.119],[-59.393,-52.31],[-59.2,-52.008],[-58.641,-52.108],[-58.758,-51.891],[-57.816,-51.694]]]]},"properties":{"name":"Falkland Islands","country_code":"FK"}},
{"type":"Feature","geometry":{"type":"MultiPolygon","coordinates":[[[[169.433,-19.493],[169.337,-19.315],[169.219,-19.49],[169.433,-19.493]]],[[[169.337,-18.935],[169.152,-18.636],[168.987,-18.877],[169.337,-18.935]]],[[[168.55,-17.691],[168.267,-17.559],[168.175,-17.741],[168.396,-17.823],[168.55,-17.691]]],[[[168.192,-16.814],[168.481,-16.8],[168.144,-16.573],[168.192,-16.814]]],[[[168.182,-16.348],[168.321,-16.283],[168.172,-16.08],[167.921,-16.259],[168.182,-16.348]]],[[[167.813,-16.42],[167.185,-15.891],[167.501,-16.587],[167.813,-16.42]]],[[[167.141,-15.536],[167.233,-15.524],[167.054,-14.96],[166.802,-15.152],[166.61,-14.635],[166.523,-14.832],[166.616,-15.385],[166.793,-15.656],[167.141,-15.536]]],[[[168.186,-15.518],[168.12,-15.663],[168.268,-15.949],[168.186,-15.518]]],[[[167.453,-13.919],[167.581,-13.849],[167.489,-13.708],[167.453,-13.919]]]]},"properties":{"name":"Vanuatu","country_code":"VU"}},
{"type":"Feature","geometry":{"type":"Polygon","coordinates":[[[-169.851,-18.965],[-169.95,-19.087],[-169.783,-19.069],[-169.851,-18.965]]]},"properties":{"name":"Niue","country_code":"NU"}},
{"type":"Feature","geometry":{"type":"MultiPolygon","coordinates":[[[[-170.693,-14.315],[-170.584,-14.278],[-170.722,-14.289],[-170.831,-14.319],[-170.749,-14.375],[-170.693,-14.315]]],[[[-169.464,-14.223],[-169.543,-14.237],[-169.523,-14.271],[-169.464,-14.223]]],[[[-168.162,-14.533],[-168.16,-14.521],[-168.173,-14.524],[-168.162,-14.533]]],[[[-171.073,-11.053],[-171.086,-11.051],[-171.082,-11.066],[-171.073,-11.053]]]]},"properties":{"name":"American Samoa","country_code":"AS"}},
{"type":"Feature","geometry":{"type":"MultiPolygon","coordinates":[[[[134.271,7.075],[134.234,6.984],[134.285,7.055],[134.271,7.075]]],[[[134.464,7.294],[134.383,7.238],[134.464,7.264],[134.464,7.294]]],[[[134.528,7.516],[134.488,7.47],[134.511,7.404],[134.594,7.421],[134.628,7.489],[134.626,7.531],[134.658,7.591],[134.66,7.686],[134.625,7.734],[134.635,7.684],[134.623,7.626],[134.547,7.58],[134.528,7.516]]],[[[131.142,3.047],[131.138,3.019],[131.18,3.033],[131.142,3.047]]],[[[132.22,5.292],[132.227,5.304],[132.214,5.307],[132.22,5.292]]],[[[134.16,6.884],[134.173,6.925],[134.14,6.934],[134.16,6.884]]],[[[134.71,8.097],[134.701,8.05],[134.727,8.083],[134.71,8.097]]]]},"properties":{"name":"Palau","country_code":"PW"}},
{"type":"Feature","geometry":{"type":"Polygon","coordinates":[[[144.886,13.64],[144.654,13.439],[144.681,13.247],[144.952,13.587],[144.886,13.64]]]},"properties":{"name":"Guam","country_code":"GU"}},
{"type":"Feature","geometry":{"type":"MultiPolygon","coordinates":[[[[145.206,14.181],[145.126,14.123],[145.21,14.111],[145.206,14.181]]],[[[145.647,15.072],[145.578,15.017],[145.606,14.928],[145.647,15.072]]],[[[145.788,15.267],[145.698,15.203],[145.753,15.096],[145.788,15.267]]],[[[145.771,18.175],[145.719,18.054],[145.836,18.128],[145.771,18.175]]]]},"properties":{"name":"Northern Mariana Islands","country_code":"MP"}},
{"type":"Feature","geometry":{"type":"MultiPolygon","coordinates":[[[[50.504,26.242],[50.491,26.048],[50.616,26.096],[50.552,26.194],[50.587,26.242],[50.504,26.242]]],[[[50.602,26.279],[50.674,26.203],[50.655,26.277],[50.602,26.279]]]]},"properties":{"name":"Bahrain","country_code":"BH"}},
{"type":"Feature","geometry":{"type":"Polygon","coordinates":[[[150.009,-16.134],[149.998,-16.135],[150.007,-16.137],[150.009,-16.134]]]},"properties":{"name":"Coral Sea Islands"}},
{"type":"Feature","geometry":{"type":"Polygon","coordinates":[[[-172.486,-8.565],[-172.483,-8.563],[-172.503,-8.543],[-172.486,-8.565]]]},"properties":{"name":"New Zealand","country_code":"TK"}},
{"type":"Feature","geometry":{"type":"Polygon","coordinates":[[[115.831,10.735],[115.815,10.734],[115.818,10.721],[115.831,10.735]]]},"properties":{"name":"Spratly Is."}},
{"type":"Feature","geometry":{"type":"Polygon","coordinates":[[[-109.212,10.303],[-109.234,10.308],[-109.219,10.282],[-109.212,10.303]]]},"properties":{"name":"Clipperton Island"}},
{"type":"Feature","geometry":{"type":"Polygon","coordinates":[[[113.559,22.163],[113.547,22.105],[113.586,22.132],[113.559,22.163]]]},"properties":{"name":"Macau","country_code":"MO"}}
]}